season,week,game_id,play_id,defteam,player_name,player_id,event_type,down,ydstogo,yds_gained,first_down,epa
2024,1,2024_01_CAR_NO,2893.0,NO,D.Davis,00-0029607,sack,2.0,3.0,,0.0,-1.0181356787797995
2024,1,2024_01_DAL_CLE,2718.0,DAL,E.Kendricks,00-0031554,sack,1.0,10.0,,0.0,-0.5270569268614054
2024,1,2024_01_DAL_CLE,3179.0,DAL,E.Kendricks,00-0031554,sack,3.0,6.0,,0.0,-1.9312748599331826
2024,1,2024_01_DAL_CLE,3434.0,DAL,D.Overshown,00-0038556,sack,4.0,6.0,,0.0,-2.9401778478641063
2024,1,2024_01_GB_PHI,378.0,PHI,Z.Baun,00-0036418,sack,1.0,10.0,,1.0,0.44520389096578583
2024,1,2024_01_GB_PHI,4681.0,PHI,Z.Baun,00-0036418,sack,3.0,6.0,,0.0,-0.32942568871658295
2024,1,2024_01_WAS_TB,3251.0,TB,S.Dennis,00-0039049,sack,2.0,7.0,,0.0,-2.0757046265061945
2024,2,2024_02_CHI_HOU,1498.0,CHI,T.Edmunds,00-0034673,sack,3.0,4.0,,0.0,-1.4944556332193315
2024,2,2024_02_CHI_HOU,2799.0,HOU,A.Al-Shaair,00-0035166,sack,1.0,15.0,,0.0,-0.5469667264260352
2024,2,2024_02_CHI_HOU,3575.0,CHI,J.Sanborn,00-0037109,sack,2.0,9.0,,0.0,-1.6419669677270576
2024,2,2024_02_CHI_HOU,4157.0,HOU,H.To'oTo'o,00-0038599,sack,1.0,10.0,,0.0,-0.6507410047343001
2024,2,2024_02_CLE_JAX,2034.0,CLE,J.Hicks,00-0032129,sack,2.0,12.0,,0.0,-1.2439312716014683
2024,2,2024_02_CLE_JAX,2924.0,JAX,F.Oluokun,00-0034413,sack,2.0,7.0,,0.0,-1.8964544436894357
2024,2,2024_02_LAC_CAR,644.0,LAC,D.Perryman,00-0032103,sack,3.0,5.0,,0.0,-2.678780718706548
2024,2,2024_02_LA_ARI,2360.0,ARI,K.Barnes,00-0035961,sack,3.0,1.0,,0.0,-2.211064036935568
2024,2,2024_02_NYG_WAS,306.0,NYG,B.Okereke,00-0035687,sack,2.0,7.0,,0.0,-1.2457380596315488
2024,2,2024_02_NYG_WAS,2340.0,NYG,M.McFadden,00-0037259,sack,2.0,8.0,,0.0,-0.7953980258316733
2024,2,2024_02_SF_MIN,2740.0,MIN,B.Cashman,00-0035276,sack,2.0,9.0,,0.0,-1.7617854811251163
2024,2,2024_02_SF_MIN,3438.0,SF,F.Warner,00-0034815,sack,2.0,7.0,,0.0,-0.7095695917960256
2024,3,2024_03_CAR_LV,1046.0,LV,R.Spillane,00-0034720,sack,2.0,8.0,,0.0,-1.4165781196206808
2024,3,2024_03_DET_ARI,1245.0,ARI,Ma.Wilson,00-0035144,sack,3.0,3.0,,0.0,-2.160580792929977
2024,3,2024_03_GB_TEN,1197.0,TEN,K.Murray,00-0036441,sack,2.0,3.0,,0.0,-2.3225944978185
2024,3,2024_03_GB_TEN,1437.0,TEN,K.Murray,00-0036441,sack,2.0,14.0,,0.0,-0.5822610480245203
2024,3,2024_03_LAC_PIT,2494.0,PIT,E.Roberts,00-0032442,sack,1.0,10.0,,0.0,-1.4482398377731442
2024,3,2024_03_MIA_SEA,2437.0,SEA,T.Dodson,00-0035352,sack,3.0,2.0,,0.0,-2.5256312689743936
2024,4,2024_04_BUF_BAL,2383.0,BUF,B.Spector,00-0037318,sack,3.0,11.0,,0.0,-1.439660947304219
2024,4,2024_04_DEN_NYJ,56.0,DEN,J.Strnad,00-0036428,sack,1.0,10.0,,0.0,-1.7426093420945108
2024,4,2024_04_MIN_GB,3066.0,GB,Q.Walker,00-0037074,sack,2.0,12.0,,0.0,-1.9132083512376994
2024,4,2024_04_PHI_TB,3210.0,TB,L.David,00-0029562,sack,1.0,10.0,,0.0,-5.657360352459364
2024,4,2024_04_PHI_TB,3685.0,TB,L.David,00-0029562,sack,2.0,10.0,,0.0,-1.6774643980897963
2024,4,2024_04_SEA_DET,1722.0,DET,M.Rodriguez,00-0037289,sack,1.0,10.0,,0.0,-1.1715331472223625
2024,4,2024_04_TEN_MIA,2504.0,MIA,J.Brooks,00-0036409,sack,3.0,5.0,,0.0,-1.9393649348057806
2024,5,2024_05_ARI_SF,383.0,ARI,K.Barnes,00-0035961,sack,3.0,6.0,,0.0,-1.5138686692492365
2024,5,2024_05_CLE_WAS,1192.0,WAS,F.Luvu,00-0034302,sack,3.0,15.0,,0.0,-1.2050027834142782
2024,5,2024_05_CLE_WAS,3189.0,WAS,B.Wagner,00-0029255,sack,2.0,2.0,,0.0,-6.1155586475506425
2024,5,2024_05_CLE_WAS,3681.0,WAS,F.Luvu,00-0034302,sack,1.0,10.0,,0.0,-1.5045075402595103
2024,5,2024_05_GB_LA,1595.0,GB,E.Cooper,00-0039850,sack,3.0,16.0,,0.0,-1.9787187274778262
2024,5,2024_05_NYG_SEA,2683.0,SEA,T.Dodson,00-0035352,sack,1.0,10.0,,0.0,-0.8755584550672211
2024,5,2024_05_NYG_SEA,3372.0,SEA,J.Baker,00-0034797,sack,3.0,4.0,,0.0,-1.471758246421814
2024,5,2024_05_NYJ_MIN,3520.0,MIN,I.Pace,00-0038807,sack,2.0,7.0,,0.0,-1.4791631561238319
2024,6,2024_06_DET_DAL,2705.0,DET,T.Nowaske,00-0038660,sack,2.0,10.0,,0.0,-1.177782544400543
2024,6,2024_06_JAX_CHI,4298.0,CHI,A.Ogbongbemiga,00-0036716,sack,3.0,4.0,,0.0,-1.4287837033625692
2024,6,2024_06_LAC_DEN,3527.0,DEN,J.Strnad,00-0036428,sack,3.0,9.0,,0.0,-1.029238267801702
2024,6,2024_06_PIT_LV,1420.0,LV,D.Deablo,00-0036990,sack,2.0,10.0,,0.0,-2.2473159845685586
2024,6,2024_06_TB_NO,3812.0,NO,W.Gay,00-0036362,sack,2.0,1.0,,0.0,-2.089549786876887
2024,6,2024_06_TB_NO,4264.0,TB,L.David,00-0029562,sack,1.0,10.0,,0.0,-1.440463179256767
2024,7,2024_07_CAR_WAS,995.0,WAS,F.Luvu,00-0034302,sack,3.0,5.0,,0.0,-1.5382974564563483
2024,7,2024_07_DEN_NO,697.0,DEN,C.Barton,00-0035672,sack,1.0,10.0,,0.0,-5.421116031007841
2024,7,2024_07_DEN_NO,3995.0,DEN,J.Strnad,00-0036428,sack,1.0,10.0,,0.0,-0.45463219546945766
2024,7,2024_07_DET_MIN,343.0,MIN,I.Pace,00-0038807,sack,3.0,3.0,,0.0,-1.7548433607444167
2024,7,2024_07_DET_MIN,3481.0,DET,J.Campbell,00-0039018,sack,2.0,7.0,,0.0,-0.6190136192599311
2024,7,2024_07_DET_MIN,3510.0,DET,M.Rodriguez,00-0037289,sack,3.0,7.0,,0.0,-1.3753667719119838
2024,7,2024_07_DET_MIN,4170.0,DET,T.Nowaske,00-0038660,sack,1.0,15.0,,0.0,-0.19234256143681705
2024,7,2024_07_HOU_GB,2181.0,GB,Er.Wilson,00-0033336,sack,3.0,5.0,,0.0,-2.1082220706157386
2024,7,2024_07_HOU_GB,2878.0,GB,Er.Wilson,00-0033336,sack,3.0,8.0,,0.0,-2.168531358940527
2024,7,2024_07_MIA_IND,595.0,IND,J.Carlies,00-0039377,sack,2.0,2.0,,0.0,-2.02046872273786
2024,7,2024_07_NE_JAX,321.0,JAX,D.Lloyd,00-0037244,sack,1.0,10.0,,0.0,-1.1686860966729
2024,7,2024_07_PHI_NYG,1030.0,PHI,N.Dean,00-0037615,sack,1.0,10.0,,0.0,-1.4188670204021037
2024,7,2024_07_PHI_NYG,2998.0,PHI,N.Dean,00-0037615,sack,3.0,7.0,,0.0,-2.4163666123058647
2024,8,2024_08_CHI_WAS,2292.0,CHI,T.Edwards,00-0035386,sack,1.0,10.0,,0.0,-1.3455405582208186
2024,8,2024_08_DAL_SF,4192.0,DAL,D.Overshown,00-0038556,sack,2.0,3.0,,0.0,-1.295311348279938
2024,8,2024_08_GB_JAX,3164.0,GB,E.Cooper,00-0039850,sack,3.0,7.0,,0.0,-5.052072944294196
2024,8,2024_08_KC_LV,890.0,KC,D.Tranquill,00-0035262,sack,1.0,10.0,,0.0,-1.182991661131382
2024,8,2024_08_NYJ_NE,3013.0,NE,C.Elliss,00-0036813,sack,3.0,7.0,,0.0,-1.45119202436012
2024,8,2024_08_TEN_DET,1697.0,DET,A.Anzalone,00-0033914,sack,1.0,10.0,,0.0,-1.398049169452861
2024,9,2024_09_DAL_ATL,2874.0,ATL,K.Elliss,00-0035316,sack,1.0,20.0,,0.0,-0.5907932182308286
2024,9,2024_09_DEN_BAL,3537.0,BAL,T.Simpson,00-0038504,sack,3.0,1.0,,0.0,-2.954899138014298
2024,9,2024_09_DEN_BAL,3887.0,BAL,M.Harrison,00-0036280,sack,2.0,3.0,,0.0,-1.9373131901666056
2024,9,2024_09_HOU_NYJ,2870.0,NYJ,J.Sherwood,00-0036500,sack,3.0,11.0,,0.0,-2.1185482380318663
2024,9,2024_09_HOU_NYJ,3495.0,NYJ,J.Sherwood,00-0036500,sack,3.0,1.0,,0.0,-1.1021899900515564
2024,9,2024_09_LAC_CLE,2012.0,CLE,D.Bush,00-0035525,sack,1.0,10.0,,0.0,-0.57358337106416
2024,10,2024_10_DEN_KC,3000.0,KC,N.Bolton,00-0036621,sack,3.0,11.0,,0.0,-1.8778434644918889
2024,10,2024_10_MIN_JAX,1810.0,MIN,B.Cashman,00-0035276,sack,2.0,9.0,,0.0,-1.3288256629602984
2024,10,2024_10_MIN_JAX,1995.0,MIN,I.Pace,00-0038807,sack,1.0,10.0,,0.0,-0.44285633269464597
2024,10,2024_10_NE_CHI,3985.0,NE,J.Tavai,00-0035240,sack,1.0,10.0,,0.0,-1.0484445036854595
2024,10,2024_10_NYJ_ARI,1489.0,NYJ,Qi.Williams,00-0035680,sack,1.0,10.0,,0.0,-1.5055453915847465
2024,10,2024_10_PHI_DAL,298.0,DAL,D.Overshown,00-0038556,sack,2.0,20.0,,0.0,-1.817706503206864
2024,10,2024_10_PHI_DAL,1222.0,DAL,D.Overshown,00-0038556,sack,2.0,9.0,,0.0,-1.9838400960434228
2024,10,2024_10_PIT_WAS,645.0,WAS,F.Luvu,00-0034302,sack,1.0,10.0,,0.0,-1.4797709193080664
2024,10,2024_10_TEN_LAC,753.0,LAC,D.Henley,00-0038553,sack,2.0,7.0,,0.0,-0.867168405558914
2024,11,2024_11_KC_BUF,430.0,BUF,T.Bernard,00-0037254,sack,3.0,5.0,,0.0,-1.7668744884431362
2024,11,2024_11_MIN_TEN,214.0,MIN,B.Cashman,00-0035276,sack,3.0,6.0,,0.0,-2.225630722241476
2024,11,2024_11_MIN_TEN,2363.0,TEN,K.Murray,00-0036441,sack,3.0,5.0,,0.0,-1.3917840924113989
2024,11,2024_11_WAS_PHI,595.0,WAS,F.Luvu,00-0034302,sack,3.0,8.0,,0.0,-1.4036360322497785
2024,11,2024_11_WAS_PHI,1087.0,WAS,F.Luvu,00-0034302,sack,1.0,10.0,,0.0,-1.7927027267869562
2024,12,2024_12_ARI_SEA,134.0,SEA,T.Knight,00-0039815,sack,3.0,14.0,,0.0,-1.1702457726933062
2024,12,2024_12_DAL_WAS,1966.0,DAL,D.Overshown,00-0038556,sack,2.0,8.0,,0.0,-0.4277100505423732
2024,12,2024_12_DET_IND,1757.0,IND,Z.Franklin,00-0034431,sack,1.0,10.0,,0.0,-0.5238925551529974
2024,12,2024_12_KC_CAR,3999.0,CAR,J.Jewell,00-0034368,sack,2.0,6.0,,0.0,-1.1812510505551472
2024,12,2024_12_PHI_LA,2007.0,PHI,N.Dean,00-0037615,sack,2.0,5.0,,0.0,-0.8662371026584879
2024,12,2024_12_PIT_CLE,481.0,CLE,J.Hicks,00-0032129,sack,2.0,4.0,,0.0,-1.332951286341995
2024,12,2024_12_TEN_HOU,1894.0,HOU,A.Al-Shaair,00-0035166,sack,3.0,9.0,,0.0,-1.6449687816784717
2024,13,2024_13_ARI_MIN,1048.0,ARI,K.White,00-0034375,sack,3.0,4.0,,0.0,-2.346699185669422
2024,13,2024_13_ARI_MIN,1666.0,ARI,Ma.Wilson,00-0035144,sack,3.0,6.0,,0.0,-1.666657134200783
2024,13,2024_13_ARI_MIN,2650.0,ARI,Ma.Wilson,00-0035144,sack,2.0,9.0,,0.0,-1.643173111602664
2024,13,2024_13_IND_NE,2056.0,IND,Z.Franklin,00-0034431,sack,3.0,3.0,,0.0,-1.1776685692417561
2024,13,2024_13_LAC_ATL,753.0,ATL,K.Elliss,00-0035316,sack,2.0,8.0,,0.0,-1.676485046686139
2024,13,2024_13_MIA_GB,3421.0,GB,Q.Walker,00-0037074,sack,4.0,1.0,,0.0,-4.405671307700686
2024,13,2024_13_NYG_DAL,2737.0,DAL,E.Kendricks,00-0031554,sack,3.0,2.0,,0.0,-4.844156050821766
2024,13,2024_13_SEA_NYJ,2822.0,NYJ,Qi.Williams,00-0035680,sack,4.0,1.0,,0.0,-5.3412392772734165
2024,13,2024_13_TB_CAR,3139.0,CAR,J.Jewell,00-0034368,sack,3.0,9.0,,0.0,-1.8438589675351977
2024,13,2024_13_TB_CAR,4814.0,CAR,T.Wallace,00-0039347,sack,2.0,6.0,,0.0,-1.7987902954919264
2024,13,2024_13_TEN_WAS,2016.0,WAS,F.Luvu,00-0034302,sack,1.0,10.0,,0.0,-0.687746005714871
2024,14,2024_14_ATL_MIN,2342.0,ATL,K.Elliss,00-0035316,sack,2.0,14.0,,0.0,-1.611570900771767
2024,14,2024_14_CAR_PHI,333.0,CAR,J.Jewell,00-0034368,sack,1.0,10.0,,0.0,-1.407646840205416
2024,14,2024_14_CAR_PHI,646.0,PHI,Z.Baun,00-0036418,sack,3.0,7.0,,0.0,-2.174633565591648
2024,14,2024_14_CHI_SF,946.0,CHI,T.Edwards,00-0035386,sack,1.0,10.0,,0.0,-1.2257238591555506
2024,14,2024_14_CIN_DAL,4098.0,DAL,M.Liufau,00-0039352,sack,3.0,19.0,,0.0,-1.4373867148533463
2024,14,2024_14_LAC_KC,3496.0,KC,N.Bolton,00-0036621,sack,1.0,10.0,,0.0,-1.4009375830646604
2024,14,2024_14_LV_TB,498.0,TB,L.David,00-0029562,sack,3.0,10.0,,0.0,-1.9084393784869462
2024,14,2024_14_NYJ_MIA,3049.0,MIA,J.Brooks,00-0036409,sack,3.0,4.0,,0.0,-1.439967658599869
2024,15,2024_15_ATL_LV,250.0,ATL,K.Elliss,00-0035316,sack,1.0,10.0,,0.0,-1.5676263889763504
2024,15,2024_15_BAL_NYG,299.0,NYG,M.McFadden,00-0037259,sack,1.0,10.0,,0.0,-0.5140079252887517
2024,15,2024_15_BAL_NYG,3869.0,BAL,M.Harrison,00-0036280,sack,2.0,10.0,,0.0,-0.703106677159667
2024,15,2024_15_CHI_MIN,4130.0,CHI,T.Edwards,00-0035386,sack,3.0,8.0,,0.0,-2.6150516658090055
2024,15,2024_15_GB_SEA,423.0,GB,E.Cooper,00-0039850,sack,3.0,4.0,,0.0,-2.5452294726856053
2024,15,2024_15_LA_SF,3818.0,LA,C.Rozeboom,00-0035942,sack,2.0,10.0,,0.0,-0.33015788276679814
2024,15,2024_15_MIA_HOU,2010.0,MIA,A.Walker,00-0033570,sack,1.0,5.0,,0.0,-0.8386295677046292
2024,15,2024_15_TB_LAC,1106.0,TB,L.David,00-0029562,sack,1.0,10.0,,0.0,-1.813194649410434
2024,15,2024_15_TB_LAC,1734.0,LAC,T.Dye,00-0036338,sack,2.0,1.0,,0.0,-1.1755636519519612
2024,15,2024_15_WAS_NO,1172.0,NO,W.Gay,00-0036362,sack,1.0,10.0,,0.0,-0.5093867147807032
2024,15,2024_15_WAS_NO,1725.0,NO,D.Davis,00-0029607,sack,1.0,10.0,,0.0,-0.5773098869249225
2024,16,2024_16_ARI_CAR,3392.0,CAR,J.Windmon,00-0039457,sack,1.0,10.0,,0.0,-0.9573006450664252
2024,16,2024_16_ARI_CAR,4389.0,ARI,K.White,00-0034375,sack,3.0,2.0,,0.0,-1.8802897257264704
2024,16,2024_16_HOU_KC,780.0,HOU,C.Harris,00-0037823,sack,2.0,5.0,,0.0,-1.9663230639416724
2024,16,2024_16_NYG_ATL,1853.0,ATL,K.Elliss,00-0035316,sack,1.0,10.0,,0.0,-5.407400845899247
2024,16,2024_16_SF_MIA,398.0,MIA,J.Brooks,00-0036409,sack,2.0,17.0,,0.0,-1.3781417957507074
2024,17,2024_17_ATL_WAS,784.0,ATL,J.Bertrand,00-0039370,sack,2.0,10.0,,0.0,-2.4015817381441593
2024,17,2024_17_BAL_HOU,2236.0,BAL,C.Board,00-0034787,sack,2.0,8.0,,0.0,-2.2261623735539615
2024,17,2024_17_BAL_HOU,2693.0,BAL,R.Smith,00-0034874,sack,1.0,10.0,,0.0,-0.4737142854137346
2024,17,2024_17_GB_MIN,3402.0,MIN,B.Cashman,00-0035276,sack,2.0,10.0,,0.0,-0.6618822407908738
2024,17,2024_17_LV_NO,2806.0,LV,R.Spillane,00-0034720,sack,3.0,10.0,,0.0,-2.2812110232189298
2024,17,2024_17_TEN_JAX,3150.0,TEN,J.Baker,00-0034797,sack,1.0,10.0,,0.0,-0.43422858067788184
2024,18,2024_18_CHI_GB,3290.0,CHI,T.Edwards,00-0035386,sack,2.0,4.0,,0.0,-1.4702258554752916
2024,18,2024_18_CIN_PIT,674.0,PIT,P.Queen,00-0036323,sack,3.0,6.0,,0.0,-1.5736911627508448
2024,18,2024_18_JAX_IND,512.0,JAX,D.Lloyd,00-0037244,sack,1.0,10.0,,0.0,-1.444727876689285
2024,18,2024_18_JAX_IND,4706.0,IND,Z.Franklin,00-0034431,sack,3.0,6.0,,0.0,-1.6888354662805796
2024,18,2024_18_NO_TB,3861.0,NO,N.Sewell,00-0037544,sack,1.0,10.0,,0.0,-0.9225973873399198
2024,19,2024_19_MIN_LA,2918.0,MIN,B.Cashman,00-0035276,sack,2.0,10.0,,0.0,-0.8696197343524545
2024,19,2024_19_WAS_TB,407.0,TB,L.David,00-0029562,sack,3.0,2.0,,0.0,-1.3255402295617387
2024,20,2024_20_LA_PHI,1936.0,LA,O.Speights,00-0039774,sack,2.0,8.0,,0.0,-2.414722587214783
2024,21,2024_21_WAS_PHI,1447.0,WAS,F.Luvu,00-0034302,sack,3.0,6.0,,0.0,-2.276058664130355
2024,22,2024_22_KC_PHI,3302.0,KC,D.Tranquill,00-0035262,sack,2.0,8.0,,0.0,-1.3824478001333773
2025,1,2025_01_ARI_NO,486.0,NO,P.Werner,00-0036927,sack,1.0,15.0,,0.0,-0.6539916452020407
2025,1,2025_01_HOU_LA,2599.0,HOU,H.To'oTo'o,00-0038599,sack,2.0,4.0,,0.0,-1.9983225935138762
2025,1,2025_01_KC_LAC,1613.0,LAC,D.Henley,00-0038553,sack,3.0,9.0,,0.0,-1.1660043532270556
2025,1,2025_01_KC_LAC,2769.0,KC,D.Tranquill,00-0035262,sack,2.0,7.0,,0.0,-1.9713412444107234
2025,1,2025_01_KC_LAC,3998.0,KC,D.Tranquill,00-0035262,sack,2.0,9.0,,0.0,-1.1980978278443217
2025,1,2025_01_PIT_NYJ,3529.0,NYJ,Qu.Williams,00-0035680,sack,3.0,15.0,,0.0,-1.2564662692602724
2025,1,2025_01_TEN_DEN,2978.0,DEN,J.Strnad,00-0036428,sack,1.0,10.0,,0.0,-1.065906795207411
2025,2,2025_02_CLE_BAL,3219.0,CLE,D.Bush,00-0035525,sack,1.0,10.0,,0.0,-1.523273168830201
2025,2,2025_02_DEN_IND,2880.0,DEN,J.Strnad,00-0036428,sack,2.0,11.0,,0.0,-1.4548436016775668
2025,2,2025_02_JAX_CIN,381.0,JAX,F.Oluokun,00-0034413,sack,3.0,9.0,,0.0,-2.2094448329880834
2025,2,2025_02_LAC_LV,3605.0,LAC,D.Henley,00-0038553,sack,4.0,3.0,,0.0,-3.447055382654071
2025,2,2025_02_NE_MIA,2253.0,MIA,J.Brooks,00-0036409,sack,3.0,7.0,,0.0,-2.140694956993684
2025,2,2025_02_NE_MIA,4122.0,NE,R.Spillane,00-0034720,sack,3.0,12.0,,0.0,-0.6470103046740405
2025,2,2025_02_SEA_PIT,1265.0,PIT,P.Wilson,00-0039741,sack,1.0,10.0,,0.0,-1.3288350231014192
2025,3,2025_03_ATL_CAR,2691.0,ATL,K.Elliss,00-0035316,sack,3.0,2.0,,0.0,-2.1758897878431624
2025,3,2025_03_CIN_MIN,3843.0,MIN,A.Keys,00-0040501,sack,3.0,3.0,,0.0,-2.470558271743357
2025,3,2025_03_DEN_LAC,4250.0,LAC,T.Dye,00-0036338,sack,1.0,10.0,,0.0,-0.45781868509948254
2025,3,2025_03_DET_BAL,1552.0,DET,J.Campbell,00-0039018,sack,4.0,2.0,,0.0,-3.706583588325884
2025,3,2025_03_DET_BAL,3228.0,DET,T.Nowaske,00-0038660,sack,2.0,9.0,,0.0,-1.0487923346809112
2025,3,2025_03_DET_BAL,3263.0,DET,D.Barnes,00-0036964,sack,3.0,13.0,,0.0,-0.8765573031917948
2025,3,2025_03_GB_CLE,2856.0,CLE,C.Schwesinger,00-0040579,sack,3.0,1.0,,0.0,-2.9429842405952513
2025,3,2025_03_LV_WAS,1896.0,WAS,B.Wagner,00-0029255,sack,2.0,10.0,,0.0,-1.0549656872171909
2025,3,2025_03_LV_WAS,2676.0,WAS,B.Wagner,00-0029255,sack,2.0,13.0,,0.0,-1.7394200968556106
2025,3,2025_03_MIA_BUF,2240.0,MIA,T.Dodson,00-0035352,sack,1.0,1.0,,1.0,-0.1414597316761501
2025,3,2025_03_NYJ_TB,4141.0,TB,L.David,00-0029562,sack,1.0,15.0,,0.0,-0.699092311784625
2025,4,2025_04_CLE_DET,2747.0,DET,A.Anzalone,00-0033914,sack,2.0,3.0,,0.0,-0.5850299266166985
2025,4,2025_04_MIN_PIT,482.0,PIT,P.Queen,00-0036323,sack,3.0,9.0,,0.0,-1.3366835341893322
2025,4,2025_04_NYJ_MIA,1492.0,MIA,T.Dodson,00-0035352,sack,4.0,5.0,,0.0,-3.868312709557358
2025,4,2025_04_PHI_TB,923.0,PHI,Z.Baun,00-0036418,sack,3.0,10.0,,0.0,-1.5912526071999737
2025,4,2025_04_SEA_ARI,4123.0,SEA,D.Thomas,00-0038922,sack,2.0,2.0,,0.0,-1.3782595588709228
2025,4,2025_04_WAS_ATL,1092.0,WAS,F.Luvu,00-0034302,sack,1.0,10.0,,0.0,-1.306589720537886
2025,5,2025_05_DEN_PHI,857.0,DEN,A.Singleton,00-0031898,sack,2.0,7.0,,0.0,-0.9468509430298582
2025,5,2025_05_DEN_PHI,4463.0,PHI,Z.Baun,00-0036418,sack,3.0,8.0,,0.0,-0.542803741293028
2025,5,2025_05_DET_CIN,4094.0,DET,D.Barnes,00-0036964,sack,1.0,10.0,,0.0,-2.1631847786484286
2025,5,2025_05_HOU_BAL,2812.0,BAL,T.Simpson,00-0038504,sack,2.0,6.0,,0.0,-1.9056117159780115
2025,5,2025_05_LV_IND,3478.0,IND,Z.Franklin,00-0034431,sack,1.0,5.0,,0.0,-2.2375158932991326
2025,5,2025_05_MIN_CLE,3442.0,MIN,I.Pace,00-0038807,sack,3.0,4.0,,0.0,-1.5564641375094652
2025,5,2025_05_NE_BUF,3805.0,BUF,S.Thompson,00-0031550,sack,3.0,5.0,,0.0,-1.589608491398394
2025,6,2025_06_CHI_WAS,2004.0,WAS,F.Luvu,00-0034302,sack,3.0,5.0,,0.0,-0.9190043620183133
2025,6,2025_06_DAL_CAR,2502.0,DAL,M.Liufau,00-0039352,sack,1.0,10.0,,0.0,-1.3044274314306676
2025,6,2025_06_DEN_NYJ,3983.0,DEN,J.Strnad,00-0036428,sack,1.0,10.0,,0.0,-1.353947539406363
2025,6,2025_06_DET_KC,1055.0,DET,J.Campbell,00-0039018,sack,2.0,4.0,,0.0,-0.7564273250754923
2025,6,2025_06_NE_NO,3345.0,NO,P.Werner,00-0036927,sack,2.0,10.0,,0.0,-1.0900140521116555
2025,6,2025_06_PHI_NYG,1069.0,NYG,D.Muasau,00-0039829,sack,1.0,10.0,,0.0,-0.5478796805255115
2025,6,2025_06_SEA_JAX,3028.0,SEA,D.Thomas,00-0038922,sack,2.0,2.0,,0.0,-1.8639371062163264
2025,6,2025_06_SF_TB,3142.0,TB,L.David,00-0029562,sack,3.0,11.0,,0.0,-1.8837918038479984
2025,6,2025_06_TEN_LV,1337.0,LV,D.White,00-0035707,sack,3.0,7.0,,0.0,-5.423033153696451
2025,7,2025_07_CAR_NYJ,3524.0,NYJ,J.Sherwood,00-0036500,sack,3.0,5.0,,0.0,-3.1745131615316495
2025,7,2025_07_GB_ARI,1735.0,GB,Q.Walker,00-0037074,sack,2.0,15.0,,0.0,-1.0926073212176561
2025,7,2025_07_LA_JAX,1117.0,LA,N.Landman,00-0037587,sack,1.0,10.0,,0.0,-0.9044372336938977
2025,7,2025_07_MIA_CLE,1782.0,MIA,T.Dodson,00-0035352,sack,3.0,12.0,,0.0,-0.8664251677691936
2025,7,2025_07_MIA_CLE,3966.0,CLE,J.Baker,00-0034797,sack,3.0,4.0,,0.0,-2.2780659588752314
2025,7,2025_07_NO_CHI,3371.0,CHI,T.Edmunds,00-0034673,sack,1.0,10.0,,0.0,-1.4282713334541768
2025,7,2025_07_PHI_MIN,1555.0,MIN,E.Wilson,00-0033336,sack,2.0,13.0,,0.0,-1.2588527728803456
2025,7,2025_07_TB_DET,321.0,DET,J.Campbell,00-0039018,sack,2.0,5.0,,0.0,-1.0152970342896879
2025,7,2025_07_TB_DET,1182.0,TB,S.Dennis,00-0039049,sack,3.0,5.0,,0.0,-2.5547973876819015
2025,7,2025_07_TB_DET,1669.0,DET,D.Barnes,00-0036964,sack,3.0,5.0,,0.0,-1.7835749255027622
2025,7,2025_07_WAS_DAL,575.0,DAL,K.Murray,00-0036441,sack,2.0,4.0,,0.0,-1.1635548582999036
2025,8,2025_08_BUF_CAR,382.0,CAR,T.Wallace,00-0039347,sack,3.0,10.0,,0.0,-1.4534981970066263
2025,8,2025_08_MIA_ATL,1414.0,MIA,J.Brooks,00-0036409,sack,2.0,3.0,,0.0,-1.4443240182008594
2025,8,2025_08_NYG_PHI,474.0,NYG,B.Okereke,00-0035687,sack,3.0,3.0,,0.0,-1.3248638401273638
2025,8,2025_08_NYG_PHI,550.0,PHI,Z.Baun,00-0036418,sack,1.0,10.0,,0.0,-0.7781381537206471
2025,8,2025_08_TB_NO,577.0,TB,S.Dennis,00-0039049,sack,2.0,8.0,,0.0,-2.0183856550138444
2025,9,2025_09_DEN_HOU,205.0,DEN,D.Greenlaw,00-0034982,sack,1.0,10.0,,0.0,-0.5686073524411768
2025,9,2025_09_LAC_TEN,1989.0,LAC,D.Henley,00-0038553,sack,3.0,3.0,,0.0,-1.9242443754337728
2025,9,2025_09_LAC_TEN,3305.0,TEN,C.Gray,00-0039858,sack,2.0,10.0,,0.0,-1.6613337157759815
2025,9,2025_09_MIN_DET,859.0,MIN,E.Wilson,00-0033336,sack,3.0,6.0,,0.0,-2.578124024439603
2025,9,2025_09_MIN_DET,952.0,DET,D.Barnes,00-0036964,sack,2.0,9.0,,0.0,-1.4676943207159638
2025,9,2025_09_MIN_DET,1503.0,DET,J.Campbell,00-0039018,sack,3.0,9.0,,0.0,-1.7664305125355924
2025,9,2025_09_MIN_DET,3152.0,MIN,E.Wilson,00-0033336,sack,3.0,6.0,,0.0,-2.0674559677247424
2025,9,2025_09_SEA_WAS,3596.0,SEA,D.Thomas,00-0038922,sack,2.0,2.0,,0.0,-1.3994713799329475
2025,10,2025_10_ARI_SEA,356.0,SEA,T.Knight,00-0039815,sack,2.0,11.0,,0.0,-8.352123816963285
2025,10,2025_10_ARI_SEA,1049.0,SEA,T.Knight,00-0039815,sack,3.0,12.0,,0.0,-7.49873672099784
2025,10,2025_10_ATL_IND,1900.0,ATL,K.Elliss,00-0035316,sack,2.0,1.0,,0.0,-1.7007392520317808
2025,10,2025_10_ATL_IND,3972.0,ATL,R.Harrison,00-0034779,sack,2.0,10.0,,0.0,-1.338537069677841
2025,10,2025_10_ATL_IND,4338.0,IND,Z.Franklin,00-0034431,sack,3.0,12.0,,0.0,-1.6390316309407353
2025,10,2025_10_BUF_MIA,3393.0,MIA,W.Gay,00-0036362,sack,3.0,10.0,,0.0,-1.9548334912396967
2025,10,2025_10_CLE_NYJ,2841.0,NYJ,Q.Williams,00-0035680,sack,1.0,10.0,,0.0,-1.4649370219558477
2025,10,2025_10_NO_CAR,497.0,CAR,T.Wallace,00-0039347,sack,2.0,4.0,,0.0,-2.1205277713015676
2025,10,2025_10_PHI_GB,1904.0,PHI,N.Dean,00-0037615,sack,2.0,10.0,,0.0,-3.469644931377843
2025,11,2025_11_CAR_ATL,2462.0,ATL,K.Elliss,00-0035316,sack,4.0,1.0,,0.0,-4.463139425148256
2025,11,2025_11_CAR_ATL,3338.0,ATL,R.Harrison,00-0034779,sack,3.0,7.0,,0.0,-2.0572618164587766
2025,11,2025_11_DET_PHI,3986.0,PHI,N.Dean,00-0037615,sack,2.0,10.0,,0.0,-1.4229748755460605
2025,11,2025_11_HOU_TEN,498.0,TEN,C.Barton,00-0035672,sack,4.0,1.0,,0.0,-5.241183694102801
2025,11,2025_11_WAS_MIA,1300.0,MIA,T.Dodson,00-0035352,sack,3.0,10.0,,0.0,-1.8647487011823072
2025,12,2025_12_ATL_NO,1785.0,NO,I.Stalbird,00-0039622,sack,3.0,5.0,,0.0,-1.6021237791593501
2025,12,2025_12_BUF_HOU,3076.0,HOU,H.To'oTo'o,00-0038599,sack,1.0,10.0,,0.0,-1.3716045296750963
2025,12,2025_12_CLE_LV,1500.0,CLE,D.Bush,00-0035525,sack,1.0,10.0,,0.0,-1.479713911190629
2025,12,2025_12_JAX_ARI,3114.0,JAX,D.Lloyd,00-0037244,sack,1.0,10.0,,0.0,-0.8247351446188986
2025,12,2025_12_PHI_DAL,2481.0,PHI,N.Dean,00-0037615,sack,3.0,5.0,,0.0,-1.9561158374417573
2025,12,2025_12_SEA_TEN,414.0,SEA,P.O'Connell,00-0038764,sack,3.0,3.0,,0.0,-1.9805271605904973
2025,13,2025_13_DEN_WAS,3404.0,WAS,F.Luvu,00-0034302,sack,3.0,3.0,,0.0,-2.028697695117444
2025,13,2025_13_MIN_SEA,469.0,MIN,E.Wilson,00-0033336,sack,3.0,11.0,,0.0,-1.97189468331635
2025,13,2025_13_NYG_NE,3125.0,NYG,Z.Barnes,00-0038399,sack,2.0,8.0,,0.0,-1.4011505213566124
2025,14,2025_14_DAL_DET,646.0,DET,J.Campbell,00-0039018,sack,3.0,4.0,,0.0,-2.6237770293373615
2025,14,2025_14_MIA_NYJ,1448.0,NYJ,Q.Williams,00-0035680,sack,3.0,6.0,,0.0,-1.9099691449664533
2025,14,2025_14_MIA_NYJ,3752.0,MIA,W.Gay,00-0036362,sack,2.0,2.0,,0.0,-0.6366849348414689
2025,14,2025_14_PHI_LAC,1731.0,PHI,N.Dean,00-0037615,sack,1.0,10.0,,0.0,-6.073993123369291
2025,14,2025_14_WAS_MIN,2583.0,MIN,E.Wilson,00-0033336,sack,3.0,11.0,,0.0,-2.140869507798925
2025,14,2025_14_WAS_MIN,2848.0,WAS,B.Wagner,00-0029255,sack,2.0,2.0,,0.0,-0.8433005037368275
2025,15,2025_15_BUF_NE,659.0,NE,J.Gibbens,00-0037596,sack,3.0,9.0,,0.0,-1.6349518606439233
2025,15,2025_15_CAR_NO,3427.0,CAR,C.Rozeboom,00-0035942,sack,4.0,1.0,,0.0,-4.084914940758608
2025,15,2025_15_CLE_CHI,952.0,CHI,D.Jackson,00-0037271,sack,2.0,8.0,,0.0,-1.632901709061116
2025,15,2025_15_MIA_PIT,695.0,MIA,J.Brooks,00-0036409,sack,3.0,11.0,,0.0,-2.4457759347278625
2025,15,2025_15_MIA_PIT,2476.0,PIT,P.Wilson,00-0039741,sack,3.0,11.0,,0.0,-2.0138579902704805
2025,16,2025_16_BUF_CLE,3344.0,CLE,C.Schwesinger,00-0040579,sack,3.0,9.0,,0.0,-1.8705502296797931
2025,16,2025_16_KC_TEN,1064.0,KC,N.Bolton,00-0036621,sack,3.0,3.0,,0.0,-2.3622829492669553
2025,16,2025_16_KC_TEN,3538.0,TEN,J.Williams,00-0039430,sack,3.0,13.0,,0.0,-1.6191389574669302
2025,16,2025_16_LA_SEA,1246.0,LA,N.Landman,00-0037587,sack,2.0,14.0,,0.0,-0.9071566052734852
2025,16,2025_16_MIN_NYG,1014.0,MIN,E.Wilson,00-0033336,sack,3.0,7.0,,0.0,-1.2229749343570129
2025,16,2025_16_NE_BAL,422.0,BAL,T.Simpson,00-0038504,sack,2.0,13.0,,0.0,-0.8029177129501477
2025,16,2025_16_NYJ_NO,1009.0,NYJ,J.Sherwood,00-0036500,sack,3.0,6.0,,0.0,-2.182254439978414
2025,16,2025_16_NYJ_NO,2533.0,NO,I.Stalbird,00-0039622,sack,3.0,6.0,,0.0,-2.4757265432272106
2025,16,2025_16_PHI_WAS,3005.0,WAS,B.Wagner,00-0029255,sack,1.0,10.0,,0.0,-1.0685098147951066
2025,16,2025_16_TB_CAR,646.0,TB,S.Dennis,00-0039049,sack,1.0,10.0,,0.0,-1.314599906327203
2025,16,2025_16_TB_CAR,1412.0,CAR,C.Rozeboom,00-0035942,sack,3.0,13.0,,0.0,-1.106592622352764
2025,16,2025_16_TB_CAR,3138.0,TB,L.David,00-0029562,sack,1.0,10.0,,0.0,-1.3830457290168852
2025,17,2025_17_BAL_GB,1239.0,GB,Q.Walker,00-0037074,sack,2.0,4.0,,0.0,-0.9868669664720073
2025,17,2025_17_DET_MIN,117.0,DET,A.Anzalone,00-0033914,sack,3.0,9.0,,0.0,-2.226402497384697
2025,17,2025_17_DET_MIN,1825.0,MIN,B.Cashman,00-0035276,sack,1.0,10.0,,0.0,-0.18903349718311802
2025,17,2025_17_NYG_LV,3714.0,NYG,D.Flannigan-Fowles,00-0035020,sack,3.0,6.0,,0.0,-1.5837198441731744
2025,17,2025_17_TB_MIA,2614.0,MIA,T.Dodson,00-0035352,sack,3.0,8.0,,0.0,-1.175133078332077
2025,18,2025_18_GB_MIN,3000.0,MIN,B.Cashman,00-0035276,sack,1.0,10.0,,0.0,-1.8188848686404526
2025,18,2025_18_KC_LV,3915.0,LV,D.White,00-0035707,sack,3.0,3.0,,0.0,-0.7234107082557708
2025,18,2025_18_LAC_DEN,1117.0,LAC,D.Phillips,00-0035202,sack,1.0,10.0,,0.0,-1.3630814705975354
2025,18,2025_18_LAC_DEN,2703.0,DEN,J.Strnad,00-0036428,sack,3.0,8.0,,0.0,-1.9653768215794116
2025,18,2025_18_SEA_SF,298.0,SF,T.Bethune,00-0039435,sack,1.0,1.0,,0.0,-2.18237846106058
2025,21,2025_21_NE_DEN,1495.0,NE,C.Elliss,00-0036813,sack,3.0,4.0,,0.0,-5.228765919979196
2024,1,2024_01_ARI_BUF,3451.0,ARI,Ma.Wilson,00-0035144,tackle_for_loss,1.0,10.0,,0.0,-1.0205346187576652
2024,1,2024_01_ARI_BUF,3741.0,ARI,K.White,00-0034375,tackle_for_loss,3.0,2.0,,0.0,-1.1962528361036115
2024,1,2024_01_BAL_KC,3871.0,BAL,R.Smith,00-0034874,tackle_for_loss,2.0,8.0,,0.0,-1.016779765021056
2024,1,2024_01_CAR_NO,324.0,CAR,S.Thompson,00-0031550,tackle_for_loss,2.0,4.0,,0.0,-1.5871763583272696
2024,1,2024_01_CAR_NO,3344.0,CAR,S.Thompson,00-0031550,tackle_for_loss,3.0,4.0,,0.0,-1.6370884333591404
2024,1,2024_01_DAL_CLE,3179.0,DAL,E.Kendricks,00-0031554,tackle_for_loss,3.0,6.0,,0.0,-1.9312748599331826
2024,1,2024_01_DAL_CLE,3434.0,DAL,D.Overshown,00-0038556,tackle_for_loss,4.0,6.0,,0.0,-2.9401778478641063
2024,1,2024_01_DEN_SEA,1329.0,SEA,J.Baker,00-0034797,tackle_for_loss,2.0,7.0,,0.0,-0.7991582651156932
2024,1,2024_01_DEN_SEA,1739.0,DEN,C.Barton,00-0035672,tackle_for_loss,1.0,10.0,,0.0,-1.1238298933021724
2024,1,2024_01_DEN_SEA,2938.0,SEA,T.Dodson,00-0035352,tackle_for_loss,2.0,8.0,,0.0,-1.286112426314503
2024,1,2024_01_DEN_SEA,3708.0,DEN,A.Singleton,00-0031898,tackle_for_loss,1.0,10.0,,0.0,-1.3529833682114258
2024,1,2024_01_GB_PHI,299.0,GB,Er.Wilson,00-0033336,tackle_for_loss,1.0,10.0,,0.0,-1.5051868909504265
2024,1,2024_01_GB_PHI,736.0,PHI,N.Dean,00-0037615,tackle_for_loss,3.0,1.0,,0.0,-2.230589850223623
2024,1,2024_01_GB_PHI,1222.0,GB,Er.Wilson,00-0033336,tackle_for_loss,1.0,10.0,,0.0,-0.8249801573110744
2024,1,2024_01_GB_PHI,3776.0,PHI,N.Dean,00-0037615,tackle_for_loss,1.0,10.0,,0.0,-0.6796042702626437
2024,1,2024_01_GB_PHI,4010.0,GB,Q.Walker,00-0037074,tackle_for_loss,1.0,10.0,,0.0,-1.0177712962031364
2024,1,2024_01_GB_PHI,4681.0,PHI,Z.Baun,00-0036418,tackle_for_loss,3.0,6.0,,0.0,-0.32942568871658295
2024,1,2024_01_HOU_IND,1516.0,HOU,H.To'oTo'o,00-0038599,tackle_for_loss,1.0,10.0,,0.0,-1.1057440409203991
2024,1,2024_01_JAX_MIA,79.0,JAX,D.Lloyd,00-0037244,tackle_for_loss,2.0,10.0,,0.0,-1.4195501813665032
2024,1,2024_01_JAX_MIA,3160.0,JAX,F.Oluokun,00-0034413,tackle_for_loss,3.0,3.0,,0.0,-1.7904780723503153
2024,1,2024_01_JAX_MIA,3710.0,JAX,F.Oluokun,00-0034413,tackle_for_loss,2.0,13.0,,0.0,-0.7975080370088108
2024,1,2024_01_LA_DET,56.0,DET,A.Anzalone,00-0033914,tackle_for_loss,1.0,10.0,,0.0,-0.7618685788474977
2024,1,2024_01_LA_DET,104.0,DET,A.Anzalone,00-0033914,tackle_for_loss,3.0,11.0,,0.0,-1.6000157622620463
2024,1,2024_01_LA_DET,2108.0,DET,J.Campbell,00-0039018,tackle_for_loss,1.0,10.0,,0.0,-0.934452049434185
2024,1,2024_01_LA_DET,2344.0,DET,A.Anzalone,00-0033914,tackle_for_loss,1.0,10.0,,0.0,-1.1685638278722763
2024,1,2024_01_LV_LAC,1195.0,LV,R.Spillane,00-0034720,tackle_for_loss,1.0,10.0,,0.0,-0.7781406759750098
2024,1,2024_01_MIN_NYG,3957.0,NYG,D.Muasau,00-0039829,tackle_for_loss,3.0,5.0,,0.0,-1.1593964662170038
2024,1,2024_01_NE_CIN,231.0,CIN,L.Wilson,00-0036294,tackle_for_loss,2.0,6.0,,0.0,-1.262244900688529
2024,1,2024_01_NE_CIN,1411.0,NE,J.Tavai,00-0035240,tackle_for_loss,1.0,10.0,,0.0,-0.7976769646047615
2024,1,2024_01_TEN_CHI,1433.0,CHI,T.Edwards,00-0035386,tackle_for_loss,2.0,10.0,,0.0,-1.3289875478949398
2024,1,2024_01_TEN_CHI,2807.0,CHI,T.Edwards,00-0035386,tackle_for_loss,1.0,10.0,,0.0,-0.7689221133477986
2024,1,2024_01_WAS_TB,440.0,WAS,B.Wagner,00-0029255,tackle_for_loss,1.0,10.0,,0.0,-0.7578277634456754
2024,1,2024_01_WAS_TB,3251.0,TB,S.Dennis,00-0039049,tackle_for_loss,2.0,7.0,,0.0,-2.0757046265061945
2024,1,2024_01_WAS_TB,3386.0,WAS,B.Wagner,00-0029255,tackle_for_loss,1.0,10.0,,0.0,-0.9823967813281342
2024,1,2024_01_WAS_TB,3408.0,WAS,B.Wagner,00-0029255,tackle_for_loss,2.0,13.0,,0.0,-1.2588335319887847
2024,2,2024_02_BUF_MIA,293.0,MIA,D.Long,00-0035292,tackle_for_loss,3.0,2.0,,0.0,-1.6201805432792753
2024,2,2024_02_BUF_MIA,1372.0,MIA,D.Long,00-0035292,tackle_for_loss,1.0,10.0,,0.0,-0.7577585801482201
2024,2,2024_02_BUF_MIA,3472.0,BUF,B.Spector,00-0037318,tackle_for_loss,2.0,10.0,,0.0,-1.1829951151739806
2024,2,2024_02_CHI_HOU,494.0,HOU,A.Al-Shaair,00-0035166,tackle_for_loss,2.0,8.0,,0.0,-0.7671780331293121
2024,2,2024_02_CHI_HOU,1498.0,CHI,T.Edmunds,00-0034673,tackle_for_loss,3.0,4.0,,0.0,-1.4944556332193315
2024,2,2024_02_CHI_HOU,2422.0,HOU,H.To'oTo'o,00-0038599,tackle_for_loss,1.0,10.0,,0.0,-1.2731257751584053
2024,2,2024_02_CHI_HOU,3575.0,CHI,J.Sanborn,00-0037109,tackle_for_loss,2.0,9.0,,0.0,-1.6419669677270576
2024,2,2024_02_CIN_KC,1719.0,KC,N.Bolton,00-0036621,tackle_for_loss,1.0,10.0,,0.0,-0.6337330952519551
2024,2,2024_02_CLE_JAX,2034.0,CLE,J.Hicks,00-0032129,tackle_for_loss,2.0,12.0,,0.0,-1.2439312716014683
2024,2,2024_02_CLE_JAX,2924.0,JAX,F.Oluokun,00-0034413,tackle_for_loss,2.0,7.0,,0.0,-1.8964544436894357
2024,2,2024_02_LAC_CAR,644.0,LAC,D.Perryman,00-0032103,tackle_for_loss,3.0,5.0,,0.0,-2.678780718706548
2024,2,2024_02_LAC_CAR,2704.0,LAC,D.Henley,00-0038553,tackle_for_loss,1.0,10.0,,0.0,-1.0735312886536121
2024,2,2024_02_LA_ARI,2360.0,ARI,K.Barnes,00-0035961,tackle_for_loss,3.0,1.0,,0.0,-2.211064036935568
2024,2,2024_02_NYG_WAS,306.0,NYG,B.Okereke,00-0035687,tackle_for_loss,2.0,7.0,,0.0,-1.2457380596315488
2024,2,2024_02_NYG_WAS,662.0,WAS,B.Wagner,00-0029255,tackle_for_loss,1.0,10.0,,0.0,-0.9693754238542169
2024,2,2024_02_NYG_WAS,2542.0,NYG,B.Okereke,00-0035687,tackle_for_loss,1.0,10.0,,0.0,-1.0918363775126636
2024,2,2024_02_NYG_WAS,4135.0,NYG,M.McFadden,00-0037259,tackle_for_loss,1.0,10.0,,0.0,-1.4033350171521306
2024,2,2024_02_NYJ_TEN,241.0,TEN,K.Murray,00-0036441,tackle_for_loss,2.0,20.0,,0.0,-1.2359519167803228
2024,2,2024_02_NYJ_TEN,556.0,NYJ,J.Sherwood,00-0036500,tackle_for_loss,1.0,10.0,,0.0,-0.7953020179411396
2024,2,2024_02_NYJ_TEN,777.0,TEN,E.Jones,00-0036994,tackle_for_loss,3.0,1.0,,0.0,-2.200690010562539
2024,2,2024_02_NYJ_TEN,2989.0,TEN,E.Jones,00-0036994,tackle_for_loss,1.0,10.0,,0.0,-0.7911443286575377
2024,2,2024_02_SF_MIN,1206.0,MIN,I.Pace,00-0038807,tackle_for_loss,2.0,4.0,,0.0,-1.1708796478924341
2024,2,2024_02_SF_MIN,2401.0,SF,F.Warner,00-0034815,tackle_for_loss,2.0,1.0,,0.0,-1.3005357454530895
2024,2,2024_02_SF_MIN,2740.0,MIN,B.Cashman,00-0035276,tackle_for_loss,2.0,9.0,,0.0,-1.7617854811251163
2024,2,2024_02_SF_MIN,3762.0,SF,D.Campbell,00-0032401,tackle_for_loss,2.0,10.0,,0.0,-1.192122119537089
2024,2,2024_02_TB_DET,2412.0,DET,J.Campbell,00-0039018,tackle_for_loss,2.0,5.0,,0.0,-0.9031864940188825
2024,2,2024_02_TB_DET,3245.0,DET,J.Campbell,00-0039018,tackle_for_loss,1.0,10.0,,0.0,-0.8414021246135235
2024,3,2024_03_CAR_LV,1046.0,LV,R.Spillane,00-0034720,tackle_for_loss,2.0,8.0,,0.0,-1.4165781196206808
2024,3,2024_03_DET_ARI,1245.0,ARI,Ma.Wilson,00-0035144,tackle_for_loss,3.0,3.0,,0.0,-2.160580792929977
2024,3,2024_03_GB_TEN,1197.0,TEN,K.Murray,00-0036441,tackle_for_loss,2.0,3.0,,0.0,-2.3225944978185
2024,3,2024_03_HOU_MIN,2691.0,HOU,A.Al-Shaair,00-0035166,tackle_for_loss,1.0,10.0,,0.0,-0.9349425653927028
2024,3,2024_03_HOU_MIN,3589.0,HOU,A.Al-Shaair,00-0035166,tackle_for_loss,1.0,1.0,,0.0,-0.5140798968495801
2024,3,2024_03_KC_ATL,112.0,KC,N.Bolton,00-0036621,tackle_for_loss,1.0,10.0,,0.0,-0.8443932825466618
2024,3,2024_03_KC_ATL,3055.0,KC,N.Bolton,00-0036621,tackle_for_loss,1.0,10.0,,0.0,-1.2043382213450968
2024,3,2024_03_KC_ATL,4266.0,KC,N.Bolton,00-0036621,tackle_for_loss,4.0,1.0,,0.0,-3.452896507573314
2024,3,2024_03_LAC_PIT,2059.0,LAC,D.Henley,00-0038553,tackle_for_loss,1.0,10.0,,0.0,-1.1272215016651899
2024,3,2024_03_LAC_PIT,2494.0,PIT,E.Roberts,00-0032442,tackle_for_loss,1.0,10.0,,0.0,-1.4482398377731442
2024,3,2024_03_LAC_PIT,3517.0,LAC,D.Perryman,00-0032103,tackle_for_loss,2.0,6.0,,0.0,-0.8585333685623482
2024,3,2024_03_MIA_SEA,650.0,SEA,T.Knight,00-0039815,tackle_for_loss,2.0,1.0,,0.0,-1.4154256533365697
2024,3,2024_03_MIA_SEA,2437.0,SEA,T.Dodson,00-0035352,tackle_for_loss,3.0,2.0,,0.0,-2.5256312689743936
2024,3,2024_03_NE_NYJ,1041.0,NE,J.Tavai,00-0035240,tackle_for_loss,2.0,3.0,,0.0,-1.0627349825808778
2024,3,2024_03_NE_NYJ,2128.0,NYJ,Qi.Williams,00-0035680,tackle_for_loss,1.0,10.0,,0.0,-0.6877156458795071
2024,3,2024_03_NYG_CLE,165.0,CLE,J.Hicks,00-0032129,tackle_for_loss,2.0,7.0,,0.0,-1.2699487721547484
2024,3,2024_03_PHI_NO,3067.0,PHI,N.Dean,00-0037615,tackle_for_loss,1.0,10.0,,0.0,-0.9261334156617522
2024,3,2024_03_SF_LA,3270.0,LA,T.Reeder,00-0035617,tackle_for_loss,3.0,1.0,,0.0,-2.211877695452713
2024,4,2024_04_BUF_BAL,2383.0,BUF,B.Spector,00-0037318,tackle_for_loss,3.0,11.0,,0.0,-1.439660947304219
2024,4,2024_04_CLE_LV,1204.0,LV,R.Spillane,00-0034720,tackle_for_loss,2.0,10.0,,0.0,-1.195356032345444
2024,4,2024_04_DAL_NYG,3413.0,DAL,M.Liufau,00-0039352,tackle_for_loss,2.0,11.0,,0.0,-0.7728047530399635
2024,4,2024_04_DAL_NYG,3689.0,NYG,B.Okereke,00-0035687,tackle_for_loss,2.0,6.0,,0.0,-0.6401507723494433
2024,4,2024_04_DAL_NYG,4077.0,NYG,M.McFadden,00-0037259,tackle_for_loss,1.0,10.0,,0.0,-0.6935453091282398
2024,4,2024_04_DEN_NYJ,56.0,DEN,J.Strnad,00-0036428,tackle_for_loss,1.0,10.0,,0.0,-1.7426093420945108
2024,4,2024_04_DEN_NYJ,475.0,NYJ,J.Sherwood,00-0036500,tackle_for_loss,2.0,10.0,,0.0,-1.207968012895435
2024,4,2024_04_DEN_NYJ,572.0,DEN,J.Strnad,00-0036428,tackle_for_loss,2.0,10.0,,0.0,-1.3172254892997444
2024,4,2024_04_DEN_NYJ,976.0,NYJ,Qi.Williams,00-0035680,tackle_for_loss,3.0,13.0,,0.0,-4.186429940047674
2024,4,2024_04_DEN_NYJ,2500.0,NYJ,Qi.Williams,00-0035680,tackle_for_loss,1.0,10.0,,0.0,-1.1964516283478588
2024,4,2024_04_JAX_HOU,1255.0,JAX,V.Miller,00-0038570,tackle_for_loss,2.0,10.0,,0.0,-1.1661914054420777
2024,4,2024_04_KC_LAC,886.0,KC,D.Tranquill,00-0035262,tackle_for_loss,1.0,10.0,,0.0,-1.634945043362677
2024,4,2024_04_LA_CHI,670.0,CHI,T.Edwards,00-0035386,tackle_for_loss,1.0,10.0,,0.0,-0.7444710782729089
2024,4,2024_04_LA_CHI,3680.0,CHI,T.Edmunds,00-0034673,tackle_for_loss,1.0,10.0,,0.0,-0.820399749558419
2024,4,2024_04_MIN_GB,926.0,MIN,B.Cashman,00-0035276,tackle_for_loss,1.0,10.0,,0.0,-1.0988937932997942
2024,4,2024_04_MIN_GB,3066.0,GB,Q.Walker,00-0037074,tackle_for_loss,2.0,12.0,,0.0,-1.9132083512376994
2024,4,2024_04_MIN_GB,4099.0,GB,E.Cooper,00-0039850,tackle_for_loss,2.0,2.0,,0.0,-1.3776614631642587
2024,4,2024_04_NE_SF,3133.0,NE,J.Tavai,00-0035240,tackle_for_loss,1.0,10.0,,0.0,-1.3604850475676358
2024,4,2024_04_NO_ATL,1638.0,ATL,T.Andersen,00-0037810,tackle_for_loss,3.0,3.0,,0.0,-2.018525479012169
2024,4,2024_04_PHI_TB,2735.0,PHI,Z.Baun,00-0036418,tackle_for_loss,1.0,10.0,,0.0,-0.8337844044435769
2024,4,2024_04_PHI_TB,3210.0,TB,L.David,00-0029562,tackle_for_loss,1.0,10.0,,0.0,-5.657360352459364
2024,4,2024_04_PHI_TB,3297.0,PHI,N.Dean,00-0037615,tackle_for_loss,1.0,10.0,,0.0,-1.0124874678440392
2024,4,2024_04_PHI_TB,3685.0,TB,L.David,00-0029562,tackle_for_loss,2.0,10.0,,0.0,-1.6774643980897963
2024,4,2024_04_PIT_IND,429.0,IND,E.Speed,00-0034987,tackle_for_loss,1.0,10.0,,0.0,-1.1922340809833258
2024,4,2024_04_PIT_IND,3803.0,PIT,P.Queen,00-0036323,tackle_for_loss,3.0,3.0,,0.0,-1.6475815501821534
2024,4,2024_04_PIT_IND,4250.0,IND,E.Speed,00-0034987,tackle_for_loss,1.0,10.0,,0.0,-1.4935147578362375
2024,4,2024_04_SEA_DET,221.0,DET,J.Campbell,00-0039018,tackle_for_loss,2.0,10.0,,0.0,-1.2643314730376005
2024,4,2024_04_SEA_DET,1722.0,DET,M.Rodriguez,00-0037289,tackle_for_loss,1.0,10.0,,0.0,-1.1715331472223625
2024,4,2024_04_SEA_DET,3477.0,SEA,T.Dodson,00-0035352,tackle_for_loss,3.0,1.0,,0.0,-2.305813414976001
2024,4,2024_04_TEN_MIA,183.0,MIA,J.Brooks,00-0036409,tackle_for_loss,1.0,10.0,,0.0,-0.8608897875528783
2024,4,2024_04_TEN_MIA,2175.0,TEN,K.Murray,00-0036441,tackle_for_loss,3.0,8.0,,0.0,-0.22161478322232142
2024,4,2024_04_TEN_MIA,2504.0,MIA,J.Brooks,00-0036409,tackle_for_loss,3.0,5.0,,0.0,-1.9393649348057806
2024,4,2024_04_TEN_MIA,3359.0,TEN,E.Jones,00-0036994,tackle_for_loss,4.0,1.0,,0.0,-3.4738722313195467
2024,4,2024_04_WAS_ARI,199.0,WAS,B.Wagner,00-0029255,tackle_for_loss,1.0,10.0,,0.0,-0.7745629152050242
2024,5,2024_05_ARI_SF,383.0,ARI,K.Barnes,00-0035961,tackle_for_loss,3.0,6.0,,0.0,-1.5138686692492365
2024,5,2024_05_ARI_SF,2951.0,SF,F.Warner,00-0034815,tackle_for_loss,1.0,10.0,,0.0,-0.8718033793848008
2024,5,2024_05_ARI_SF,3421.0,ARI,K.White,00-0034375,tackle_for_loss,1.0,8.0,,0.0,-5.262269221188035
2024,5,2024_05_BAL_CIN,2185.0,BAL,T.Simpson,00-0038504,tackle_for_loss,1.0,10.0,,0.0,-1.2248748391866684
2024,5,2024_05_BAL_CIN,3574.0,CIN,A.Davis-Gaither,00-0036298,tackle_for_loss,1.0,10.0,,0.0,-0.6940832887776196
2024,5,2024_05_BUF_HOU,2344.0,HOU,A.Al-Shaair,00-0035166,tackle_for_loss,1.0,10.0,,0.0,-0.9563461940269917
2024,5,2024_05_CLE_WAS,1192.0,WAS,F.Luvu,00-0034302,tackle_for_loss,3.0,15.0,,0.0,-1.2050027834142782
2024,5,2024_05_CLE_WAS,3189.0,WAS,B.Wagner,00-0029255,tackle_for_loss,2.0,2.0,,0.0,-6.1155586475506425
2024,5,2024_05_CLE_WAS,3681.0,WAS,F.Luvu,00-0034302,tackle_for_loss,1.0,10.0,,0.0,-1.5045075402595103
2024,5,2024_05_DAL_PIT,4583.0,DAL,E.Kendricks,00-0031554,tackle_for_loss,2.0,10.0,,0.0,-0.0024202740751206875
2024,5,2024_05_GB_LA,1550.0,GB,Q.Walker,00-0037074,tackle_for_loss,1.0,10.0,,0.0,-1.2504485260578804
2024,5,2024_05_GB_LA,1595.0,GB,E.Cooper,00-0039850,tackle_for_loss,3.0,16.0,,0.0,-1.9787187274778262
2024,5,2024_05_IND_JAX,2278.0,IND,E.Speed,00-0034987,tackle_for_loss,3.0,2.0,,0.0,-2.283495970070362
2024,5,2024_05_IND_JAX,3554.0,JAX,V.Miller,00-0038570,tackle_for_loss,1.0,10.0,,0.0,-0.8162609420251101
2024,5,2024_05_LV_DEN,2444.0,DEN,J.Strnad,00-0036428,tackle_for_loss,2.0,9.0,,0.0,-1.1867366572842002
2024,5,2024_05_LV_DEN,2614.0,LV,R.Spillane,00-0034720,tackle_for_loss,1.0,3.0,,0.0,-0.7390942407073453
2024,5,2024_05_LV_DEN,3503.0,LV,R.Spillane,00-0034720,tackle_for_loss,1.0,10.0,,0.0,-0.8790027648210526
2024,5,2024_05_MIA_NE,2631.0,NE,J.Tavai,00-0035240,tackle_for_loss,2.0,5.0,,0.0,-1.107706619426608
2024,5,2024_05_NO_KC,1994.0,KC,N.Bolton,00-0036621,tackle_for_loss,3.0,7.0,,0.0,-0.3742783418856561
2024,5,2024_05_NO_KC,3675.0,KC,N.Bolton,00-0036621,tackle_for_loss,1.0,10.0,,0.0,-0.8184835161082447
2024,5,2024_05_NYG_SEA,2683.0,SEA,T.Dodson,00-0035352,tackle_for_loss,1.0,10.0,,0.0,-0.8755584550672211
2024,5,2024_05_NYJ_MIN,2123.0,NYJ,J.Sherwood,00-0036500,tackle_for_loss,3.0,10.0,,0.0,-0.863837173092179
2024,5,2024_05_NYJ_MIN,2566.0,MIN,I.Pace,00-0038807,tackle_for_loss,2.0,7.0,,0.0,-1.6913202852010727
2024,5,2024_05_NYJ_MIN,3520.0,MIN,I.Pace,00-0038807,tackle_for_loss,2.0,7.0,,0.0,-1.4791631561238319
2024,5,2024_05_TB_ATL,1397.0,ATL,K.Elliss,00-0035316,tackle_for_loss,1.0,10.0,,0.0,-0.8104733911459334
2024,6,2024_06_ARI_GB,258.0,GB,Q.Walker,00-0037074,tackle_for_loss,2.0,8.0,,0.0,-0.7100982537958771
2024,6,2024_06_ARI_GB,2903.0,ARI,K.Barnes,00-0035961,tackle_for_loss,1.0,10.0,,0.0,-0.9021256580017507
2024,6,2024_06_BUF_NYJ,1112.0,BUF,T.Bernard,00-0037254,tackle_for_loss,2.0,9.0,,0.0,-1.4924397650174797
2024,6,2024_06_DET_DAL,1019.0,DAL,D.Clark,00-0037281,tackle_for_loss,2.0,10.0,,0.0,-1.2336123746354133
2024,6,2024_06_DET_DAL,2705.0,DET,T.Nowaske,00-0038660,tackle_for_loss,2.0,10.0,,0.0,-1.177782544400543
2024,6,2024_06_IND_TEN,396.0,IND,Z.Franklin,00-0034431,tackle_for_loss,2.0,2.0,,0.0,-1.226304433774203
2024,6,2024_06_IND_TEN,667.0,TEN,K.Murray,00-0036441,tackle_for_loss,1.0,10.0,,0.0,-1.458199803950265
2024,6,2024_06_JAX_CHI,701.0,JAX,D.Lloyd,00-0037244,tackle_for_loss,2.0,5.0,,0.0,-1.439476869534701
2024,6,2024_06_JAX_CHI,4298.0,CHI,A.Ogbongbemiga,00-0036716,tackle_for_loss,3.0,4.0,,0.0,-1.4287837033625692
2024,6,2024_06_PIT_LV,202.0,LV,D.Deablo,00-0036990,tackle_for_loss,2.0,12.0,,0.0,-1.4533551400527358
2024,6,2024_06_PIT_LV,486.0,PIT,E.Roberts,00-0032442,tackle_for_loss,1.0,2.0,,0.0,-0.4966939130681567
2024,6,2024_06_PIT_LV,695.0,PIT,P.Queen,00-0036323,tackle_for_loss,1.0,10.0,,0.0,-1.1081879874691367
2024,6,2024_06_PIT_LV,1420.0,LV,D.Deablo,00-0036990,tackle_for_loss,2.0,10.0,,0.0,-2.2473159845685586
2024,6,2024_06_PIT_LV,3407.0,PIT,P.Wilson,00-0039741,tackle_for_loss,1.0,10.0,,0.0,-0.8642039163969457
2024,6,2024_06_SF_SEA,769.0,SEA,T.Dodson,00-0035352,tackle_for_loss,2.0,1.0,,0.0,-0.9197591058909893
2024,6,2024_06_SF_SEA,1653.0,SEA,J.Baker,00-0034797,tackle_for_loss,3.0,11.0,,0.0,-0.6337694379613663
2024,6,2024_06_TB_NO,3812.0,NO,W.Gay,00-0036362,tackle_for_loss,2.0,1.0,,0.0,-2.089549786876887
2024,6,2024_06_TB_NO,4264.0,TB,L.David,00-0029562,tackle_for_loss,1.0,10.0,,0.0,-1.440463179256767
2024,7,2024_07_BAL_TB,2743.0,BAL,T.Simpson,00-0038504,tackle_for_loss,1.0,10.0,,0.0,-0.9112338519189507
2024,7,2024_07_BAL_TB,3236.0,TB,L.David,00-0029562,tackle_for_loss,1.0,10.0,,0.0,-0.7298700860701501
2024,7,2024_07_CAR_WAS,995.0,WAS,F.Luvu,00-0034302,tackle_for_loss,3.0,5.0,,0.0,-1.5382974564563483
2024,7,2024_07_CAR_WAS,1663.0,WAS,F.Luvu,00-0034302,tackle_for_loss,1.0,10.0,,0.0,-0.966032984550111
2024,7,2024_07_CAR_WAS,3663.0,WAS,N.Bellore,00-0028292,tackle_for_loss,3.0,5.0,,0.0,-1.4798662438988686
2024,7,2024_07_CIN_CLE,3068.0,CLE,M.Diabate,00-0038711,tackle_for_loss,1.0,10.0,,0.0,-1.1949924384243786
2024,7,2024_07_DEN_NO,509.0,NO,A.Orji,00-0038908,tackle_for_loss,2.0,4.0,,0.0,-1.0874376125866547
2024,7,2024_07_DEN_NO,3585.0,NO,A.Orji,00-0038908,tackle_for_loss,1.0,17.0,,0.0,-0.8146479262504727
2024,7,2024_07_DET_MIN,3401.0,DET,A.Anzalone,00-0033914,tackle_for_loss,1.0,10.0,,0.0,-1.258594784187153
2024,7,2024_07_DET_MIN,3510.0,DET,M.Rodriguez,00-0037289,tackle_for_loss,3.0,7.0,,0.0,-1.3753667719119838
2024,7,2024_07_DET_MIN,4170.0,DET,T.Nowaske,00-0038660,tackle_for_loss,1.0,15.0,,0.0,-0.19234256143681705
2024,7,2024_07_HOU_GB,1621.0,GB,Er.Wilson,00-0033336,tackle_for_loss,2.0,10.0,,0.0,-1.261586158303544
2024,7,2024_07_HOU_GB,2181.0,GB,Er.Wilson,00-0033336,tackle_for_loss,3.0,5.0,,0.0,-2.1082220706157386
2024,7,2024_07_HOU_GB,2878.0,GB,Er.Wilson,00-0033336,tackle_for_loss,3.0,8.0,,0.0,-2.168531358940527
2024,7,2024_07_HOU_GB,3133.0,GB,Er.Wilson,00-0033336,tackle_for_loss,2.0,8.0,,0.0,-1.1511539532803
2024,7,2024_07_HOU_GB,3595.0,GB,E.Cooper,00-0039850,tackle_for_loss,1.0,10.0,,0.0,-0.7272602085140534
2024,7,2024_07_HOU_GB,3624.0,GB,E.Cooper,00-0039850,tackle_for_loss,2.0,12.0,,0.0,-1.2407913130009547
2024,7,2024_07_KC_SF,3346.0,KC,N.Bolton,00-0036621,tackle_for_loss,2.0,3.0,,0.0,-1.3979440709808841
2024,7,2024_07_MIA_IND,595.0,IND,J.Carlies,00-0039377,tackle_for_loss,2.0,2.0,,0.0,-2.02046872273786
2024,7,2024_07_MIA_IND,3020.0,IND,G.Stuard,00-0036672,tackle_for_loss,1.0,10.0,,0.0,-5.823996154475026
2024,7,2024_07_MIA_IND,3968.0,MIA,J.Brooks,00-0036409,tackle_for_loss,2.0,9.0,,0.0,-0.6773472243221477
2024,7,2024_07_NE_JAX,321.0,JAX,D.Lloyd,00-0037244,tackle_for_loss,1.0,10.0,,0.0,-1.1686860966729
2024,7,2024_07_NYJ_PIT,1325.0,NYJ,Qi.Williams,00-0035680,tackle_for_loss,2.0,5.0,,0.0,-1.4501845368067734
2024,7,2024_07_PHI_NYG,1030.0,PHI,N.Dean,00-0037615,tackle_for_loss,1.0,10.0,,0.0,-1.4188670204021037
2024,7,2024_07_PHI_NYG,2998.0,PHI,N.Dean,00-0037615,tackle_for_loss,3.0,7.0,,0.0,-2.4163666123058647
2024,7,2024_07_TEN_BUF,2319.0,BUF,T.Bernard,00-0037254,tackle_for_loss,3.0,1.0,,0.0,-2.4019220813643187
2024,7,2024_07_TEN_BUF,2639.0,BUF,T.Bernard,00-0037254,tackle_for_loss,1.0,10.0,,0.0,-0.9114058176055551
2024,8,2024_08_ARI_MIA,3704.0,ARI,K.White,00-0034375,tackle_for_loss,1.0,10.0,,0.0,-0.9410857819020748
2024,8,2024_08_ATL_TB,2405.0,TB,L.David,00-0029562,tackle_for_loss,1.0,17.0,,0.0,-0.7457086970098317
2024,8,2024_08_BAL_CLE,2300.0,CLE,M.Diabate,00-0038711,tackle_for_loss,2.0,3.0,,0.0,-1.1352095145266503
2024,8,2024_08_BAL_CLE,3713.0,BAL,T.Simpson,00-0038504,tackle_for_loss,3.0,2.0,,0.0,-1.773197084319233
2024,8,2024_08_CAR_DEN,577.0,CAR,J.Jewell,00-0034368,tackle_for_loss,2.0,6.0,,0.0,-0.9573436547070742
2024,8,2024_08_CAR_DEN,3031.0,DEN,J.Strnad,00-0036428,tackle_for_loss,3.0,3.0,,0.0,-1.6419263645075262
2024,8,2024_08_CHI_WAS,2292.0,CHI,T.Edwards,00-0035386,tackle_for_loss,1.0,10.0,,0.0,-1.3455405582208186
2024,8,2024_08_DAL_SF,3747.0,SF,F.Warner,00-0034815,tackle_for_loss,1.0,5.0,,0.0,-0.8072609659284353
2024,8,2024_08_DAL_SF,4192.0,DAL,D.Overshown,00-0038556,tackle_for_loss,2.0,3.0,,0.0,-1.295311348279938
2024,8,2024_08_GB_JAX,896.0,JAX,F.Oluokun,00-0034413,tackle_for_loss,1.0,10.0,,0.0,-0.8807683425839059
2024,8,2024_08_GB_JAX,1063.0,JAX,V.Miller,00-0038570,tackle_for_loss,2.0,5.0,,0.0,-0.7557925197179429
2024,8,2024_08_GB_JAX,1230.0,GB,Er.Wilson,00-0033336,tackle_for_loss,3.0,2.0,,0.0,-1.8102802569046617
2024,8,2024_08_GB_JAX,2427.0,JAX,D.Lloyd,00-0037244,tackle_for_loss,2.0,7.0,,0.0,-1.1250304926652461
2024,8,2024_08_GB_JAX,3164.0,GB,E.Cooper,00-0039850,tackle_for_loss,3.0,7.0,,0.0,-5.052072944294196
2024,8,2024_08_IND_HOU,3902.0,IND,E.Speed,00-0034987,tackle_for_loss,2.0,2.0,,0.0,-0.797142809140496
2024,8,2024_08_IND_HOU,3980.0,IND,Z.Franklin,00-0034431,tackle_for_loss,1.0,7.0,,0.0,-0.73909857776016
2024,8,2024_08_KC_LV,890.0,KC,D.Tranquill,00-0035262,tackle_for_loss,1.0,10.0,,0.0,-1.182991661131382
2024,8,2024_08_KC_LV,2460.0,KC,D.Tranquill,00-0035262,tackle_for_loss,1.0,4.0,,0.0,-1.0708431890234351
2024,8,2024_08_KC_LV,2747.0,KC,D.Tranquill,00-0035262,tackle_for_loss,3.0,1.0,,0.0,-2.9003159881103784
2024,8,2024_08_KC_LV,3572.0,LV,R.Spillane,00-0034720,tackle_for_loss,1.0,8.0,,0.0,-0.9149893511785194
2024,8,2024_08_MIN_LA,1170.0,MIN,I.Pace,00-0038807,tackle_for_loss,1.0,6.0,,0.0,-0.6709879278205335
2024,8,2024_08_NO_LAC,68.0,NO,P.Werner,00-0036927,tackle_for_loss,1.0,10.0,,0.0,-1.280248548835516
2024,8,2024_08_NO_LAC,1003.0,NO,P.Werner,00-0036927,tackle_for_loss,2.0,7.0,,0.0,-1.8018179901409894
2024,8,2024_08_NYG_PIT,488.0,PIT,E.Roberts,00-0032442,tackle_for_loss,2.0,5.0,,0.0,-1.0313173242029734
2024,8,2024_08_NYG_PIT,3025.0,NYG,M.McFadden,00-0037259,tackle_for_loss,1.0,10.0,,0.0,-1.1237907824106514
2024,8,2024_08_NYJ_NE,81.0,NYJ,C.Surratt,00-0037003,tackle_for_loss,2.0,4.0,,0.0,-1.217716879909858
2024,8,2024_08_NYJ_NE,2116.0,NYJ,C.Surratt,00-0037003,tackle_for_loss,1.0,10.0,,0.0,-1.1529184769606218
2024,8,2024_08_NYJ_NE,2791.0,NYJ,J.Sherwood,00-0036500,tackle_for_loss,1.0,10.0,,0.0,-1.2086130739189684
2024,8,2024_08_NYJ_NE,3013.0,NE,C.Elliss,00-0036813,tackle_for_loss,3.0,7.0,,0.0,-1.45119202436012
2024,8,2024_08_NYJ_NE,3195.0,NYJ,Qi.Williams,00-0035680,tackle_for_loss,1.0,10.0,,0.0,-0.791234165080823
2024,8,2024_08_PHI_CIN,134.0,PHI,N.Dean,00-0037615,tackle_for_loss,1.0,10.0,,0.0,-1.1125689803157002
2024,8,2024_08_PHI_CIN,1755.0,CIN,A.Davis-Gaither,00-0036298,tackle_for_loss,1.0,4.0,,0.0,-1.408038695459254
2024,8,2024_08_TEN_DET,1697.0,DET,A.Anzalone,00-0033914,tackle_for_loss,1.0,10.0,,0.0,-1.398049169452861
2024,9,2024_09_CHI_ARI,352.0,ARI,K.White,00-0034375,tackle_for_loss,1.0,10.0,,0.0,-1.0213018362410367
2024,9,2024_09_DAL_ATL,306.0,ATL,K.Elliss,00-0035316,tackle_for_loss,2.0,8.0,,0.0,-0.9668045665021054
2024,9,2024_09_DAL_ATL,1103.0,ATL,K.Elliss,00-0035316,tackle_for_loss,4.0,1.0,,0.0,-3.60451452457346
2024,9,2024_09_DAL_ATL,1191.0,DAL,D.Overshown,00-0038556,tackle_for_loss,2.0,2.0,,0.0,-1.02395028679166
2024,9,2024_09_DAL_ATL,2276.0,DAL,D.Overshown,00-0038556,tackle_for_loss,1.0,9.0,,0.0,-0.8666877885116264
2024,9,2024_09_DAL_ATL,3414.0,DAL,D.Overshown,00-0038556,tackle_for_loss,1.0,10.0,,0.0,-1.201969507150352
2024,9,2024_09_DEN_BAL,1349.0,BAL,T.Simpson,00-0038504,tackle_for_loss,1.0,1.0,,0.0,-0.5567741347185802
2024,9,2024_09_DEN_BAL,3537.0,BAL,T.Simpson,00-0038504,tackle_for_loss,3.0,1.0,,0.0,-2.954899138014298
2024,9,2024_09_DEN_BAL,3887.0,BAL,M.Harrison,00-0036280,tackle_for_loss,2.0,3.0,,0.0,-1.9373131901666056
2024,9,2024_09_DET_GB,2905.0,GB,I.McDuffie,00-0036658,tackle_for_loss,1.0,10.0,,0.0,-0.825695087434724
2024,9,2024_09_DET_GB,3164.0,DET,A.Anzalone,00-0033914,tackle_for_loss,1.0,10.0,,0.0,-0.8420227024471387
2024,9,2024_09_HOU_NYJ,945.0,HOU,H.To'oTo'o,00-0038599,tackle_for_loss,1.0,10.0,,0.0,-0.9235449053812772
2024,9,2024_09_HOU_NYJ,1906.0,HOU,H.To'oTo'o,00-0038599,tackle_for_loss,1.0,10.0,,0.0,-0.47664307220838964
2024,9,2024_09_HOU_NYJ,2848.0,NYJ,J.Sherwood,00-0036500,tackle_for_loss,2.0,10.0,,0.0,-1.0562399798072875
2024,9,2024_09_HOU_NYJ,2870.0,NYJ,J.Sherwood,00-0036500,tackle_for_loss,3.0,11.0,,0.0,-2.1185482380318663
2024,9,2024_09_IND_MIN,726.0,IND,G.Stuard,00-0036672,tackle_for_loss,2.0,9.0,,0.0,-1.7128247465007007
2024,9,2024_09_IND_MIN,2545.0,IND,E.Speed,00-0034987,tackle_for_loss,1.0,1.0,,0.0,-0.47038426430663094
2024,9,2024_09_IND_MIN,2567.0,IND,E.Speed,00-0034987,tackle_for_loss,2.0,2.0,,0.0,-1.7196476048557088
2024,9,2024_09_JAX_PHI,2560.0,PHI,Z.Baun,00-0036418,tackle_for_loss,1.0,10.0,,0.0,-0.8441866561770439
2024,9,2024_09_LAC_CLE,1777.0,LAC,D.Henley,00-0038553,tackle_for_loss,1.0,10.0,,0.0,-0.5448433505371213
2024,9,2024_09_LAC_CLE,2012.0,CLE,D.Bush,00-0035525,tackle_for_loss,1.0,10.0,,0.0,-0.57358337106416
2024,9,2024_09_LAC_CLE,3246.0,LAC,T.Dye,00-0036338,tackle_for_loss,4.0,3.0,,0.0,-2.9016283482778817
2024,9,2024_09_LA_SEA,396.0,LA,C.Rozeboom,00-0035942,tackle_for_loss,1.0,10.0,,0.0,-2.692788766697049
2024,9,2024_09_LA_SEA,3327.0,SEA,E.Jones,00-0036994,tackle_for_loss,2.0,1.0,,0.0,-1.4319587021600455
2024,9,2024_09_LA_SEA,3562.0,LA,C.Rozeboom,00-0035942,tackle_for_loss,2.0,8.0,,0.0,-1.052070970297791
2024,9,2024_09_LV_CIN,2801.0,LV,R.Spillane,00-0034720,tackle_for_loss,2.0,4.0,,0.0,-1.07016800227575
2024,9,2024_09_NE_TEN,138.0,NE,J.Tavai,00-0035240,tackle_for_loss,2.0,7.0,,0.0,-1.6936123308259994
2024,9,2024_09_NE_TEN,1344.0,TEN,J.Gibbens,00-0037596,tackle_for_loss,2.0,18.0,,0.0,-0.842706774128601
2024,9,2024_09_NE_TEN,1796.0,TEN,J.Gibbens,00-0037596,tackle_for_loss,3.0,1.0,,0.0,-1.0859380754409358
2024,9,2024_09_NE_TEN,2748.0,NE,R.McMillan,00-0033461,tackle_for_loss,1.0,10.0,,0.0,-1.0277035301551223
2024,9,2024_09_NO_CAR,415.0,NO,W.Gay,00-0036362,tackle_for_loss,3.0,5.0,,0.0,-2.250434389570728
2024,9,2024_09_NO_CAR,631.0,CAR,T.Wallace,00-0039347,tackle_for_loss,1.0,10.0,,0.0,-0.8796552023850381
2024,9,2024_09_NO_CAR,2951.0,NO,P.Werner,00-0036927,tackle_for_loss,1.0,10.0,,0.0,-1.3867755627725273
2024,9,2024_09_WAS_NYG,1580.0,NYG,B.Okereke,00-0035687,tackle_for_loss,1.0,10.0,,0.0,-0.7486377769964747
2024,10,2024_10_CIN_BAL,2756.0,CIN,L.Wilson,00-0036294,tackle_for_loss,3.0,11.0,,0.0,-1.592575179412961
2024,10,2024_10_DEN_KC,3000.0,KC,N.Bolton,00-0036621,tackle_for_loss,3.0,11.0,,0.0,-1.8778434644918889
2024,10,2024_10_DEN_KC,3441.0,DEN,J.Strnad,00-0036428,tackle_for_loss,2.0,10.0,,0.0,-1.4780731501523405
2024,10,2024_10_DET_HOU,852.0,HOU,A.Al-Shaair,00-0035166,tackle_for_loss,2.0,10.0,,0.0,-1.7132079389411956
2024,10,2024_10_DET_HOU,2301.0,HOU,A.Al-Shaair,00-0035166,tackle_for_loss,1.0,10.0,,0.0,-0.7998522186535411
2024,10,2024_10_DET_HOU,3769.0,HOU,H.To'oTo'o,00-0038599,tackle_for_loss,2.0,4.0,,0.0,-1.847628552466631
2024,10,2024_10_MIA_LA,2195.0,MIA,J.Brooks,00-0036409,tackle_for_loss,1.0,10.0,,0.0,-2.0276105400407687
2024,10,2024_10_MIA_LA,3412.0,LA,O.Speights,00-0039774,tackle_for_loss,2.0,5.0,,0.0,-0.7742138153407723
2024,10,2024_10_MIN_JAX,1810.0,MIN,B.Cashman,00-0035276,tackle_for_loss,2.0,9.0,,0.0,-1.3288256629602984
2024,10,2024_10_MIN_JAX,1995.0,MIN,I.Pace,00-0038807,tackle_for_loss,1.0,10.0,,0.0,-0.44285633269464597
2024,10,2024_10_MIN_JAX,2355.0,MIN,B.Cashman,00-0035276,tackle_for_loss,1.0,10.0,,0.0,-0.8066077269613743
2024,10,2024_10_MIN_JAX,3854.0,MIN,I.Pace,00-0038807,tackle_for_loss,1.0,10.0,,0.0,-0.45293389167636633
2024,10,2024_10_NE_CHI,3985.0,NE,J.Tavai,00-0035240,tackle_for_loss,1.0,10.0,,0.0,-1.0484445036854595
2024,10,2024_10_NYG_CAR,3586.0,CAR,J.Jewell,00-0034368,tackle_for_loss,2.0,5.0,,0.0,-1.1562760642846115
2024,10,2024_10_NYJ_ARI,1303.0,NYJ,J.Sherwood,00-0036500,tackle_for_loss,1.0,10.0,,0.0,-0.7464063144288957
2024,10,2024_10_NYJ_ARI,1489.0,NYJ,Qi.Williams,00-0035680,tackle_for_loss,1.0,10.0,,0.0,-1.5055453915847465
2024,10,2024_10_PHI_DAL,298.0,DAL,D.Overshown,00-0038556,tackle_for_loss,2.0,20.0,,0.0,-1.817706503206864
2024,10,2024_10_PHI_DAL,1222.0,DAL,D.Overshown,00-0038556,tackle_for_loss,2.0,9.0,,0.0,-1.9838400960434228
2024,10,2024_10_PHI_DAL,1330.0,PHI,Z.Baun,00-0036418,tackle_for_loss,1.0,10.0,,0.0,-0.9401890560984612
2024,10,2024_10_PIT_WAS,572.0,PIT,P.Queen,00-0036323,tackle_for_loss,2.0,1.0,,0.0,-1.3023958364501595
2024,10,2024_10_PIT_WAS,645.0,WAS,F.Luvu,00-0034302,tackle_for_loss,1.0,10.0,,0.0,-1.4797709193080664
2024,10,2024_10_PIT_WAS,1511.0,PIT,P.Queen,00-0036323,tackle_for_loss,2.0,12.0,,0.0,-1.0112366558751091
2024,10,2024_10_SF_TB,1487.0,SF,D.Campbell,00-0032401,tackle_for_loss,3.0,5.0,,0.0,-1.3262075013466168
2024,10,2024_10_TEN_LAC,753.0,LAC,D.Henley,00-0038553,tackle_for_loss,2.0,7.0,,0.0,-0.867168405558914
2024,11,2024_11_ATL_DEN,687.0,DEN,J.Strnad,00-0036428,tackle_for_loss,2.0,20.0,,0.0,-0.5530496402643621
2024,11,2024_11_ATL_DEN,2463.0,ATL,K.Elliss,00-0035316,tackle_for_loss,1.0,5.0,,0.0,-0.7959609898971394
2024,11,2024_11_BAL_PIT,915.0,PIT,P.Queen,00-0036323,tackle_for_loss,2.0,10.0,,0.0,-1.0468701729550958
2024,11,2024_11_BAL_PIT,2600.0,BAL,R.Smith,00-0034874,tackle_for_loss,1.0,10.0,,0.0,-0.8462256875354797
2024,11,2024_11_BAL_PIT,3291.0,BAL,R.Smith,00-0034874,tackle_for_loss,2.0,6.0,,0.0,-0.9686147294705734
2024,11,2024_11_CLE_NO,181.0,NO,D.Davis,00-0029607,tackle_for_loss,4.0,1.0,,0.0,-3.727775448001921
2024,11,2024_11_CLE_NO,779.0,CLE,M.Diabate,00-0038711,tackle_for_loss,2.0,2.0,,0.0,-0.8379053872777149
2024,11,2024_11_CLE_NO,1597.0,CLE,D.Bush,00-0035525,tackle_for_loss,1.0,10.0,,0.0,-0.827433296944946
2024,11,2024_11_CLE_NO,2755.0,CLE,D.Bush,00-0035525,tackle_for_loss,1.0,10.0,,0.0,-0.8133825010154396
2024,11,2024_11_GB_CHI,604.0,CHI,J.Sanborn,00-0037109,tackle_for_loss,2.0,10.0,,0.0,-1.2142593294847757
2024,11,2024_11_GB_CHI,1090.0,CHI,T.Edwards,00-0035386,tackle_for_loss,2.0,10.0,,0.0,-0.9483377290889621
2024,11,2024_11_HOU_DAL,650.0,HOU,H.To'oTo'o,00-0038599,tackle_for_loss,1.0,10.0,,0.0,-0.8610581064131111
2024,11,2024_11_JAX_DET,645.0,DET,A.Anzalone,00-0033914,tackle_for_loss,3.0,1.0,,0.0,-2.2261777189560235
2024,11,2024_11_JAX_DET,3238.0,DET,J.Campbell,00-0039018,tackle_for_loss,1.0,10.0,,0.0,-0.7656649956479669
2024,11,2024_11_KC_BUF,430.0,BUF,T.Bernard,00-0037254,tackle_for_loss,3.0,5.0,,0.0,-1.7668744884431362
2024,11,2024_11_LV_MIA,1388.0,MIA,J.Brooks,00-0036409,tackle_for_loss,1.0,10.0,,0.0,-0.9751660259207711
2024,11,2024_11_MIN_TEN,214.0,MIN,B.Cashman,00-0035276,tackle_for_loss,3.0,6.0,,0.0,-2.225630722241476
2024,11,2024_11_MIN_TEN,2363.0,TEN,K.Murray,00-0036441,tackle_for_loss,3.0,5.0,,0.0,-1.3917840924113989
2024,11,2024_11_WAS_PHI,595.0,WAS,F.Luvu,00-0034302,tackle_for_loss,3.0,8.0,,0.0,-1.4036360322497785
2024,11,2024_11_WAS_PHI,1087.0,WAS,F.Luvu,00-0034302,tackle_for_loss,1.0,10.0,,0.0,-1.7927027267869562
2024,11,2024_11_WAS_PHI,3457.0,PHI,Z.Baun,00-0036418,tackle_for_loss,3.0,1.0,,0.0,-1.556407205760479
2024,12,2024_12_ARI_SEA,134.0,SEA,T.Knight,00-0039815,tackle_for_loss,3.0,14.0,,0.0,-1.1702457726933062
2024,12,2024_12_ARI_SEA,174.0,ARI,K.White,00-0034375,tackle_for_loss,1.0,10.0,,0.0,-1.3515330753289163
2024,12,2024_12_BAL_LAC,2106.0,LAC,D.Henley,00-0038553,tackle_for_loss,2.0,7.0,,0.0,-1.0344862155616283
2024,12,2024_12_BAL_LAC,2367.0,BAL,M.Harrison,00-0036280,tackle_for_loss,2.0,3.0,,0.0,-1.2507369969971478
2024,12,2024_12_DAL_WAS,704.0,WAS,B.Wagner,00-0029255,tackle_for_loss,3.0,2.0,,0.0,-1.9035127108061651
2024,12,2024_12_DAL_WAS,1728.0,WAS,F.Luvu,00-0034302,tackle_for_loss,1.0,10.0,,0.0,-0.9659520536661148
2024,12,2024_12_DAL_WAS,1966.0,DAL,D.Overshown,00-0038556,tackle_for_loss,2.0,8.0,,0.0,-0.4277100505423732
2024,12,2024_12_DET_IND,1757.0,IND,Z.Franklin,00-0034431,tackle_for_loss,1.0,10.0,,0.0,-0.5238925551529974
2024,12,2024_12_KC_CAR,3999.0,CAR,J.Jewell,00-0034368,tackle_for_loss,2.0,6.0,,0.0,-1.1812510505551472
2024,12,2024_12_MIN_CHI,495.0,MIN,B.Cashman,00-0035276,tackle_for_loss,1.0,10.0,,0.0,-0.8687872299924493
2024,12,2024_12_MIN_CHI,3642.0,CHI,T.Edwards,00-0035386,tackle_for_loss,1.0,10.0,,0.0,-1.1095611182972789
2024,12,2024_12_NE_MIA,959.0,MIA,J.Brooks,00-0036409,tackle_for_loss,1.0,10.0,,0.0,-1.3699111645109951
2024,12,2024_12_NE_MIA,2854.0,NE,J.Tavai,00-0035240,tackle_for_loss,1.0,10.0,,0.0,-0.9606221979483962
2024,12,2024_12_NE_MIA,3733.0,NE,M.Mapu,00-0039054,tackle_for_loss,2.0,7.0,,0.0,-10.216507850098424
2024,12,2024_12_PHI_LA,2007.0,PHI,N.Dean,00-0037615,tackle_for_loss,2.0,5.0,,0.0,-0.8662371026584879
2024,12,2024_12_PHI_LA,3447.0,LA,C.Rozeboom,00-0035942,tackle_for_loss,1.0,7.0,,0.0,-0.7013942307094112
2024,12,2024_12_PHI_LA,3689.0,PHI,N.Dean,00-0037615,tackle_for_loss,1.0,10.0,,0.0,-0.8500657011754811
2024,12,2024_12_PIT_CLE,481.0,CLE,J.Hicks,00-0032129,tackle_for_loss,2.0,4.0,,0.0,-1.332951286341995
2024,12,2024_12_PIT_CLE,2272.0,CLE,M.Diabate,00-0038711,tackle_for_loss,1.0,10.0,,0.0,-0.760158653720282
2024,12,2024_12_PIT_CLE,2417.0,CLE,J.Hicks,00-0032129,tackle_for_loss,2.0,6.0,,0.0,-1.586661129957065
2024,12,2024_12_SF_GB,497.0,GB,Q.Walker,00-0037074,tackle_for_loss,3.0,5.0,,0.0,-1.6116242101415992
2024,12,2024_12_SF_GB,3043.0,GB,Q.Walker,00-0037074,tackle_for_loss,2.0,10.0,,0.0,-0.9364714110270143
2024,12,2024_12_TEN_HOU,890.0,TEN,K.Murray,00-0036441,tackle_for_loss,2.0,10.0,,0.0,-1.5071028862148523
2024,12,2024_12_TEN_HOU,1314.0,TEN,K.Murray,00-0036441,tackle_for_loss,1.0,10.0,,0.0,-0.799714669585228
2024,12,2024_12_TEN_HOU,1894.0,HOU,A.Al-Shaair,00-0035166,tackle_for_loss,3.0,9.0,,0.0,-1.6449687816784717
2024,13,2024_13_ARI_MIN,1048.0,ARI,K.White,00-0034375,tackle_for_loss,3.0,4.0,,0.0,-2.346699185669422
2024,13,2024_13_ARI_MIN,1666.0,ARI,Ma.Wilson,00-0035144,tackle_for_loss,3.0,6.0,,0.0,-1.666657134200783
2024,13,2024_13_ARI_MIN,2650.0,ARI,Ma.Wilson,00-0035144,tackle_for_loss,2.0,9.0,,0.0,-1.643173111602664
2024,13,2024_13_CLE_DEN,1188.0,CLE,D.Bush,00-0035525,tackle_for_loss,1.0,10.0,,0.0,-0.7110322671942413
2024,13,2024_13_HOU_JAX,893.0,JAX,V.Miller,00-0038570,tackle_for_loss,1.0,10.0,,0.0,-0.8909810055047274
2024,13,2024_13_HOU_JAX,2671.0,JAX,D.Lloyd,00-0037244,tackle_for_loss,1.0,10.0,,0.0,-1.2129148251842707
2024,13,2024_13_IND_NE,1030.0,IND,E.Speed,00-0034987,tackle_for_loss,3.0,1.0,,0.0,-2.7627329785453556
2024,13,2024_13_IND_NE,2056.0,IND,Z.Franklin,00-0034431,tackle_for_loss,3.0,3.0,,0.0,-1.1776685692417561
2024,13,2024_13_LAC_ATL,753.0,ATL,K.Elliss,00-0035316,tackle_for_loss,2.0,8.0,,0.0,-1.676485046686139
2024,13,2024_13_LAC_ATL,3237.0,LAC,D.Henley,00-0038553,tackle_for_loss,1.0,9.0,,0.0,-1.0298634280334227
2024,13,2024_13_LA_NO,2330.0,LA,C.Rozeboom,00-0035942,tackle_for_loss,2.0,6.0,,0.0,-1.1044396222569048
2024,13,2024_13_LV_KC,4429.0,KC,N.Bolton,00-0036621,tackle_for_loss,1.0,10.0,,0.0,-0.7695523441070691
2024,13,2024_13_MIA_GB,515.0,GB,I.McDuffie,00-0036658,tackle_for_loss,1.0,10.0,,0.0,-0.8321681576780975
2024,13,2024_13_MIA_GB,1071.0,GB,Q.Walker,00-0037074,tackle_for_loss,1.0,10.0,,0.0,-0.7553612194024026
2024,13,2024_13_MIA_GB,2604.0,MIA,J.Brooks,00-0036409,tackle_for_loss,2.0,8.0,,0.0,-1.209706348075997
2024,13,2024_13_MIA_GB,3421.0,GB,Q.Walker,00-0037074,tackle_for_loss,4.0,1.0,,0.0,-4.405671307700686
2024,13,2024_13_NYG_DAL,4174.0,NYG,B.Okereke,00-0035687,tackle_for_loss,1.0,10.0,,0.0,-0.8006893541896716
2024,13,2024_13_NYG_DAL,4218.0,NYG,B.Okereke,00-0035687,tackle_for_loss,3.0,7.0,,0.0,-2.03419689508155
2024,13,2024_13_PHI_BAL,1173.0,BAL,C.Board,00-0034787,tackle_for_loss,3.0,1.0,,0.0,-1.9873284143395722
2024,13,2024_13_PHI_BAL,1575.0,PHI,Z.Baun,00-0036418,tackle_for_loss,3.0,2.0,,0.0,-2.031127654481679
2024,13,2024_13_SEA_NYJ,2822.0,NYJ,Qi.Williams,00-0035680,tackle_for_loss,4.0,1.0,,0.0,-5.3412392772734165
2024,13,2024_13_SEA_NYJ,3775.0,NYJ,Qi.Williams,00-0035680,tackle_for_loss,1.0,10.0,,0.0,-1.4360946009401232
2024,13,2024_13_SF_BUF,589.0,SF,D.Campbell,00-0032401,tackle_for_loss,1.0,10.0,,0.0,-1.2911842355970293
2024,13,2024_13_TB_CAR,201.0,CAR,J.Jewell,00-0034368,tackle_for_loss,2.0,4.0,,0.0,-1.9219521009363234
2024,13,2024_13_TB_CAR,3139.0,CAR,J.Jewell,00-0034368,tackle_for_loss,3.0,9.0,,0.0,-1.8438589675351977
2024,13,2024_13_TB_CAR,4814.0,CAR,T.Wallace,00-0039347,tackle_for_loss,2.0,6.0,,0.0,-1.7987902954919264
2024,13,2024_13_TEN_WAS,1244.0,TEN,K.Murray,00-0036441,tackle_for_loss,2.0,1.0,,0.0,-1.441520267224405
2024,13,2024_13_TEN_WAS,2016.0,WAS,F.Luvu,00-0034302,tackle_for_loss,1.0,10.0,,0.0,-0.687746005714871
2024,14,2024_14_ATL_MIN,2342.0,ATL,K.Elliss,00-0035316,tackle_for_loss,2.0,14.0,,0.0,-1.611570900771767
2024,14,2024_14_CAR_PHI,333.0,CAR,J.Jewell,00-0034368,tackle_for_loss,1.0,10.0,,0.0,-1.407646840205416
2024,14,2024_14_CAR_PHI,646.0,PHI,Z.Baun,00-0036418,tackle_for_loss,3.0,7.0,,0.0,-2.174633565591648
2024,14,2024_14_CAR_PHI,737.0,CAR,J.Jewell,00-0034368,tackle_for_loss,3.0,2.0,,0.0,-1.9957805927842855
2024,14,2024_14_CAR_PHI,1528.0,PHI,Z.Baun,00-0036418,tackle_for_loss,1.0,6.0,,0.0,-1.0089218761422671
2024,14,2024_14_CAR_PHI,3186.0,PHI,Z.Baun,00-0036418,tackle_for_loss,2.0,4.0,,0.0,-0.9723087681923062
2024,14,2024_14_CHI_SF,946.0,CHI,T.Edwards,00-0035386,tackle_for_loss,1.0,10.0,,0.0,-1.2257238591555506
2024,14,2024_14_CHI_SF,1033.0,CHI,T.Edwards,00-0035386,tackle_for_loss,2.0,7.0,,0.0,-0.9759557705838233
2024,14,2024_14_CHI_SF,3751.0,SF,J.Graham,00-0038648,tackle_for_loss,1.0,10.0,,0.0,-0.607109040778596
2024,14,2024_14_CIN_DAL,3497.0,DAL,E.Kendricks,00-0031554,tackle_for_loss,1.0,10.0,,0.0,-0.8378039214294404
2024,14,2024_14_CIN_DAL,4098.0,DAL,M.Liufau,00-0039352,tackle_for_loss,3.0,19.0,,0.0,-1.4373867148533463
2024,14,2024_14_CLE_PIT,103.0,CLE,D.Bush,00-0035525,tackle_for_loss,2.0,2.0,,0.0,-1.0238947744946927
2024,14,2024_14_CLE_PIT,648.0,CLE,M.Diabate,00-0038711,tackle_for_loss,1.0,10.0,,0.0,-1.014384088339284
2024,14,2024_14_CLE_PIT,2937.0,PIT,E.Roberts,00-0032442,tackle_for_loss,4.0,1.0,,0.0,-3.5918882712721825
2024,14,2024_14_CLE_PIT,3778.0,PIT,P.Wilson,00-0039741,tackle_for_loss,2.0,10.0,,0.0,-1.46167241060175
2024,14,2024_14_CLE_PIT,4025.0,CLE,W.Reid,00-0039515,tackle_for_loss,1.0,10.0,,0.0,-0.8414951395243406
2024,14,2024_14_GB_DET,3143.0,GB,Q.Walker,00-0037074,tackle_for_loss,4.0,1.0,,0.0,-3.9482782679842785
2024,14,2024_14_JAX_TEN,841.0,TEN,O.Reese,00-0038853,tackle_for_loss,2.0,6.0,,0.0,-1.8292231387458742
2024,14,2024_14_JAX_TEN,2753.0,TEN,L.Gifford,00-0035413,tackle_for_loss,1.0,10.0,,0.0,-0.7887857221066952
2024,14,2024_14_LAC_KC,3496.0,KC,N.Bolton,00-0036621,tackle_for_loss,1.0,10.0,,0.0,-1.4009375830646604
2024,14,2024_14_LV_TB,498.0,TB,L.David,00-0029562,tackle_for_loss,3.0,10.0,,0.0,-1.9084393784869462
2024,14,2024_14_NO_NYG,504.0,NYG,M.McFadden,00-0037259,tackle_for_loss,1.0,10.0,,0.0,-0.9992079102667049
2024,14,2024_14_NO_NYG,1057.0,NYG,M.McFadden,00-0037259,tackle_for_loss,1.0,10.0,,0.0,-1.3211382701992989
2024,14,2024_14_NO_NYG,2931.0,NYG,M.McFadden,00-0037259,tackle_for_loss,1.0,15.0,,0.0,-0.9171077813953161
2024,14,2024_14_NO_NYG,3635.0,NYG,M.McFadden,00-0037259,tackle_for_loss,1.0,10.0,,0.0,-1.0102610629983246
2024,14,2024_14_NO_NYG,4203.0,NYG,M.McFadden,00-0037259,tackle_for_loss,3.0,1.0,,0.0,-1.5513465722324327
2024,14,2024_14_NYJ_MIA,248.0,NYJ,J.Sherwood,00-0036500,tackle_for_loss,1.0,1.0,,0.0,-0.5033752728486434
2024,14,2024_14_NYJ_MIA,3049.0,MIA,J.Brooks,00-0036409,tackle_for_loss,3.0,4.0,,0.0,-1.439967658599869
2024,14,2024_14_NYJ_MIA,3578.0,NYJ,J.Sherwood,00-0036500,tackle_for_loss,3.0,1.0,,0.0,-2.7633156523224898
2024,14,2024_14_SEA_ARI,187.0,SEA,T.Knight,00-0039815,tackle_for_loss,1.0,5.0,,0.0,-0.7503058712463826
2024,15,2024_15_ATL_LV,250.0,ATL,K.Elliss,00-0035316,tackle_for_loss,1.0,10.0,,0.0,-1.5676263889763504
2024,15,2024_15_ATL_LV,2950.0,LV,D.Deablo,00-0036990,tackle_for_loss,1.0,10.0,,0.0,-1.2255575300659984
2024,15,2024_15_BAL_NYG,3869.0,BAL,M.Harrison,00-0036280,tackle_for_loss,2.0,10.0,,0.0,-0.703106677159667
2024,15,2024_15_BUF_DET,783.0,BUF,T.Bernard,00-0037254,tackle_for_loss,1.0,10.0,,0.0,-1.0574974750634283
2024,15,2024_15_BUF_DET,4176.0,DET,D.Long,00-0035292,tackle_for_loss,2.0,4.0,,0.0,-0.8916000493918546
2024,15,2024_15_CHI_MIN,1164.0,CHI,T.Edmunds,00-0034673,tackle_for_loss,2.0,10.0,,0.0,-1.055334183969535
2024,15,2024_15_CHI_MIN,3179.0,CHI,T.Edwards,00-0035386,tackle_for_loss,1.0,10.0,,0.0,-0.8557267261203378
2024,15,2024_15_CHI_MIN,4130.0,CHI,T.Edwards,00-0035386,tackle_for_loss,3.0,8.0,,0.0,-2.6150516658090055
2024,15,2024_15_DAL_CAR,1571.0,DAL,M.Liufau,00-0039352,tackle_for_loss,1.0,10.0,,0.0,-1.045320914592594
2024,15,2024_15_GB_SEA,423.0,GB,E.Cooper,00-0039850,tackle_for_loss,3.0,4.0,,0.0,-2.5452294726856053
2024,15,2024_15_GB_SEA,4073.0,GB,E.Cooper,00-0039850,tackle_for_loss,1.0,10.0,,0.0,-0.8128348065074533
2024,15,2024_15_IND_DEN,456.0,IND,Z.Franklin,00-0034431,tackle_for_loss,2.0,3.0,,0.0,-1.1934630242176354
2024,15,2024_15_IND_DEN,1133.0,DEN,J.Strnad,00-0036428,tackle_for_loss,3.0,6.0,,0.0,-1.0558494784636423
2024,15,2024_15_IND_DEN,3186.0,IND,Z.Franklin,00-0034431,tackle_for_loss,1.0,10.0,,0.0,-0.9887279369868338
2024,15,2024_15_LA_SF,2300.0,LA,O.Speights,00-0039774,tackle_for_loss,2.0,8.0,,0.0,-0.7942951240111142
2024,15,2024_15_LA_SF,3818.0,LA,C.Rozeboom,00-0035942,tackle_for_loss,2.0,10.0,,0.0,-0.33015788276679814
2024,15,2024_15_MIA_HOU,1073.0,MIA,J.Brooks,00-0036409,tackle_for_loss,1.0,10.0,,0.0,-0.9584332702215761
2024,15,2024_15_NYJ_JAX,2280.0,JAX,F.Oluokun,00-0034413,tackle_for_loss,1.0,10.0,,0.0,-0.9398015891201794
2024,15,2024_15_TB_LAC,1106.0,TB,L.David,00-0029562,tackle_for_loss,1.0,10.0,,0.0,-1.813194649410434
2024,15,2024_15_TB_LAC,1734.0,LAC,T.Dye,00-0036338,tackle_for_loss,2.0,1.0,,0.0,-1.1755636519519612
2024,15,2024_15_WAS_NO,741.0,WAS,B.Wagner,00-0029255,tackle_for_loss,2.0,19.0,,0.0,-1.2471361521165818
2024,15,2024_15_WAS_NO,2676.0,NO,D.Davis,00-0029607,tackle_for_loss,1.0,10.0,,0.0,-0.906087361741811
2024,15,2024_15_WAS_NO,2750.0,NO,D.Davis,00-0029607,tackle_for_loss,2.0,10.0,,0.0,-1.6873418509494513
2024,16,2024_16_ARI_CAR,3392.0,CAR,J.Windmon,00-0039457,tackle_for_loss,1.0,10.0,,0.0,-0.9573006450664252
2024,16,2024_16_ARI_CAR,4389.0,ARI,K.White,00-0034375,tackle_for_loss,3.0,2.0,,0.0,-1.8802897257264704
2024,16,2024_16_DEN_LAC,114.0,DEN,C.Barton,00-0035672,tackle_for_loss,3.0,3.0,,0.0,-2.030336163006723
2024,16,2024_16_DEN_LAC,2276.0,LAC,D.Henley,00-0038553,tackle_for_loss,1.0,10.0,,0.0,-0.89130735443905
2024,16,2024_16_HOU_KC,780.0,HOU,C.Harris,00-0037823,tackle_for_loss,2.0,5.0,,0.0,-1.9663230639416724
2024,16,2024_16_HOU_KC,2186.0,HOU,H.To'oTo'o,00-0038599,tackle_for_loss,2.0,10.0,,0.0,-0.6067352928803302
2024,16,2024_16_HOU_KC,4091.0,KC,N.Bolton,00-0036621,tackle_for_loss,1.0,10.0,,0.0,-0.7041647469159216
2024,16,2024_16_JAX_LV,3789.0,LV,R.Spillane,00-0034720,tackle_for_loss,1.0,10.0,,0.0,-1.1858958154916763
2024,16,2024_16_MIN_SEA,2319.0,MIN,B.Cashman,00-0035276,tackle_for_loss,1.0,15.0,,0.0,-0.5930020723026246
2024,16,2024_16_NO_GB,1101.0,GB,E.Cooper,00-0039850,tackle_for_loss,1.0,10.0,,0.0,-0.9730129232630134
2024,16,2024_16_NO_GB,3156.0,NO,D.Davis,00-0029607,tackle_for_loss,1.0,10.0,,0.0,-1.1042622216045856
2024,16,2024_16_NYG_ATL,1853.0,ATL,K.Elliss,00-0035316,tackle_for_loss,1.0,10.0,,0.0,-5.407400845899247
2024,16,2024_16_NYG_ATL,1912.0,NYG,D.Muasau,00-0039829,tackle_for_loss,2.0,7.0,,0.0,0.17744082395802252
2024,16,2024_16_NYG_ATL,2403.0,NYG,T.Summers,00-0034999,tackle_for_loss,1.0,10.0,,0.0,-0.8449273873120546
2024,16,2024_16_PHI_WAS,2279.0,WAS,F.Luvu,00-0034302,tackle_for_loss,3.0,1.0,,0.0,-1.8711810790700838
2024,16,2024_16_PHI_WAS,2859.0,WAS,F.Luvu,00-0034302,tackle_for_loss,1.0,10.0,,0.0,-0.8607214787043631
2024,16,2024_16_PHI_WAS,3288.0,PHI,Z.Baun,00-0036418,tackle_for_loss,1.0,10.0,,0.0,-0.9539918621303514
2024,16,2024_16_PHI_WAS,3409.0,PHI,Z.Baun,00-0036418,tackle_for_loss,1.0,10.0,,0.0,-0.8507833053008653
2024,16,2024_16_PIT_BAL,2351.0,PIT,E.Roberts,00-0032442,tackle_for_loss,3.0,1.0,,0.0,-2.2637836933135986
2024,16,2024_16_SF_MIA,398.0,MIA,J.Brooks,00-0036409,tackle_for_loss,2.0,17.0,,0.0,-1.3781417957507074
2024,16,2024_16_SF_MIA,3801.0,SF,D.Flannigan-Fowles,00-0035020,tackle_for_loss,3.0,3.0,,0.0,-1.4577110391776678
2024,16,2024_16_TB_DAL,208.0,TB,L.David,00-0029562,tackle_for_loss,1.0,10.0,,0.0,-0.8876129877753556
2024,16,2024_16_TB_DAL,852.0,TB,L.David,00-0029562,tackle_for_loss,2.0,5.0,,0.0,-1.4471753155812621
2024,16,2024_16_TEN_IND,3270.0,IND,J.Carlies,00-0039377,tackle_for_loss,1.0,10.0,,0.0,-0.950804463471286
2024,17,2024_17_ARI_LA,877.0,ARI,K.White,00-0034375,tackle_for_loss,2.0,19.0,,0.0,-1.3653001519851387
2024,17,2024_17_ATL_WAS,784.0,ATL,J.Bertrand,00-0039370,tackle_for_loss,2.0,10.0,,0.0,-2.4015817381441593
2024,17,2024_17_BAL_HOU,1378.0,BAL,R.Smith,00-0034874,tackle_for_loss,2.0,3.0,,0.0,-1.1778712093946524
2024,17,2024_17_BAL_HOU,2236.0,BAL,C.Board,00-0034787,tackle_for_loss,2.0,8.0,,0.0,-2.2261623735539615
2024,17,2024_17_BAL_HOU,3436.0,HOU,D.Phillips,00-0035202,tackle_for_loss,2.0,13.0,,0.0,-0.9471666435711086
2024,17,2024_17_DAL_PHI,1357.0,DAL,E.Kendricks,00-0031554,tackle_for_loss,1.0,10.0,,0.0,-1.2222299363929778
2024,17,2024_17_DEN_CIN,1254.0,DEN,J.Strnad,00-0036428,tackle_for_loss,2.0,1.0,,0.0,-1.238254744617734
2024,17,2024_17_DEN_CIN,2487.0,CIN,A.Davis-Gaither,00-0036298,tackle_for_loss,1.0,10.0,,0.0,-0.847923394292593
2024,17,2024_17_DET_SF,594.0,SF,F.Warner,00-0034815,tackle_for_loss,2.0,1.0,,0.0,-1.4418975245789625
2024,17,2024_17_GB_MIN,1015.0,GB,E.Cooper,00-0039850,tackle_for_loss,1.0,10.0,,0.0,-0.9285470272880048
2024,17,2024_17_GB_MIN,1504.0,GB,E.Cooper,00-0039850,tackle_for_loss,2.0,4.0,,0.0,-1.2432268713018857
2024,17,2024_17_GB_MIN,2513.0,GB,I.McDuffie,00-0036658,tackle_for_loss,1.0,10.0,,0.0,-0.7844566353596747
2024,17,2024_17_GB_MIN,2881.0,GB,E.Cooper,00-0039850,tackle_for_loss,1.0,7.0,,0.0,-0.8491431352449581
2024,17,2024_17_GB_MIN,3299.0,GB,E.Cooper,00-0039850,tackle_for_loss,2.0,12.0,,0.0,-1.1094127140240744
2024,17,2024_17_GB_MIN,4101.0,MIN,B.Cashman,00-0035276,tackle_for_loss,1.0,1.0,,0.0,-0.6830176063813269
2024,17,2024_17_IND_NYG,281.0,IND,Z.Franklin,00-0034431,tackle_for_loss,2.0,11.0,,0.0,-0.8979044451843947
2024,17,2024_17_IND_NYG,679.0,IND,Z.Franklin,00-0034431,tackle_for_loss,1.0,10.0,,0.0,-1.2277690740302205
2024,17,2024_17_IND_NYG,2805.0,IND,Z.Franklin,00-0034431,tackle_for_loss,2.0,6.0,,0.0,-1.2318885424174368
2024,17,2024_17_IND_NYG,3906.0,IND,Z.Franklin,00-0034431,tackle_for_loss,2.0,7.0,,0.0,-0.8740831164759584
2024,17,2024_17_LV_NO,1379.0,LV,R.Spillane,00-0034720,tackle_for_loss,1.0,10.0,,0.0,-0.8718656520359218
2024,17,2024_17_LV_NO,2806.0,LV,R.Spillane,00-0034720,tackle_for_loss,3.0,10.0,,0.0,-2.2812110232189298
2024,17,2024_17_LV_NO,3446.0,NO,D.Davis,00-0029607,tackle_for_loss,1.0,10.0,,0.0,-0.8297222106484696
2024,17,2024_17_MIA_CLE,728.0,MIA,J.Brooks,00-0036409,tackle_for_loss,1.0,10.0,,0.0,-0.7403938851784915
2024,17,2024_17_MIA_CLE,1173.0,CLE,D.Bush,00-0035525,tackle_for_loss,2.0,7.0,,0.0,-0.9805390934925526
2024,17,2024_17_MIA_CLE,2464.0,CLE,D.Bush,00-0035525,tackle_for_loss,1.0,10.0,,0.0,-0.8981001095380634
2024,17,2024_17_MIA_CLE,3089.0,CLE,D.Bush,00-0035525,tackle_for_loss,4.0,1.0,,0.0,-3.8553566010668874
2024,17,2024_17_NYJ_BUF,903.0,NYJ,Qi.Williams,00-0035680,tackle_for_loss,1.0,10.0,,0.0,-1.027790427673608
2024,17,2024_17_NYJ_BUF,3604.0,NYJ,J.Sherwood,00-0036500,tackle_for_loss,2.0,13.0,,0.0,-0.9769615372642875
2024,17,2024_17_NYJ_BUF,4212.0,BUF,J.Andreessen,00-0039763,tackle_for_loss,2.0,5.0,,0.0,-0.943098065094091
2024,17,2024_17_SEA_CHI,2888.0,CHI,T.Edwards,00-0035386,tackle_for_loss,3.0,3.0,,0.0,-1.4364340109750628
2024,17,2024_17_TEN_JAX,2240.0,JAX,F.Oluokun,00-0034413,tackle_for_loss,2.0,7.0,,0.0,-0.9375977059826255
2024,18,2024_18_BUF_NE,1692.0,BUF,E.Ulofoshio,00-0039878,tackle_for_loss,3.0,16.0,,0.0,-1.2691202053101733
2024,18,2024_18_CHI_GB,3075.0,GB,E.Cooper,00-0039850,tackle_for_loss,2.0,3.0,,0.0,-0.9708112955559045
2024,18,2024_18_CHI_GB,3290.0,CHI,T.Edwards,00-0035386,tackle_for_loss,2.0,4.0,,0.0,-1.4702258554752916
2024,18,2024_18_CIN_PIT,674.0,PIT,P.Queen,00-0036323,tackle_for_loss,3.0,6.0,,0.0,-1.5736911627508448
2024,18,2024_18_CIN_PIT,776.0,CIN,S.Heyward,00-0038890,tackle_for_loss,1.0,10.0,,0.0,-0.7580625955015421
2024,18,2024_18_CIN_PIT,3733.0,PIT,P.Wilson,00-0039741,tackle_for_loss,1.0,10.0,,0.0,-1.0597880475688726
2024,18,2024_18_CIN_PIT,4291.0,CIN,A.Davis-Gaither,00-0036298,tackle_for_loss,1.0,10.0,,0.0,-0.29192609479650855
2024,18,2024_18_JAX_IND,512.0,JAX,D.Lloyd,00-0037244,tackle_for_loss,1.0,10.0,,0.0,-1.444727876689285
2024,18,2024_18_JAX_IND,4570.0,JAX,D.Lloyd,00-0037244,tackle_for_loss,2.0,3.0,,0.0,-0.937349995248951
2024,18,2024_18_JAX_IND,4706.0,IND,Z.Franklin,00-0034431,tackle_for_loss,3.0,6.0,,0.0,-1.6888354662805796
2024,18,2024_18_LAC_LV,1827.0,LV,D.Deablo,00-0036990,tackle_for_loss,2.0,3.0,,0.0,-1.1439292812137865
2024,18,2024_18_MIA_NYJ,97.0,NYJ,Qi.Williams,00-0035680,tackle_for_loss,2.0,10.0,,0.0,-1.4224993446841836
2024,18,2024_18_MIA_NYJ,758.0,NYJ,Qi.Williams,00-0035680,tackle_for_loss,1.0,10.0,,0.0,-0.8431513328105211
2024,18,2024_18_MIA_NYJ,932.0,NYJ,Qi.Williams,00-0035680,tackle_for_loss,1.0,3.0,,0.0,-1.332220738811884
2024,18,2024_18_MIA_NYJ,3154.0,NYJ,Qi.Williams,00-0035680,tackle_for_loss,1.0,10.0,,0.0,-1.148761288728565
2024,18,2024_18_MIA_NYJ,3315.0,NYJ,Qi.Williams,00-0035680,tackle_for_loss,1.0,10.0,,0.0,-1.0429690120508894
2024,18,2024_18_MIN_DET,4316.0,MIN,I.Pace,00-0038807,tackle_for_loss,2.0,7.0,,0.0,-0.5024710930883884
2024,18,2024_18_NO_TB,277.0,TB,K.Britt,00-0036643,tackle_for_loss,3.0,2.0,,0.0,-1.6018643985820025
2024,18,2024_18_NO_TB,485.0,NO,N.Sewell,00-0037544,tackle_for_loss,1.0,10.0,,0.0,-0.9199900629464537
2024,18,2024_18_NO_TB,2846.0,TB,K.Britt,00-0036643,tackle_for_loss,2.0,3.0,,0.0,-0.7710951458429918
2024,18,2024_18_NO_TB,3861.0,NO,N.Sewell,00-0037544,tackle_for_loss,1.0,10.0,,0.0,-0.9225973873399198
2024,18,2024_18_NYG_PHI,3562.0,NYG,D.Muasau,00-0039829,tackle_for_loss,1.0,10.0,,0.0,-0.6878752584452741
2024,18,2024_18_SF_ARI,3445.0,SF,F.Warner,00-0034815,tackle_for_loss,2.0,10.0,,0.0,-1.2329865017090924
2024,18,2024_18_SF_ARI,3795.0,ARI,K.White,00-0034375,tackle_for_loss,1.0,10.0,,0.0,-0.8425051318481565
2024,18,2024_18_WAS_DAL,1407.0,WAS,B.Wagner,00-0029255,tackle_for_loss,1.0,15.0,,0.0,-0.7086244868114591
2024,18,2024_18_WAS_DAL,2476.0,WAS,F.Luvu,00-0034302,tackle_for_loss,1.0,10.0,,0.0,-0.9763047392480075
2024,18,2024_18_WAS_DAL,2683.0,DAL,M.Liufau,00-0039352,tackle_for_loss,1.0,10.0,,0.0,-0.9239287400851026
2024,18,2024_18_WAS_DAL,4033.0,WAS,B.Wagner,00-0029255,tackle_for_loss,1.0,10.0,,0.0,-0.9295942905591801
2024,19,2024_19_DEN_BUF,1261.0,BUF,T.Bernard,00-0037254,tackle_for_loss,2.0,4.0,,0.0,-1.3203327886294574
2024,19,2024_19_GB_PHI,1352.0,PHI,N.Dean,00-0037615,tackle_for_loss,2.0,6.0,,0.0,-1.6062234095297754
2024,19,2024_19_GB_PHI,1481.0,PHI,N.Dean,00-0037615,tackle_for_loss,2.0,10.0,,0.0,-1.2626072471612133
2024,19,2024_19_MIN_LA,2254.0,MIN,I.Pace,00-0038807,tackle_for_loss,1.0,10.0,,0.0,-1.0164503804408014
2024,19,2024_19_MIN_LA,2430.0,MIN,I.Pace,00-0038807,tackle_for_loss,1.0,10.0,,0.0,-0.9273323555244133
2024,19,2024_19_PIT_BAL,508.0,PIT,P.Wilson,00-0039741,tackle_for_loss,2.0,10.0,,0.0,-1.3836456733988598
2024,19,2024_19_PIT_BAL,818.0,PIT,P.Queen,00-0036323,tackle_for_loss,2.0,8.0,,0.0,-1.3974366763141006
2024,20,2024_20_BAL_BUF,2699.0,BAL,M.Harrison,00-0036280,tackle_for_loss,1.0,10.0,,0.0,-0.7822012298274785
2024,20,2024_20_HOU_KC,3877.0,HOU,D.Phillips,00-0035202,tackle_for_loss,4.0,15.0,,0.0,-1.917618786683306
2024,20,2024_20_LA_PHI,1936.0,LA,O.Speights,00-0039774,tackle_for_loss,2.0,8.0,,0.0,-2.414722587214783
2024,20,2024_20_LA_PHI,3201.0,PHI,Z.Baun,00-0036418,tackle_for_loss,2.0,6.0,,0.0,-1.0900662117637694
2024,20,2024_20_WAS_DET,658.0,DET,A.Anzalone,00-0033914,tackle_for_loss,1.0,10.0,,0.0,-1.1497822019737214
2024,20,2024_20_WAS_DET,1313.0,DET,A.Anzalone,00-0033914,tackle_for_loss,1.0,1.0,,0.0,-0.5224517695023678
2024,21,2024_21_WAS_PHI,1447.0,WAS,F.Luvu,00-0034302,tackle_for_loss,3.0,6.0,,0.0,-2.276058664130355
2024,21,2024_21_WAS_PHI,2609.0,WAS,B.Wagner,00-0029255,tackle_for_loss,1.0,10.0,,0.0,-0.8811892124358565
2024,21,2024_21_WAS_PHI,3367.0,WAS,F.Luvu,00-0034302,tackle_for_loss,3.0,5.0,,0.0,-2.2803078808356076
2024,21,2024_21_WAS_PHI,3956.0,PHI,Z.Baun,00-0036418,tackle_for_loss,2.0,10.0,,0.0,-1.1005436314735562
2024,22,2024_22_KC_PHI,129.0,KC,N.Bolton,00-0036621,tackle_for_loss,2.0,7.0,,0.0,-1.4700430370867252
2024,22,2024_22_KC_PHI,1196.0,KC,D.Tranquill,00-0035262,tackle_for_loss,1.0,10.0,,0.0,-0.7574796115513891
2024,22,2024_22_KC_PHI,3302.0,KC,D.Tranquill,00-0035262,tackle_for_loss,2.0,8.0,,0.0,-1.3824478001333773
2024,22,2024_22_KC_PHI,4071.0,KC,N.Bolton,00-0036621,tackle_for_loss,3.0,5.0,,0.0,-0.9114462616853416
2025,1,2025_01_ARI_NO,2364.0,NO,D.Davis,00-0029607,tackle_for_loss,1.0,10.0,,0.0,-0.9764494327828288
2025,1,2025_01_ARI_NO,2463.0,NO,D.Davis,00-0029607,tackle_for_loss,3.0,10.0,,0.0,-1.191799800855717
2025,1,2025_01_ARI_NO,4101.0,ARI,Ma.Wilson,00-0035144,tackle_for_loss,2.0,3.0,,0.0,-1.3784453074040357
2025,1,2025_01_BAL_BUF,218.0,BAL,T.Simpson,00-0038504,tackle_for_loss,1.0,10.0,,0.0,-0.8035992130171508
2025,1,2025_01_BAL_BUF,1727.0,BUF,T.Bernard,00-0037254,tackle_for_loss,1.0,10.0,,0.0,-2.215520252007991
2025,1,2025_01_CIN_CLE,88.0,CLE,D.Bush,00-0035525,tackle_for_loss,1.0,10.0,,0.0,-0.7464918533805758
2025,1,2025_01_CIN_CLE,3997.0,CLE,C.Schwesinger,00-0040579,tackle_for_loss,2.0,7.0,,0.0,-1.5386590939597227
2025,1,2025_01_DAL_PHI,778.0,PHI,Z.Baun,00-0036418,tackle_for_loss,1.0,20.0,,0.0,-0.6879833259154111
2025,1,2025_01_DAL_PHI,2758.0,DAL,J.Sanborn,00-0037109,tackle_for_loss,1.0,10.0,,0.0,-0.965213421266526
2025,1,2025_01_DET_GB,894.0,GB,Q.Walker,00-0037074,tackle_for_loss,1.0,10.0,,0.0,-0.6879146776627749
2025,1,2025_01_DET_GB,2245.0,DET,D.Barnes,00-0036964,tackle_for_loss,3.0,1.0,,0.0,-2.137871401384473
2025,1,2025_01_DET_GB,3600.0,GB,Q.Walker,00-0037074,tackle_for_loss,1.0,10.0,,0.0,-0.6671571650658734
2025,1,2025_01_HOU_LA,2599.0,HOU,H.To'oTo'o,00-0038599,tackle_for_loss,2.0,4.0,,0.0,-1.9983225935138762
2025,1,2025_01_KC_LAC,1613.0,LAC,D.Henley,00-0038553,tackle_for_loss,3.0,9.0,,0.0,-1.1660043532270556
2025,1,2025_01_KC_LAC,2769.0,KC,D.Tranquill,00-0035262,tackle_for_loss,2.0,7.0,,0.0,-1.9713412444107234
2025,1,2025_01_KC_LAC,3998.0,KC,D.Tranquill,00-0035262,tackle_for_loss,2.0,9.0,,0.0,-1.1980978278443217
2025,1,2025_01_LV_NE,1356.0,LV,D.White,00-0035707,tackle_for_loss,1.0,10.0,,0.0,-0.9150150035857223
2025,1,2025_01_MIA_IND,1771.0,MIA,J.Brooks,00-0036409,tackle_for_loss,3.0,2.0,,0.0,-0.5917352785603769
2025,1,2025_01_MIA_IND,2754.0,MIA,T.Dodson,00-0035352,tackle_for_loss,1.0,10.0,,0.0,-1.10863287106622
2025,1,2025_01_MIN_CHI,3319.0,MIN,E.Wilson,00-0033336,tackle_for_loss,2.0,18.0,,0.0,-0.8165794932283461
2025,1,2025_01_NYG_WAS,1058.0,WAS,B.Wagner,00-0029255,tackle_for_loss,2.0,1.0,,0.0,-1.125216546235606
2025,1,2025_01_PIT_NYJ,1499.0,PIT,P.Wilson,00-0039741,tackle_for_loss,3.0,1.0,,0.0,-2.126240337749576
2025,1,2025_01_PIT_NYJ,3481.0,NYJ,J.Sherwood,00-0036500,tackle_for_loss,1.0,10.0,,0.0,-1.0369326905347407
2025,1,2025_01_PIT_NYJ,3529.0,NYJ,Qu.Williams,00-0035680,tackle_for_loss,3.0,15.0,,0.0,-1.2564662692602724
2025,1,2025_01_SF_SEA,924.0,SF,D.Winters,00-0038625,tackle_for_loss,3.0,2.0,,0.0,-2.1295304814120755
2025,1,2025_01_SF_SEA,1175.0,SF,F.Warner,00-0034815,tackle_for_loss,1.0,10.0,,0.0,-0.7189766431692988
2025,1,2025_01_SF_SEA,2600.0,SEA,E.Jones,00-0036994,tackle_for_loss,2.0,1.0,,0.0,-0.9090323339914903
2025,1,2025_01_SF_SEA,3759.0,SF,D.Winters,00-0038625,tackle_for_loss,2.0,6.0,,0.0,-0.7904249231796712
2025,1,2025_01_TB_ATL,1788.0,TB,L.David,00-0029562,tackle_for_loss,2.0,6.0,,0.0,-0.7469702940434217
2025,1,2025_01_TB_ATL,3153.0,ATL,D.Deablo,00-0036990,tackle_for_loss,1.0,10.0,,0.0,-0.8153375636320561
2025,1,2025_01_TB_ATL,3244.0,TB,S.Dennis,00-0039049,tackle_for_loss,1.0,10.0,,0.0,-1.1023407012689859
2025,1,2025_01_TB_ATL,3629.0,TB,S.Dennis,00-0039049,tackle_for_loss,3.0,1.0,,0.0,-2.3976023446884938
2025,1,2025_01_TEN_DEN,2978.0,DEN,J.Strnad,00-0036428,tackle_for_loss,1.0,10.0,,0.0,-1.065906795207411
2025,1,2025_01_TEN_DEN,4386.0,TEN,C.Barton,00-0035672,tackle_for_loss,3.0,10.0,,1.0,1.394481744908262
2025,2,2025_02_ATL_MIN,2483.0,MIN,I.Pace,00-0038807,tackle_for_loss,3.0,2.0,,0.0,-1.7860498249118066
2025,2,2025_02_BUF_NYJ,3138.0,NYJ,J.Sherwood,00-0036500,tackle_for_loss,1.0,10.0,,0.0,-0.7879698220640421
2025,2,2025_02_BUF_NYJ,3585.0,NYJ,J.Sherwood,00-0036500,tackle_for_loss,2.0,6.0,,0.0,-1.1102556914556772
2025,2,2025_02_CHI_DET,2758.0,CHI,T.Edmunds,00-0034673,tackle_for_loss,2.0,9.0,,0.0,-1.7337607385125011
2025,2,2025_02_CHI_DET,3008.0,CHI,N.Sewell,00-0038390,tackle_for_loss,2.0,7.0,,0.0,-0.9568468916695565
2025,2,2025_02_CLE_BAL,113.0,BAL,R.Smith,00-0034874,tackle_for_loss,1.0,10.0,,0.0,-0.9131987364962697
2025,2,2025_02_CLE_BAL,731.0,BAL,R.Smith,00-0034874,tackle_for_loss,1.0,10.0,,0.0,-1.009959366871044
2025,2,2025_02_CLE_BAL,1340.0,BAL,R.Smith,00-0034874,tackle_for_loss,1.0,10.0,,0.0,-0.8747889581136405
2025,2,2025_02_CLE_BAL,3219.0,CLE,D.Bush,00-0035525,tackle_for_loss,1.0,10.0,,0.0,-1.523273168830201
2025,2,2025_02_DEN_IND,2880.0,DEN,J.Strnad,00-0036428,tackle_for_loss,2.0,11.0,,0.0,-1.4548436016775668
2025,2,2025_02_JAX_CIN,381.0,JAX,F.Oluokun,00-0034413,tackle_for_loss,3.0,9.0,,0.0,-2.2094448329880834
2025,2,2025_02_JAX_CIN,3472.0,JAX,F.Oluokun,00-0034413,tackle_for_loss,1.0,10.0,,0.0,-0.9921272960491478
2025,2,2025_02_LAC_LV,1471.0,LV,D.White,00-0035707,tackle_for_loss,1.0,10.0,,0.0,-1.0728555438108742
2025,2,2025_02_LAC_LV,1688.0,LAC,D.Henley,00-0038553,tackle_for_loss,3.0,1.0,,0.0,-2.498682454810478
2025,2,2025_02_LAC_LV,3605.0,LAC,D.Henley,00-0038553,tackle_for_loss,4.0,3.0,,0.0,-3.447055382654071
2025,2,2025_02_NE_MIA,2253.0,MIA,J.Brooks,00-0036409,tackle_for_loss,3.0,7.0,,0.0,-2.140694956993684
2025,2,2025_02_NE_MIA,3212.0,MIA,W.Gay,00-0036362,tackle_for_loss,2.0,7.0,,0.0,-1.5319135033059865
2025,2,2025_02_NYG_DAL,4111.0,DAL,K.Murray,00-0036441,tackle_for_loss,2.0,1.0,,0.0,-0.9751277542090975
2025,2,2025_02_NYG_DAL,5357.0,DAL,K.Murray,00-0036441,tackle_for_loss,1.0,10.0,,0.0,-0.7753539928235114
2025,2,2025_02_SEA_PIT,800.0,PIT,P.Queen,00-0036323,tackle_for_loss,1.0,10.0,,0.0,-0.7294426648877561
2025,2,2025_02_SEA_PIT,1265.0,PIT,P.Wilson,00-0039741,tackle_for_loss,1.0,10.0,,0.0,-1.3288350231014192
2025,2,2025_02_SF_NO,760.0,NO,P.Werner,00-0036927,tackle_for_loss,1.0,10.0,,0.0,-1.2556090992875397
2025,2,2025_02_SF_NO,2293.0,SF,F.Warner,00-0034815,tackle_for_loss,1.0,10.0,,0.0,-0.16298462968552485
2025,2,2025_02_TB_HOU,137.0,TB,S.Dennis,00-0039049,tackle_for_loss,1.0,10.0,,0.0,-0.9338185242377222
2025,2,2025_02_TB_HOU,2166.0,HOU,H.To'oTo'o,00-0038599,tackle_for_loss,2.0,3.0,,0.0,-0.9905763005372137
2025,3,2025_03_ARI_SF,1369.0,ARI,Ma.Wilson,00-0035144,tackle_for_loss,1.0,10.0,,0.0,-1.0037376011605375
2025,3,2025_03_ATL_CAR,781.0,CAR,T.Wallace,00-0039347,tackle_for_loss,2.0,8.0,,0.0,-1.7551017821533605
2025,3,2025_03_ATL_CAR,1828.0,ATL,K.Elliss,00-0035316,tackle_for_loss,3.0,15.0,,0.0,-0.5172105339588597
2025,3,2025_03_ATL_CAR,2087.0,ATL,K.Elliss,00-0035316,tackle_for_loss,1.0,10.0,,0.0,-0.7431404574308544
2025,3,2025_03_ATL_CAR,2691.0,ATL,K.Elliss,00-0035316,tackle_for_loss,3.0,2.0,,0.0,-2.1758897878431624
2025,3,2025_03_CIN_MIN,3843.0,MIN,A.Keys,00-0040501,tackle_for_loss,3.0,3.0,,0.0,-2.470558271743357
2025,3,2025_03_DET_BAL,598.0,BAL,R.Smith,00-0034874,tackle_for_loss,1.0,10.0,,0.0,-1.7007797886617482
2025,3,2025_03_DET_BAL,1521.0,DET,Z.Cunningham,00-0033547,tackle_for_loss,3.0,1.0,,0.0,-2.525232821062673
2025,3,2025_03_DET_BAL,1552.0,DET,J.Campbell,00-0039018,tackle_for_loss,4.0,2.0,,0.0,-3.706583588325884
2025,3,2025_03_DET_BAL,3228.0,DET,T.Nowaske,00-0038660,tackle_for_loss,2.0,9.0,,0.0,-1.0487923346809112
2025,3,2025_03_GB_CLE,1017.0,GB,I.McDuffie,00-0036658,tackle_for_loss,1.0,10.0,,0.0,-0.8113057790324092
2025,3,2025_03_GB_CLE,2856.0,CLE,C.Schwesinger,00-0040579,tackle_for_loss,3.0,1.0,,0.0,-2.9429842405952513
2025,3,2025_03_HOU_JAX,364.0,JAX,D.Lloyd,00-0037244,tackle_for_loss,2.0,6.0,,0.0,-0.7221181351924315
2025,3,2025_03_KC_NYG,764.0,KC,N.Bolton,00-0036621,tackle_for_loss,3.0,5.0,,0.0,-1.8574857297353446
2025,3,2025_03_KC_NYG,1609.0,KC,N.Bolton,00-0036621,tackle_for_loss,2.0,6.0,,0.0,-0.722923462279141
2025,3,2025_03_LV_WAS,1896.0,WAS,B.Wagner,00-0029255,tackle_for_loss,2.0,10.0,,0.0,-1.0549656872171909
2025,3,2025_03_LV_WAS,2261.0,LV,E.Roberts,00-0032442,tackle_for_loss,1.0,10.0,,0.0,-1.0807489706203341
2025,3,2025_03_LV_WAS,2676.0,WAS,B.Wagner,00-0029255,tackle_for_loss,2.0,13.0,,0.0,-1.7394200968556106
2025,3,2025_03_LV_WAS,3829.0,LV,D.White,00-0035707,tackle_for_loss,1.0,10.0,,0.0,-0.699982043064665
2025,3,2025_03_LV_WAS,3880.0,LV,D.White,00-0035707,tackle_for_loss,3.0,19.0,,0.0,-1.1280405196594074
2025,3,2025_03_MIA_BUF,1550.0,BUF,S.Thompson,00-0031550,tackle_for_loss,2.0,6.0,,0.0,-1.0434120368445292
2025,3,2025_03_MIA_BUF,2240.0,MIA,T.Dodson,00-0035352,tackle_for_loss,1.0,1.0,,1.0,-0.1414597316761501
2025,3,2025_03_MIA_BUF,2918.0,BUF,T.Bernard,00-0037254,tackle_for_loss,1.0,10.0,,0.0,-1.002774834400043
2025,3,2025_03_NO_SEA,3427.0,SEA,E.Jones,00-0036994,tackle_for_loss,1.0,10.0,,0.0,-1.0707534058019519
2025,3,2025_03_NO_SEA,3735.0,NO,D.Davis,00-0029607,tackle_for_loss,2.0,6.0,,0.0,-0.9231024631299078
2025,3,2025_03_NYJ_TB,2077.0,NYJ,Qu.Williams,00-0035680,tackle_for_loss,1.0,10.0,,0.0,-0.7068761677364819
2025,3,2025_03_NYJ_TB,4141.0,TB,L.David,00-0029562,tackle_for_loss,1.0,15.0,,0.0,-0.699092311784625
2025,3,2025_03_PIT_NE,1536.0,PIT,P.Queen,00-0036323,tackle_for_loss,1.0,10.0,,0.0,-1.1564220681320876
2025,3,2025_03_PIT_NE,2229.0,NE,R.Spillane,00-0034720,tackle_for_loss,2.0,5.0,,0.0,-1.5161493059713393
2025,3,2025_03_PIT_NE,3667.0,NE,J.Gibbens,00-0037596,tackle_for_loss,1.0,10.0,,0.0,-0.7904408367467113
2025,4,2025_04_CAR_NE,808.0,NE,J.Gibbens,00-0037596,tackle_for_loss,2.0,10.0,,0.0,-1.3457306583877653
2025,4,2025_04_CHI_LV,3308.0,CHI,N.Sewell,00-0038390,tackle_for_loss,1.0,7.0,,0.0,-0.6922013316070661
2025,4,2025_04_CHI_LV,3573.0,LV,D.White,00-0035707,tackle_for_loss,1.0,10.0,,0.0,-0.8050117984530516
2025,4,2025_04_CLE_DET,3176.0,DET,J.Campbell,00-0039018,tackle_for_loss,2.0,15.0,,0.0,-1.1921206824481487
2025,4,2025_04_GB_DAL,1804.0,GB,Q.Walker,00-0037074,tackle_for_loss,1.0,1.0,,0.0,-0.7812079754367005
2025,4,2025_04_JAX_SF,321.0,JAX,D.Lloyd,00-0037244,tackle_for_loss,2.0,7.0,,0.0,-1.0057502808631398
2025,4,2025_04_JAX_SF,3193.0,SF,D.Winters,00-0038625,tackle_for_loss,2.0,5.0,,0.0,-1.2710916372016072
2025,4,2025_04_LAC_NYG,1431.0,NYG,D.Muasau,00-0039829,tackle_for_loss,1.0,20.0,,0.0,-0.8766300418647006
2025,4,2025_04_MIN_PIT,482.0,PIT,P.Queen,00-0036323,tackle_for_loss,3.0,9.0,,0.0,-1.3366835341893322
2025,4,2025_04_MIN_PIT,931.0,PIT,P.Wilson,00-0039741,tackle_for_loss,2.0,5.0,,0.0,-1.1446245645638555
2025,4,2025_04_MIN_PIT,1851.0,PIT,P.Queen,00-0036323,tackle_for_loss,1.0,10.0,,0.0,-0.9466532439109869
2025,4,2025_04_MIN_PIT,2103.0,PIT,P.Wilson,00-0039741,tackle_for_loss,2.0,7.0,,0.0,-1.2689691744744778
2025,4,2025_04_MIN_PIT,2190.0,MIN,E.Wilson,00-0033336,tackle_for_loss,1.0,10.0,,0.0,-0.8223276492208242
2025,4,2025_04_MIN_PIT,3803.0,PIT,P.Queen,00-0036323,tackle_for_loss,1.0,1.0,,0.0,-0.6090705619135406
2025,4,2025_04_NO_BUF,1075.0,NO,D.Davis,00-0029607,tackle_for_loss,1.0,10.0,,0.0,-0.8118129181675613
2025,4,2025_04_NYJ_MIA,1492.0,MIA,T.Dodson,00-0035352,tackle_for_loss,4.0,5.0,,0.0,-3.868312709557358
2025,4,2025_04_NYJ_MIA,3359.0,MIA,T.Dodson,00-0035352,tackle_for_loss,1.0,10.0,,0.0,-1.0389009770005941
2025,4,2025_04_PHI_TB,923.0,PHI,Z.Baun,00-0036418,tackle_for_loss,3.0,10.0,,0.0,-1.5912526071999737
2025,4,2025_04_PHI_TB,2199.0,TB,S.Dennis,00-0039049,tackle_for_loss,1.0,10.0,,0.0,-1.0821279999800026
2025,4,2025_04_PHI_TB,4447.0,TB,L.David,00-0029562,tackle_for_loss,3.0,5.0,,0.0,-0.36185781663516536
2025,4,2025_04_SEA_ARI,1156.0,ARI,A.Davis-Gaither,00-0036298,tackle_for_loss,1.0,10.0,,0.0,-0.9078676607459784
2025,4,2025_04_SEA_ARI,1474.0,SEA,T.Knight,00-0039815,tackle_for_loss,2.0,10.0,,0.0,-1.101406198227778
2025,4,2025_04_SEA_ARI,4123.0,SEA,D.Thomas,00-0038922,tackle_for_loss,2.0,2.0,,0.0,-1.3782595588709228
2025,4,2025_04_TEN_HOU,3025.0,TEN,C.Gray,00-0039858,tackle_for_loss,2.0,7.0,,0.0,-1.174798953346908
2025,4,2025_04_WAS_ATL,607.0,WAS,B.Wagner,00-0029255,tackle_for_loss,1.0,10.0,,0.0,-1.60804734879639
2025,4,2025_04_WAS_ATL,1092.0,WAS,F.Luvu,00-0034302,tackle_for_loss,1.0,10.0,,0.0,-1.306589720537886
2025,4,2025_04_WAS_ATL,3371.0,ATL,K.Elliss,00-0035316,tackle_for_loss,1.0,10.0,,0.0,-0.888019600417465
2025,5,2025_05_DEN_PHI,857.0,DEN,A.Singleton,00-0031898,tackle_for_loss,2.0,7.0,,0.0,-0.9468509430298582
2025,5,2025_05_DEN_PHI,2563.0,PHI,J.Campbell,00-0040708,tackle_for_loss,1.0,10.0,,0.0,-0.9864055714569986
2025,5,2025_05_DEN_PHI,4463.0,PHI,Z.Baun,00-0036418,tackle_for_loss,3.0,8.0,,0.0,-0.542803741293028
2025,5,2025_05_DET_CIN,1434.0,DET,A.Anzalone,00-0033914,tackle_for_loss,1.0,10.0,,0.0,-0.781480789417401
2025,5,2025_05_DET_CIN,2074.0,DET,J.Campbell,00-0039018,tackle_for_loss,1.0,10.0,,0.0,-0.8303349781781435
2025,5,2025_05_DET_CIN,4094.0,DET,D.Barnes,00-0036964,tackle_for_loss,1.0,10.0,,0.0,-2.1631847786484286
2025,5,2025_05_HOU_BAL,523.0,HOU,H.To'oTo'o,00-0038599,tackle_for_loss,2.0,6.0,,0.0,-0.890367201063782
2025,5,2025_05_HOU_BAL,2812.0,BAL,T.Simpson,00-0038504,tackle_for_loss,2.0,6.0,,0.0,-1.9056117159780115
2025,5,2025_05_HOU_BAL,2940.0,BAL,T.Buchanan,00-0040069,tackle_for_loss,1.0,1.0,,0.0,-0.9383421285601798
2025,5,2025_05_KC_JAX,974.0,KC,N.Bolton,00-0036621,tackle_for_loss,1.0,7.0,,0.0,-0.7011069335276261
2025,5,2025_05_KC_JAX,3273.0,KC,D.Tranquill,00-0035262,tackle_for_loss,2.0,10.0,,0.0,-1.598743197042495
2025,5,2025_05_LV_IND,3478.0,IND,Z.Franklin,00-0034431,tackle_for_loss,1.0,5.0,,0.0,-2.2375158932991326
2025,5,2025_05_MIA_CAR,2303.0,CAR,C.Rozeboom,00-0035942,tackle_for_loss,1.0,10.0,,0.0,-1.333589500747621
2025,5,2025_05_MIN_CLE,3442.0,MIN,I.Pace,00-0038807,tackle_for_loss,3.0,4.0,,0.0,-1.5564641375094652
2025,5,2025_05_NE_BUF,905.0,BUF,T.Bernard,00-0037254,tackle_for_loss,1.0,10.0,,0.0,-0.7676329493988305
2025,5,2025_05_NE_BUF,3805.0,BUF,S.Thompson,00-0031550,tackle_for_loss,3.0,5.0,,0.0,-1.589608491398394
2025,5,2025_05_NYG_NO,1421.0,NYG,D.Muasau,00-0039829,tackle_for_loss,1.0,10.0,,0.0,-0.9231815299717709
2025,5,2025_05_SF_LA,3129.0,LA,N.Landman,00-0037587,tackle_for_loss,3.0,1.0,,0.0,-2.570433540502563
2025,5,2025_05_TB_SEA,973.0,TB,L.David,00-0029562,tackle_for_loss,1.0,10.0,,0.0,-0.8538264108356088
2025,5,2025_05_TB_SEA,1133.0,SEA,D.Thomas,00-0038922,tackle_for_loss,2.0,9.0,,0.0,-1.1774964805226773
2025,5,2025_05_TB_SEA,1375.0,SEA,T.Knight,00-0039815,tackle_for_loss,1.0,10.0,,0.0,-1.138819663436152
2025,5,2025_05_TEN_ARI,2103.0,TEN,C.Gray,00-0039858,tackle_for_loss,1.0,10.0,,0.0,-0.6233415121678263
2025,5,2025_05_WAS_LAC,1244.0,LAC,T.Dye,00-0036338,tackle_for_loss,1.0,10.0,,0.0,-0.8066845440771431
2025,5,2025_05_WAS_LAC,3020.0,LAC,T.Dye,00-0036338,tackle_for_loss,1.0,10.0,,0.0,-0.8140293459873646
2025,5,2025_05_WAS_LAC,3442.0,WAS,J.Magee,00-0039368,tackle_for_loss,2.0,1.0,,0.0,-1.6592417483916506
2025,5,2025_05_WAS_LAC,3956.0,LAC,T.Dye,00-0036338,tackle_for_loss,3.0,5.0,,0.0,-1.5784951242385432
2025,6,2025_06_ARI_IND,2032.0,ARI,Ma.Wilson,00-0035144,tackle_for_loss,1.0,10.0,,0.0,-0.8734052631771192
2025,6,2025_06_BUF_ATL,3271.0,BUF,S.Thompson,00-0031550,tackle_for_loss,1.0,10.0,,0.0,-1.017612810304854
2025,6,2025_06_CHI_WAS,2004.0,WAS,F.Luvu,00-0034302,tackle_for_loss,3.0,5.0,,0.0,-0.9190043620183133
2025,6,2025_06_CHI_WAS,3802.0,WAS,B.Wagner,00-0029255,tackle_for_loss,1.0,14.0,,0.0,-0.7876911747734994
2025,6,2025_06_CIN_GB,1481.0,GB,E.Cooper,00-0039850,tackle_for_loss,2.0,10.0,,0.0,-0.9728114851750433
2025,6,2025_06_CLE_PIT,531.0,CLE,D.Bush,00-0035525,tackle_for_loss,1.0,10.0,,0.0,-0.8653276828117669
2025,6,2025_06_CLE_PIT,2143.0,PIT,P.Wilson,00-0039741,tackle_for_loss,1.0,10.0,,0.0,-0.23409784701652825
2025,6,2025_06_CLE_PIT,3228.0,CLE,D.Bush,00-0035525,tackle_for_loss,2.0,1.0,,0.0,-1.034481829032302
2025,6,2025_06_CLE_PIT,3958.0,CLE,C.Schwesinger,00-0040579,tackle_for_loss,2.0,7.0,,0.0,-0.6117139984853566
2025,6,2025_06_DAL_CAR,2502.0,DAL,M.Liufau,00-0039352,tackle_for_loss,1.0,10.0,,0.0,-1.3044274314306676
2025,6,2025_06_DAL_CAR,3611.0,CAR,T.Wallace,00-0039347,tackle_for_loss,2.0,15.0,,0.0,-1.163262541871518
2025,6,2025_06_DEN_NYJ,2559.0,DEN,A.Singleton,00-0031898,tackle_for_loss,2.0,7.0,,0.0,-0.9375393691007048
2025,6,2025_06_DEN_NYJ,3983.0,DEN,J.Strnad,00-0036428,tackle_for_loss,1.0,10.0,,0.0,-1.353947539406363
2025,6,2025_06_DET_KC,2333.0,KC,D.Tranquill,00-0035262,tackle_for_loss,2.0,8.0,,0.0,-1.3826434107031673
2025,6,2025_06_DET_KC,3150.0,KC,N.Bolton,00-0036621,tackle_for_loss,1.0,10.0,,0.0,-1.1137128504924476
2025,6,2025_06_LAC_MIA,1415.0,LAC,T.Dye,00-0036338,tackle_for_loss,2.0,3.0,,0.0,-1.0014589468482882
2025,6,2025_06_LA_BAL,1211.0,BAL,T.Buchanan,00-0040069,tackle_for_loss,1.0,10.0,,0.0,-0.840008862898685
2025,6,2025_06_LA_BAL,3331.0,LA,S.Dolac,00-0040613,tackle_for_loss,2.0,5.0,,0.0,-1.0332836091984063
2025,6,2025_06_NE_NO,246.0,NO,D.Davis,00-0029607,tackle_for_loss,2.0,4.0,,0.0,-1.5771891945041716
2025,6,2025_06_NE_NO,3345.0,NO,P.Werner,00-0036927,tackle_for_loss,2.0,10.0,,0.0,-1.0900140521116555
2025,6,2025_06_SEA_JAX,3028.0,SEA,D.Thomas,00-0038922,tackle_for_loss,2.0,2.0,,0.0,-1.8639371062163264
2025,6,2025_06_SEA_JAX,3574.0,JAX,F.Oluokun,00-0034413,tackle_for_loss,2.0,4.0,,0.0,-0.9989679895807058
2025,6,2025_06_SF_TB,1627.0,TB,S.Dennis,00-0039049,tackle_for_loss,2.0,3.0,,0.0,-1.2426801931578666
2025,6,2025_06_SF_TB,3142.0,TB,L.David,00-0029562,tackle_for_loss,3.0,11.0,,0.0,-1.8837918038479984
2025,6,2025_06_TEN_LV,1337.0,LV,D.White,00-0035707,tackle_for_loss,3.0,7.0,,0.0,-5.423033153696451
2025,7,2025_07_ATL_SF,703.0,SF,D.Winters,00-0038625,tackle_for_loss,1.0,15.0,,0.0,-0.8798514090012759
2025,7,2025_07_ATL_SF,3200.0,SF,T.Bethune,00-0039435,tackle_for_loss,1.0,10.0,,0.0,-0.8756218219641596
2025,7,2025_07_CAR_NYJ,487.0,NYJ,J.Sherwood,00-0036500,tackle_for_loss,2.0,3.0,,0.0,-0.9074889802141115
2025,7,2025_07_CAR_NYJ,3524.0,NYJ,J.Sherwood,00-0036500,tackle_for_loss,3.0,5.0,,0.0,-3.1745131615316495
2025,7,2025_07_GB_ARI,1735.0,GB,Q.Walker,00-0037074,tackle_for_loss,2.0,15.0,,0.0,-1.0926073212176561
2025,7,2025_07_GB_ARI,3404.0,GB,T.Hopper,00-0039812,tackle_for_loss,1.0,8.0,,0.0,-0.754467454040423
2025,7,2025_07_HOU_SEA,226.0,SEA,D.Thomas,00-0038922,tackle_for_loss,2.0,10.0,,0.0,-1.2554618432186544
2025,7,2025_07_HOU_SEA,3225.0,SEA,E.Jones,00-0036994,tackle_for_loss,1.0,10.0,,0.0,-0.8488683053292334
2025,7,2025_07_HOU_SEA,4945.0,SEA,D.Thomas,00-0038922,tackle_for_loss,2.0,3.0,,0.0,-1.226031277765287
2025,7,2025_07_HOU_SEA,5101.0,HOU,E.Speed,00-0034987,tackle_for_loss,3.0,3.0,,1.0,-0.2655766368843615
2025,7,2025_07_LA_JAX,1117.0,LA,N.Landman,00-0037587,tackle_for_loss,1.0,10.0,,0.0,-0.9044372336938977
2025,7,2025_07_LV_KC,1807.0,LV,E.Roberts,00-0032442,tackle_for_loss,1.0,4.0,,0.0,-1.0733618208323605
2025,7,2025_07_LV_KC,2067.0,LV,D.White,00-0035707,tackle_for_loss,2.0,10.0,,0.0,-1.2095051277428865
2025,7,2025_07_MIA_CLE,1630.0,CLE,C.Schwesinger,00-0040579,tackle_for_loss,1.0,10.0,,0.0,-0.9859359683468938
2025,7,2025_07_MIA_CLE,1782.0,MIA,T.Dodson,00-0035352,tackle_for_loss,3.0,12.0,,0.0,-0.8664251677691936
2025,7,2025_07_MIA_CLE,3406.0,MIA,J.Brooks,00-0036409,tackle_for_loss,1.0,10.0,,0.0,-0.889655314385891
2025,7,2025_07_MIA_CLE,3966.0,CLE,J.Baker,00-0034797,tackle_for_loss,3.0,4.0,,0.0,-2.2780659588752314
2025,7,2025_07_NE_TEN,1166.0,TEN,C.Gray,00-0039858,tackle_for_loss,1.0,10.0,,0.0,-0.8688176702708006
2025,7,2025_07_NO_CHI,1528.0,CHI,T.Edwards,00-0035386,tackle_for_loss,2.0,19.0,,0.0,-0.8263686606660485
2025,7,2025_07_NO_CHI,3371.0,CHI,T.Edmunds,00-0034673,tackle_for_loss,1.0,10.0,,0.0,-1.4282713334541768
2025,7,2025_07_PHI_MIN,1555.0,MIN,E.Wilson,00-0033336,tackle_for_loss,2.0,13.0,,0.0,-1.2588527728803456
2025,7,2025_07_PHI_MIN,2389.0,PHI,N.Dean,00-0037615,tackle_for_loss,1.0,10.0,,0.0,-1.11484358436428
2025,7,2025_07_TB_DET,321.0,DET,J.Campbell,00-0039018,tackle_for_loss,2.0,5.0,,0.0,-1.0152970342896879
2025,7,2025_07_TB_DET,601.0,DET,J.Campbell,00-0039018,tackle_for_loss,3.0,7.0,,0.0,-1.745693298522383
2025,7,2025_07_TB_DET,1182.0,TB,S.Dennis,00-0039049,tackle_for_loss,3.0,5.0,,0.0,-2.5547973876819015
2025,7,2025_07_TB_DET,1669.0,DET,D.Barnes,00-0036964,tackle_for_loss,3.0,5.0,,0.0,-1.7835749255027622
2025,7,2025_07_TB_DET,4236.0,TB,L.David,00-0029562,tackle_for_loss,3.0,7.0,,0.0,-1.2305505257099867
2025,7,2025_07_WAS_DAL,300.0,DAL,K.Murray,00-0036441,tackle_for_loss,2.0,2.0,,0.0,-1.110616337042302
2025,7,2025_07_WAS_DAL,575.0,DAL,K.Murray,00-0036441,tackle_for_loss,2.0,4.0,,0.0,-1.1635548582999036
2025,7,2025_07_WAS_DAL,2170.0,WAS,F.Luvu,00-0034302,tackle_for_loss,1.0,10.0,,0.0,-0.6097515252185985
2025,7,2025_07_WAS_DAL,3985.0,WAS,F.Luvu,00-0034302,tackle_for_loss,2.0,8.0,,0.0,-0.86062720551854
2025,8,2025_08_BUF_CAR,382.0,CAR,T.Wallace,00-0039347,tackle_for_loss,3.0,10.0,,0.0,-1.4534981970066263
2025,8,2025_08_BUF_CAR,937.0,CAR,C.Rozeboom,00-0035942,tackle_for_loss,1.0,10.0,,0.0,-0.9387895123800263
2025,8,2025_08_BUF_CAR,4016.0,CAR,C.Rozeboom,00-0035942,tackle_for_loss,1.0,10.0,,0.0,-0.48787584237288684
2025,8,2025_08_CHI_BAL,342.0,BAL,T.Buchanan,00-0040069,tackle_for_loss,2.0,3.0,,0.0,-1.3684654677053913
2025,8,2025_08_CHI_BAL,740.0,BAL,T.Buchanan,00-0040069,tackle_for_loss,2.0,6.0,,0.0,-0.8242335153045133
2025,8,2025_08_CHI_BAL,2982.0,BAL,J.Hummel,00-0037633,tackle_for_loss,2.0,1.0,,0.0,-1.1291294159600511
2025,8,2025_08_CLE_NE,974.0,NE,J.Tavai,00-0035240,tackle_for_loss,1.0,10.0,,0.0,-0.7747116446262226
2025,8,2025_08_CLE_NE,1541.0,NE,R.Spillane,00-0034720,tackle_for_loss,2.0,10.0,,0.0,-0.8392654515337199
2025,8,2025_08_CLE_NE,2472.0,NE,R.Spillane,00-0034720,tackle_for_loss,2.0,3.0,,0.0,-1.0473468443378806
2025,8,2025_08_CLE_NE,3408.0,CLE,M.Diabate,00-0038711,tackle_for_loss,1.0,10.0,,0.0,-1.0936318399617448
2025,8,2025_08_DAL_DEN,3099.0,DEN,J.Strnad,00-0036428,tackle_for_loss,2.0,8.0,,0.0,-0.978464882588014
2025,8,2025_08_MIA_ATL,178.0,MIA,J.Brooks,00-0036409,tackle_for_loss,2.0,9.0,,0.0,-0.8904520585201681
2025,8,2025_08_MIA_ATL,1110.0,MIA,J.Brooks,00-0036409,tackle_for_loss,1.0,10.0,,0.0,-1.522481325082481
2025,8,2025_08_MIA_ATL,1414.0,MIA,J.Brooks,00-0036409,tackle_for_loss,2.0,3.0,,0.0,-1.4443240182008594
2025,8,2025_08_MIA_ATL,2035.0,ATL,K.Elliss,00-0035316,tackle_for_loss,1.0,10.0,,0.0,-0.9207860049791634
2025,8,2025_08_MIA_ATL,2835.0,ATL,K.Elliss,00-0035316,tackle_for_loss,1.0,10.0,,0.0,-0.8548137304605916
2025,8,2025_08_MIN_LAC,1383.0,MIN,B.Cashman,00-0035276,tackle_for_loss,1.0,10.0,,0.0,-0.8366498297546059
2025,8,2025_08_MIN_LAC,2283.0,MIN,E.Wilson,00-0033336,tackle_for_loss,1.0,10.0,,0.0,-1.1894332037772983
2025,8,2025_08_NYG_PHI,244.0,PHI,Z.Baun,00-0036418,tackle_for_loss,3.0,10.0,,0.0,-1.3946007010526955
2025,8,2025_08_NYG_PHI,550.0,PHI,Z.Baun,00-0036418,tackle_for_loss,1.0,10.0,,0.0,-0.7781381537206471
2025,8,2025_08_NYJ_CIN,426.0,CIN,B.Carter,00-0040157,tackle_for_loss,4.0,1.0,,0.0,-3.5567625830881298
2025,8,2025_08_NYJ_CIN,732.0,NYJ,Qu.Williams,00-0035680,tackle_for_loss,1.0,10.0,,0.0,-1.3771004017908126
2025,8,2025_08_SF_HOU,3358.0,SF,C.Robinson,00-0036728,tackle_for_loss,2.0,12.0,,0.0,-1.1913470985600725
2025,8,2025_08_TB_NO,577.0,TB,S.Dennis,00-0039049,tackle_for_loss,2.0,8.0,,0.0,-2.0183856550138444
2025,8,2025_08_TEN_IND,218.0,TEN,C.Barton,00-0035672,tackle_for_loss,1.0,10.0,,0.0,-1.6396223122137599
2025,8,2025_08_TEN_IND,2292.0,TEN,C.Gray,00-0039858,tackle_for_loss,1.0,10.0,,0.0,-1.3418328524567187
2025,8,2025_08_TEN_IND,3372.0,IND,B.Johnson,00-0036870,tackle_for_loss,1.0,7.0,,0.0,-0.6804863124270923
2025,9,2025_09_BAL_MIA,410.0,MIA,T.Dodson,00-0035352,tackle_for_loss,2.0,1.0,,0.0,-1.1098193939542398
2025,9,2025_09_CAR_GB,2831.0,CAR,C.Rozeboom,00-0035942,tackle_for_loss,1.0,10.0,,0.0,-1.1871395390480757
2025,9,2025_09_DEN_HOU,2103.0,HOU,H.To'oTo'o,00-0038599,tackle_for_loss,2.0,10.0,,0.0,-0.7110001327237114
2025,9,2025_09_DEN_HOU,2734.0,DEN,A.Singleton,00-0031898,tackle_for_loss,2.0,6.0,,0.0,-0.7860130879562348
2025,9,2025_09_DEN_HOU,4229.0,HOU,A.Al-Shaair,00-0035166,tackle_for_loss,1.0,10.0,,0.0,-0.6926571076037362
2025,9,2025_09_JAX_LV,4580.0,JAX,F.Oluokun,00-0034413,tackle_for_loss,1.0,1.0,,0.0,-0.7807519318303093
2025,9,2025_09_KC_BUF,316.0,KC,N.Bolton,00-0036621,tackle_for_loss,1.0,10.0,,0.0,-1.157340953941457
2025,9,2025_09_LAC_TEN,1989.0,LAC,D.Henley,00-0038553,tackle_for_loss,3.0,3.0,,0.0,-1.9242443754337728
2025,9,2025_09_LAC_TEN,3305.0,TEN,C.Gray,00-0039858,tackle_for_loss,2.0,10.0,,0.0,-1.6613337157759815
2025,9,2025_09_MIN_DET,436.0,MIN,E.Wilson,00-0033336,tackle_for_loss,2.0,8.0,,0.0,-0.96790402662009
2025,9,2025_09_MIN_DET,859.0,MIN,E.Wilson,00-0033336,tackle_for_loss,3.0,6.0,,0.0,-2.578124024439603
2025,9,2025_09_MIN_DET,952.0,DET,D.Barnes,00-0036964,tackle_for_loss,2.0,9.0,,0.0,-1.4676943207159638
2025,9,2025_09_MIN_DET,1503.0,DET,J.Campbell,00-0039018,tackle_for_loss,3.0,9.0,,0.0,-1.7664305125355924
2025,9,2025_09_MIN_DET,1757.0,DET,D.Barnes,00-0036964,tackle_for_loss,1.0,10.0,,0.0,-0.8301675679977052
2025,9,2025_09_MIN_DET,2628.0,MIN,B.Cashman,00-0035276,tackle_for_loss,2.0,10.0,,0.0,-1.615962149342522
2025,9,2025_09_MIN_DET,3152.0,MIN,E.Wilson,00-0033336,tackle_for_loss,3.0,6.0,,0.0,-2.0674559677247424
2025,9,2025_09_MIN_DET,3919.0,DET,G.Stuard,00-0036672,tackle_for_loss,1.0,1.0,,0.0,-0.5607762181898579
2025,9,2025_09_SEA_WAS,1246.0,WAS,B.Wagner,00-0029255,tackle_for_loss,2.0,4.0,,0.0,-1.1958287984598428
2025,9,2025_09_SEA_WAS,3527.0,SEA,T.Knight,00-0039815,tackle_for_loss,2.0,5.0,,0.0,-0.9142182662617415
2025,9,2025_09_SEA_WAS,3596.0,SEA,D.Thomas,00-0038922,tackle_for_loss,2.0,2.0,,0.0,-1.3994713799329475
2025,9,2025_09_SF_NYG,957.0,NYG,D.Flannigan-Fowles,00-0035020,tackle_for_loss,1.0,10.0,,0.0,-0.8519772359868512
2025,9,2025_09_SF_NYG,2239.0,NYG,B.Okereke,00-0035687,tackle_for_loss,1.0,10.0,,0.0,-0.9897125085117295
2025,10,2025_10_ARI_SEA,334.0,SEA,D.Thomas,00-0038922,tackle_for_loss,1.0,10.0,,0.0,-0.7168574617244303
2025,10,2025_10_ARI_SEA,356.0,SEA,T.Knight,00-0039815,tackle_for_loss,2.0,11.0,,0.0,-8.352123816963285
2025,10,2025_10_ARI_SEA,552.0,SEA,D.Thomas,00-0038922,tackle_for_loss,3.0,1.0,,0.0,-2.3471895731054246
2025,10,2025_10_ARI_SEA,1049.0,SEA,T.Knight,00-0039815,tackle_for_loss,3.0,12.0,,0.0,-7.49873672099784
2025,10,2025_10_ARI_SEA,3742.0,ARI,A.Davis-Gaither,00-0036298,tackle_for_loss,1.0,10.0,,0.0,-0.8052224966231734
2025,10,2025_10_ARI_SEA,4364.0,SEA,T.Knight,00-0039815,tackle_for_loss,3.0,4.0,,0.0,-1.1949508080724627
2025,10,2025_10_ATL_IND,1900.0,ATL,K.Elliss,00-0035316,tackle_for_loss,2.0,1.0,,0.0,-1.7007392520317808
2025,10,2025_10_ATL_IND,2807.0,ATL,J.Bertrand,00-0039370,tackle_for_loss,4.0,1.0,,0.0,-3.791686504962854
2025,10,2025_10_ATL_IND,3972.0,ATL,R.Harrison,00-0034779,tackle_for_loss,2.0,10.0,,0.0,-1.338537069677841
2025,10,2025_10_ATL_IND,4293.0,IND,Z.Franklin,00-0034431,tackle_for_loss,1.0,10.0,,0.0,-1.0290408108849078
2025,10,2025_10_ATL_IND,4338.0,IND,Z.Franklin,00-0034431,tackle_for_loss,3.0,12.0,,0.0,-1.6390316309407353
2025,10,2025_10_BAL_MIN,1618.0,MIN,E.Wilson,00-0033336,tackle_for_loss,1.0,10.0,,0.0,-1.0732502837781794
2025,10,2025_10_BUF_MIA,815.0,BUF,T.Bernard,00-0037254,tackle_for_loss,1.0,10.0,,0.0,-0.9879428257700056
2025,10,2025_10_BUF_MIA,3393.0,MIA,W.Gay,00-0036362,tackle_for_loss,3.0,10.0,,0.0,-1.9548334912396967
2025,10,2025_10_BUF_MIA,3774.0,MIA,J.Brooks,00-0036409,tackle_for_loss,1.0,10.0,,0.0,-0.4966594211291522
2025,10,2025_10_BUF_MIA,3800.0,MIA,J.Brooks,00-0036409,tackle_for_loss,2.0,11.0,,0.0,-0.5389145906083286
2025,10,2025_10_CLE_NYJ,1923.0,NYJ,Q.Williams,00-0035680,tackle_for_loss,2.0,10.0,,0.0,-0.9302306765457615
2025,10,2025_10_CLE_NYJ,2386.0,CLE,C.Schwesinger,00-0040579,tackle_for_loss,1.0,10.0,,0.0,-0.7453041635453701
2025,10,2025_10_CLE_NYJ,2841.0,NYJ,Q.Williams,00-0035680,tackle_for_loss,1.0,10.0,,0.0,-1.4649370219558477
2025,10,2025_10_CLE_NYJ,3134.0,CLE,D.Bush,00-0035525,tackle_for_loss,1.0,10.0,,0.0,-1.6132632705848664
2025,10,2025_10_CLE_NYJ,3929.0,CLE,J.Baker,00-0034797,tackle_for_loss,2.0,7.0,,0.0,-1.288580107560847
2025,10,2025_10_CLE_NYJ,4051.0,CLE,C.Schwesinger,00-0040579,tackle_for_loss,3.0,3.0,,0.0,-0.6012259207200259
2025,10,2025_10_JAX_HOU,2822.0,HOU,E.Speed,00-0034987,tackle_for_loss,1.0,10.0,,0.0,-0.7759540467523038
2025,10,2025_10_JAX_HOU,3139.0,HOU,H.To'oTo'o,00-0038599,tackle_for_loss,1.0,5.0,,0.0,-1.607266008562874
2025,10,2025_10_LA_SF,1412.0,SF,T.Bethune,00-0039435,tackle_for_loss,2.0,10.0,,0.0,-0.8658216539770365
2025,10,2025_10_LA_SF,2397.0,LA,N.Landman,00-0037587,tackle_for_loss,1.0,10.0,,0.0,-0.8964975215494633
2025,10,2025_10_LA_SF,2784.0,SF,D.Winters,00-0038625,tackle_for_loss,1.0,1.0,,0.0,-0.5396589941519778
2025,10,2025_10_LA_SF,3360.0,LA,N.Landman,00-0037587,tackle_for_loss,2.0,2.0,,0.0,-1.1042814666870981
2025,10,2025_10_LV_DEN,2196.0,DEN,D.Greenlaw,00-0034982,tackle_for_loss,3.0,1.0,,0.0,-0.48869099479634315
2025,10,2025_10_NE_TB,1387.0,NE,R.Spillane,00-0034720,tackle_for_loss,1.0,10.0,,0.0,-0.7815592307597399
2025,10,2025_10_NE_TB,3102.0,NE,J.Gibbens,00-0037596,tackle_for_loss,2.0,10.0,,0.0,-1.408016472356394
2025,10,2025_10_NO_CAR,110.0,NO,P.Werner,00-0036927,tackle_for_loss,1.0,10.0,,0.0,-0.7120007982011884
2025,10,2025_10_NO_CAR,497.0,CAR,T.Wallace,00-0039347,tackle_for_loss,2.0,4.0,,0.0,-2.1205277713015676
2025,10,2025_10_NYG_CHI,292.0,CHI,T.Edmunds,00-0034673,tackle_for_loss,1.0,10.0,,0.0,-0.9651006511412561
2025,10,2025_10_NYG_CHI,3318.0,CHI,N.Sewell,00-0038390,tackle_for_loss,2.0,1.0,,0.0,-1.1374512401525863
2025,10,2025_10_NYG_CHI,3473.0,NYG,D.Flannigan-Fowles,00-0035020,tackle_for_loss,3.0,1.0,,0.0,-2.1376112347934395
2025,10,2025_10_PHI_GB,918.0,GB,Q.Walker,00-0037074,tackle_for_loss,1.0,10.0,,0.0,-1.0660795029252768
2025,10,2025_10_PHI_GB,1904.0,PHI,N.Dean,00-0037615,tackle_for_loss,2.0,10.0,,0.0,-3.469644931377843
2025,10,2025_10_PHI_GB,2277.0,GB,Q.Walker,00-0037074,tackle_for_loss,2.0,4.0,,0.0,-1.1876103666145355
2025,10,2025_10_PIT_LAC,3716.0,PIT,M.Harrison,00-0036280,tackle_for_loss,2.0,14.0,,0.0,-0.6699064009590074
2025,11,2025_11_BAL_CLE,204.0,CLE,C.Schwesinger,00-0040579,tackle_for_loss,1.0,10.0,,0.0,-0.7857720269821584
2025,11,2025_11_BAL_CLE,3320.0,CLE,C.Schwesinger,00-0040579,tackle_for_loss,2.0,5.0,,0.0,-0.8057406843872741
2025,11,2025_11_CAR_ATL,2462.0,ATL,K.Elliss,00-0035316,tackle_for_loss,4.0,1.0,,0.0,-4.463139425148256
2025,11,2025_11_CAR_ATL,3193.0,CAR,C.Rozeboom,00-0035942,tackle_for_loss,3.0,1.0,,0.0,-2.1653271913528442
2025,11,2025_11_CAR_ATL,3338.0,ATL,R.Harrison,00-0034779,tackle_for_loss,3.0,7.0,,0.0,-2.0572618164587766
2025,11,2025_11_CHI_MIN,3716.0,MIN,E.Wilson,00-0033336,tackle_for_loss,1.0,15.0,,0.0,-0.9971097114030272
2025,11,2025_11_DAL_LV,767.0,DAL,D.Overshown,00-0038556,tackle_for_loss,1.0,10.0,,0.0,-1.245833597611636
2025,11,2025_11_DET_PHI,493.0,PHI,Z.Baun,00-0036418,tackle_for_loss,1.0,10.0,,0.0,-0.7780216280370951
2025,11,2025_11_DET_PHI,690.0,DET,T.Nowaske,00-0038660,tackle_for_loss,3.0,1.0,,0.0,-2.2625211430713534
2025,11,2025_11_DET_PHI,1010.0,DET,J.Campbell,00-0039018,tackle_for_loss,2.0,5.0,,0.0,-1.1589963920414448
2025,11,2025_11_DET_PHI,1552.0,DET,A.Anzalone,00-0033914,tackle_for_loss,2.0,7.0,,0.0,-1.6572730905027129
2025,11,2025_11_DET_PHI,3986.0,PHI,N.Dean,00-0037615,tackle_for_loss,2.0,10.0,,0.0,-1.4229748755460605
2025,11,2025_11_GB_NYG,1868.0,GB,E.Cooper,00-0039850,tackle_for_loss,1.0,1.0,,0.0,-0.6339350517373532
2025,11,2025_11_HOU_TEN,498.0,TEN,C.Barton,00-0035672,tackle_for_loss,4.0,1.0,,0.0,-5.241183694102801
2025,11,2025_11_HOU_TEN,1849.0,TEN,C.Gray,00-0039858,tackle_for_loss,1.0,10.0,,0.0,-0.684746419894509
2025,11,2025_11_KC_DEN,131.0,KC,D.Tranquill,00-0035262,tackle_for_loss,1.0,10.0,,0.0,-0.891261394135654
2025,11,2025_11_LAC_JAX,922.0,JAX,D.Lloyd,00-0037244,tackle_for_loss,2.0,14.0,,0.0,-0.9889350137673318
2025,11,2025_11_LAC_JAX,2004.0,LAC,D.Perryman,00-0032103,tackle_for_loss,1.0,10.0,,0.0,-1.148240502923727
2025,11,2025_11_NYJ_NE,549.0,NYJ,Q.Williams,00-0035680,tackle_for_loss,2.0,3.0,,0.0,-1.0283047273987904
2025,11,2025_11_NYJ_NE,3196.0,NE,J.Gibbens,00-0037596,tackle_for_loss,2.0,10.0,,0.0,-1.218035887228325
2025,11,2025_11_SF_ARI,1496.0,SF,D.Winters,00-0038625,tackle_for_loss,2.0,5.0,,0.0,-1.438445778680034
2025,11,2025_11_TB_BUF,991.0,BUF,T.Bernard,00-0037254,tackle_for_loss,1.0,10.0,,0.0,-1.1302063502953388
2025,11,2025_11_TB_BUF,1398.0,BUF,T.Bernard,00-0037254,tackle_for_loss,2.0,10.0,,0.0,-1.1257681229617447
2025,11,2025_11_WAS_MIA,1300.0,MIA,T.Dodson,00-0035352,tackle_for_loss,3.0,10.0,,0.0,-1.8647487011823072
2025,12,2025_12_ATL_NO,1151.0,NO,P.Werner,00-0036927,tackle_for_loss,1.0,8.0,,0.0,-0.7915856352774426
2025,12,2025_12_ATL_NO,1785.0,NO,I.Stalbird,00-0039622,tackle_for_loss,3.0,5.0,,0.0,-1.6021237791593501
2025,12,2025_12_ATL_NO,3082.0,ATL,D.Deablo,00-0036990,tackle_for_loss,1.0,10.0,,0.0,-0.9832238581730053
2025,12,2025_12_ATL_NO,3937.0,ATL,K.Elliss,00-0035316,tackle_for_loss,2.0,10.0,,0.0,-1.1694162671919912
2025,12,2025_12_BUF_HOU,2394.0,BUF,T.Bernard,00-0037254,tackle_for_loss,1.0,15.0,,0.0,-0.7253598892129958
2025,12,2025_12_BUF_HOU,3076.0,HOU,H.To'oTo'o,00-0038599,tackle_for_loss,1.0,10.0,,0.0,-1.3716045296750963
2025,12,2025_12_CAR_SF,2879.0,CAR,B.Martin-Scott,00-0040289,tackle_for_loss,1.0,10.0,,0.0,-1.0244019931415096
2025,12,2025_12_CLE_LV,1021.0,CLE,C.Schwesinger,00-0040579,tackle_for_loss,1.0,10.0,,0.0,-0.9992724622134119
2025,12,2025_12_CLE_LV,1500.0,CLE,D.Bush,00-0035525,tackle_for_loss,1.0,10.0,,0.0,-1.479713911190629
2025,12,2025_12_CLE_LV,1748.0,LV,D.White,00-0035707,tackle_for_loss,1.0,10.0,,0.0,-0.7092931017978117
2025,12,2025_12_CLE_LV,2571.0,LV,E.Roberts,00-0032442,tackle_for_loss,1.0,16.0,,0.0,-0.7290927125141025
2025,12,2025_12_IND_KC,3267.0,KC,D.Tranquill,00-0035262,tackle_for_loss,1.0,10.0,,0.0,-1.1905943839810789
2025,12,2025_12_IND_KC,3837.0,IND,Z.Franklin,00-0034431,tackle_for_loss,1.0,10.0,,0.0,-1.0795500217936933
2025,12,2025_12_IND_KC,4612.0,KC,D.Tranquill,00-0035262,tackle_for_loss,3.0,1.0,,0.0,-1.9588477397337556
2025,12,2025_12_JAX_ARI,654.0,JAX,F.Oluokun,00-0034413,tackle_for_loss,3.0,17.0,,0.0,-1.4102467224001884
2025,12,2025_12_JAX_ARI,950.0,ARI,C.Simon,00-0040645,tackle_for_loss,2.0,4.0,,0.0,-1.3209961770335212
2025,12,2025_12_JAX_ARI,2007.0,JAX,D.Lloyd,00-0037244,tackle_for_loss,1.0,10.0,,0.0,-0.4154830065672286
2025,12,2025_12_JAX_ARI,3114.0,JAX,D.Lloyd,00-0037244,tackle_for_loss,1.0,10.0,,0.0,-0.8247351446188986
2025,12,2025_12_MIN_GB,2399.0,MIN,E.Wilson,00-0033336,tackle_for_loss,3.0,1.0,,0.0,-2.2816652914043516
2025,12,2025_12_NYG_DET,115.0,DET,J.Campbell,00-0039018,tackle_for_loss,2.0,6.0,,0.0,-0.9035349674522877
2025,12,2025_12_NYG_DET,568.0,NYG,Z.Barnes,00-0038399,tackle_for_loss,1.0,10.0,,0.0,-1.0622277439106256
2025,12,2025_12_PHI_DAL,2481.0,PHI,N.Dean,00-0037615,tackle_for_loss,3.0,5.0,,0.0,-1.9561158374417573
2025,12,2025_12_PIT_CHI,2877.0,CHI,D.Jackson,00-0037271,tackle_for_loss,3.0,2.0,,0.0,-1.7526903483085334
2025,12,2025_12_SEA_TEN,414.0,SEA,P.O'Connell,00-0038764,tackle_for_loss,3.0,3.0,,0.0,-1.9805271605904973
2025,12,2025_12_SEA_TEN,930.0,SEA,D.Thomas,00-0038922,tackle_for_loss,1.0,25.0,,0.0,-0.9334558383561671
2025,12,2025_12_TB_LA,2444.0,LA,N.Landman,00-0037587,tackle_for_loss,1.0,10.0,,0.0,-1.1384797396603972
2025,12,2025_12_TB_LA,2746.0,TB,L.David,00-0029562,tackle_for_loss,1.0,10.0,,0.0,-1.258762416895479
2025,12,2025_12_TB_LA,3925.0,LA,S.Dolac,00-0040613,tackle_for_loss,2.0,7.0,,0.0,-0.6042560922796838
2025,13,2025_13_ATL_NYJ,676.0,ATL,D.Deablo,00-0036990,tackle_for_loss,1.0,10.0,,0.0,-0.9866400144528598
2025,13,2025_13_ATL_NYJ,1207.0,ATL,D.Deablo,00-0036990,tackle_for_loss,2.0,3.0,,0.0,-1.0012274745386094
2025,13,2025_13_ATL_NYJ,2114.0,NYJ,M.McCrary-Ball,00-0037526,tackle_for_loss,1.0,10.0,,0.0,-1.0363391132559627
2025,13,2025_13_DEN_WAS,3404.0,WAS,F.Luvu,00-0034302,tackle_for_loss,3.0,3.0,,0.0,-2.028697695117444
2025,13,2025_13_GB_DET,936.0,DET,A.Anzalone,00-0033914,tackle_for_loss,1.0,10.0,,0.0,-0.937909550149925
2025,13,2025_13_GB_DET,2327.0,GB,I.McDuffie,00-0036658,tackle_for_loss,3.0,2.0,,0.0,-2.099994319025427
2025,13,2025_13_GB_DET,3197.0,GB,I.McDuffie,00-0036658,tackle_for_loss,2.0,1.0,,0.0,-1.1018271809443831
2025,13,2025_13_HOU_IND,2617.0,HOU,H.To'oTo'o,00-0038599,tackle_for_loss,1.0,10.0,,0.0,-0.8086173366755247
2025,13,2025_13_JAX_TEN,1698.0,TEN,C.Barton,00-0035672,tackle_for_loss,2.0,27.0,,0.0,-0.7217197706922889
2025,13,2025_13_LA_CAR,2866.0,CAR,T.Wallace,00-0039347,tackle_for_loss,1.0,10.0,,0.0,-0.8987857457250357
2025,13,2025_13_LV_LAC,3102.0,LAC,D.Perryman,00-0032103,tackle_for_loss,2.0,2.0,,0.0,-1.1298413880867884
2025,13,2025_13_LV_LAC,3189.0,LAC,D.Henley,00-0038553,tackle_for_loss,1.0,1.0,,0.0,-1.2640367486746982
2025,13,2025_13_MIN_SEA,447.0,MIN,E.Wilson,00-0033336,tackle_for_loss,2.0,10.0,,0.0,-1.1983717440161854
2025,13,2025_13_MIN_SEA,469.0,MIN,E.Wilson,00-0033336,tackle_for_loss,3.0,11.0,,0.0,-1.97189468331635
2025,13,2025_13_MIN_SEA,1171.0,MIN,E.Wilson,00-0033336,tackle_for_loss,2.0,8.0,,0.0,-0.9233325418899767
2025,13,2025_13_MIN_SEA,2305.0,SEA,D.Thomas,00-0038922,tackle_for_loss,1.0,10.0,,0.0,-1.3379504727199674
2025,13,2025_13_MIN_SEA,2976.0,MIN,E.Wilson,00-0033336,tackle_for_loss,1.0,10.0,,0.0,-1.1284799922723323
2025,13,2025_13_NO_MIA,521.0,MIA,J.Brooks,00-0036409,tackle_for_loss,2.0,3.0,,0.0,-0.9525861949659884
2025,13,2025_13_NYG_NE,3125.0,NYG,Z.Barnes,00-0038399,tackle_for_loss,2.0,8.0,,0.0,-1.4011505213566124
2025,13,2025_13_SF_CLE,1318.0,CLE,C.Schwesinger,00-0040579,tackle_for_loss,2.0,7.0,,0.0,-0.824925949331373
2025,14,2025_14_CIN_BUF,733.0,BUF,S.Thompson,00-0031550,tackle_for_loss,2.0,8.0,,0.0,-1.4610779534559697
2025,14,2025_14_DAL_DET,327.0,DET,D.Barnes,00-0036964,tackle_for_loss,1.0,10.0,,0.0,-1.3171441855374724
2025,14,2025_14_DAL_DET,646.0,DET,J.Campbell,00-0039018,tackle_for_loss,3.0,4.0,,0.0,-2.6237770293373615
2025,14,2025_14_DEN_LV,1109.0,DEN,D.Greenlaw,00-0034982,tackle_for_loss,1.0,10.0,,0.0,-1.1409376910887659
2025,14,2025_14_HOU_KC,614.0,KC,N.Bolton,00-0036621,tackle_for_loss,2.0,3.0,,0.0,-0.9948771419003606
2025,14,2025_14_HOU_KC,2186.0,KC,N.Bolton,00-0036621,tackle_for_loss,1.0,10.0,,0.0,-1.2964562997221947
2025,14,2025_14_HOU_KC,4242.0,KC,D.Tranquill,00-0035262,tackle_for_loss,3.0,4.0,,0.0,-0.2275242561557902
2025,14,2025_14_MIA_NYJ,1448.0,NYJ,Q.Williams,00-0035680,tackle_for_loss,3.0,6.0,,0.0,-1.9099691449664533
2025,14,2025_14_MIA_NYJ,2015.0,MIA,J.Brooks,00-0036409,tackle_for_loss,1.0,10.0,,0.0,-0.9967112611047924
2025,14,2025_14_MIA_NYJ,2399.0,MIA,T.Dodson,00-0035352,tackle_for_loss,2.0,2.0,,0.0,-1.3719227714464068
2025,14,2025_14_MIA_NYJ,3034.0,MIA,W.Gay,00-0036362,tackle_for_loss,1.0,10.0,,0.0,-1.0800540265627205
2025,14,2025_14_MIA_NYJ,3229.0,MIA,T.Dodson,00-0035352,tackle_for_loss,1.0,10.0,,0.0,-0.9391866939840838
2025,14,2025_14_MIA_NYJ,3577.0,NYJ,M.Walker,00-0036300,tackle_for_loss,1.0,10.0,,0.0,-0.9243906847550534
2025,14,2025_14_MIA_NYJ,3932.0,NYJ,J.Sherwood,00-0036500,tackle_for_loss,1.0,10.0,,0.0,-0.8673044162569568
2025,14,2025_14_PHI_LAC,859.0,LAC,D.Perryman,00-0032103,tackle_for_loss,1.0,10.0,,0.0,-0.9434524369426072
2025,14,2025_14_PHI_LAC,1731.0,PHI,N.Dean,00-0037615,tackle_for_loss,1.0,10.0,,0.0,-6.073993123369291
2025,14,2025_14_PIT_BAL,2880.0,BAL,R.Smith,00-0034874,tackle_for_loss,1.0,10.0,,0.0,-0.7968640141189098
2025,14,2025_14_PIT_BAL,3684.0,BAL,T.Buchanan,00-0040069,tackle_for_loss,2.0,10.0,,0.0,-1.5339853016193956
2025,14,2025_14_SEA_ATL,3407.0,ATL,D.Deablo,00-0036990,tackle_for_loss,2.0,2.0,,0.0,-1.437597644107882
2025,14,2025_14_WAS_MIN,2583.0,MIN,E.Wilson,00-0033336,tackle_for_loss,3.0,11.0,,0.0,-2.140869507798925
2025,15,2025_15_ARI_HOU,368.0,HOU,H.To'oTo'o,00-0038599,tackle_for_loss,3.0,12.0,,0.0,-1.4146063015796244
2025,15,2025_15_ATL_TB,1321.0,ATL,K.Elliss,00-0035316,tackle_for_loss,2.0,4.0,,0.0,-1.3775279158726335
2025,15,2025_15_BUF_NE,659.0,NE,J.Gibbens,00-0037596,tackle_for_loss,3.0,9.0,,0.0,-1.6349518606439233
2025,15,2025_15_BUF_NE,1292.0,BUF,S.Thompson,00-0031550,tackle_for_loss,1.0,10.0,,0.0,-1.1389739532023668
2025,15,2025_15_BUF_NE,3140.0,NE,J.Gibbens,00-0037596,tackle_for_loss,3.0,2.0,,0.0,-1.9351730186026543
2025,15,2025_15_CLE_CHI,952.0,CHI,D.Jackson,00-0037271,tackle_for_loss,2.0,8.0,,0.0,-1.632901709061116
2025,15,2025_15_CLE_CHI,1312.0,CLE,M.Diabate,00-0038711,tackle_for_loss,1.0,7.0,,0.0,-0.8725153338164091
2025,15,2025_15_CLE_CHI,2693.0,CHI,T.Edwards,00-0035386,tackle_for_loss,2.0,7.0,,0.0,-0.7318989599589258
2025,15,2025_15_CLE_CHI,2751.0,CLE,M.Diabate,00-0038711,tackle_for_loss,1.0,10.0,,0.0,-1.0413119541481137
2025,15,2025_15_DET_LA,3566.0,LA,N.Landman,00-0037587,tackle_for_loss,1.0,10.0,,0.0,-0.8520367292221636
2025,15,2025_15_GB_DEN,2966.0,GB,E.Cooper,00-0039850,tackle_for_loss,1.0,10.0,,0.0,-1.097581089939922
2025,15,2025_15_GB_DEN,3649.0,GB,Q.Walker,00-0037074,tackle_for_loss,2.0,1.0,,0.0,-0.8058138166088611
2025,15,2025_15_GB_DEN,4365.0,GB,E.Cooper,00-0039850,tackle_for_loss,4.0,1.0,,0.0,-1.4607736217440106
2025,15,2025_15_IND_SEA,293.0,IND,Z.Franklin,00-0034431,tackle_for_loss,2.0,7.0,,0.0,-0.8726413156837225
2025,15,2025_15_LAC_KC,1080.0,KC,D.Tranquill,00-0035262,tackle_for_loss,1.0,10.0,,0.0,-0.7215838991105556
2025,15,2025_15_LAC_KC,1233.0,LAC,D.Perryman,00-0032103,tackle_for_loss,1.0,8.0,,0.0,-0.7574410399538465
2025,15,2025_15_LAC_KC,3258.0,KC,N.Bolton,00-0036621,tackle_for_loss,2.0,5.0,,0.0,-0.9636747774202377
2025,15,2025_15_LV_PHI,308.0,LV,E.Roberts,00-0032442,tackle_for_loss,2.0,4.0,,0.0,-1.2137577050016262
2025,15,2025_15_LV_PHI,530.0,PHI,N.Dean,00-0037615,tackle_for_loss,1.0,10.0,,0.0,-0.7532921638339758
2025,15,2025_15_LV_PHI,847.0,LV,E.Roberts,00-0032442,tackle_for_loss,2.0,3.0,,0.0,-1.1725326040759683
2025,15,2025_15_LV_PHI,1155.0,LV,D.White,00-0035707,tackle_for_loss,2.0,2.0,,0.0,-1.4042724892497063
2025,15,2025_15_LV_PHI,2613.0,LV,D.White,00-0035707,tackle_for_loss,2.0,4.0,,0.0,-0.8680900362087414
2025,15,2025_15_LV_PHI,2726.0,PHI,N.Dean,00-0037615,tackle_for_loss,1.0,10.0,,0.0,-1.3380677751265466
2025,15,2025_15_LV_PHI,2993.0,LV,E.Roberts,00-0032442,tackle_for_loss,2.0,6.0,,0.0,-1.039466252317652
2025,15,2025_15_LV_PHI,3216.0,LV,T.Eichenberg,00-0039374,tackle_for_loss,4.0,1.0,,0.0,-4.19074807188008
2025,15,2025_15_MIA_PIT,90.0,PIT,P.Queen,00-0036323,tackle_for_loss,1.0,10.0,,0.0,-0.8124209446832538
2025,15,2025_15_MIA_PIT,648.0,MIA,J.Brooks,00-0036409,tackle_for_loss,1.0,10.0,,0.0,-0.8440072456141934
2025,15,2025_15_MIA_PIT,695.0,MIA,J.Brooks,00-0036409,tackle_for_loss,3.0,11.0,,0.0,-2.4457759347278625
2025,15,2025_15_MIA_PIT,1196.0,PIT,P.Queen,00-0036323,tackle_for_loss,3.0,1.0,,0.0,-2.6771632918990056
2025,15,2025_15_MIA_PIT,2476.0,PIT,P.Wilson,00-0039741,tackle_for_loss,3.0,11.0,,0.0,-2.0138579902704805
2025,15,2025_15_NYJ_JAX,1287.0,NYJ,Q.Williams,00-0035680,tackle_for_loss,1.0,10.0,,0.0,-1.026933167129755
2025,15,2025_15_TEN_SF,680.0,SF,D.Winters,00-0038625,tackle_for_loss,1.0,5.0,,0.0,-1.510554501786828
2025,15,2025_15_TEN_SF,4159.0,TEN,J.Williams,00-0039430,tackle_for_loss,2.0,6.0,,0.0,-0.31085495924344286
2025,16,2025_16_ATL_ARI,2623.0,ARI,C.Simon,00-0040645,tackle_for_loss,3.0,1.0,,0.0,-1.7518539229640737
2025,16,2025_16_BUF_CLE,3344.0,CLE,C.Schwesinger,00-0040579,tackle_for_loss,3.0,9.0,,0.0,-1.8705502296797931
2025,16,2025_16_GB_CHI,2463.0,GB,Q.Walker,00-0037074,tackle_for_loss,2.0,7.0,,0.0,-0.8391510942019522
2025,16,2025_16_KC_TEN,1064.0,KC,N.Bolton,00-0036621,tackle_for_loss,3.0,3.0,,0.0,-2.3622829492669553
2025,16,2025_16_KC_TEN,3538.0,TEN,J.Williams,00-0039430,tackle_for_loss,3.0,13.0,,0.0,-1.6191389574669302
2025,16,2025_16_LA_SEA,1246.0,LA,N.Landman,00-0037587,tackle_for_loss,2.0,14.0,,0.0,-0.9071566052734852
2025,16,2025_16_LA_SEA,2348.0,SEA,E.Jones,00-0036994,tackle_for_loss,3.0,2.0,,0.0,-1.4901046882150695
2025,16,2025_16_LV_HOU,1641.0,HOU,E.Speed,00-0034987,tackle_for_loss,3.0,1.0,,0.0,-2.3765679206699133
2025,16,2025_16_MIN_NYG,1014.0,MIN,E.Wilson,00-0033336,tackle_for_loss,3.0,7.0,,0.0,-1.2229749343570129
2025,16,2025_16_NE_BAL,396.0,BAL,T.Simpson,00-0038504,tackle_for_loss,1.0,10.0,,0.0,-1.0714791455538943
2025,16,2025_16_NE_BAL,422.0,BAL,T.Simpson,00-0038504,tackle_for_loss,2.0,13.0,,0.0,-0.8029177129501477
2025,16,2025_16_NE_BAL,1645.0,NE,J.Gibbens,00-0037596,tackle_for_loss,2.0,7.0,,0.0,-0.9782348601729609
2025,16,2025_16_NYJ_NO,223.0,NO,D.Davis,00-0029607,tackle_for_loss,1.0,10.0,,0.0,-0.8730842826189473
2025,16,2025_16_NYJ_NO,1009.0,NYJ,J.Sherwood,00-0036500,tackle_for_loss,3.0,6.0,,0.0,-2.182254439978414
2025,16,2025_16_NYJ_NO,1768.0,NYJ,J.Sherwood,00-0036500,tackle_for_loss,1.0,10.0,,0.0,-0.8383116082986817
2025,16,2025_16_NYJ_NO,2533.0,NO,I.Stalbird,00-0039622,tackle_for_loss,3.0,6.0,,0.0,-2.4757265432272106
2025,16,2025_16_PHI_WAS,1269.0,WAS,J.Magee,00-0039368,tackle_for_loss,1.0,10.0,,0.0,-0.8315503406338394
2025,16,2025_16_PHI_WAS,1462.0,PHI,J.Campbell,00-0040708,tackle_for_loss,2.0,3.0,,0.0,-1.200820152880624
2025,16,2025_16_PHI_WAS,3005.0,WAS,B.Wagner,00-0029255,tackle_for_loss,1.0,10.0,,0.0,-1.0685098147951066
2025,16,2025_16_PHI_WAS,4004.0,WAS,B.Wagner,00-0029255,tackle_for_loss,1.0,10.0,,0.0,-0.5135711458860897
2025,16,2025_16_TB_CAR,646.0,TB,S.Dennis,00-0039049,tackle_for_loss,1.0,10.0,,0.0,-1.314599906327203
2025,16,2025_16_TB_CAR,1412.0,CAR,C.Rozeboom,00-0035942,tackle_for_loss,3.0,13.0,,0.0,-1.106592622352764
2025,16,2025_16_TB_CAR,3138.0,TB,L.David,00-0029562,tackle_for_loss,1.0,10.0,,0.0,-1.3830457290168852
2025,17,2025_17_CHI_SF,2352.0,SF,D.Winters,00-0038625,tackle_for_loss,2.0,12.0,,0.0,-1.2095615749713033
2025,17,2025_17_CHI_SF,2954.0,SF,T.Bethune,00-0039435,tackle_for_loss,1.0,10.0,,0.0,-1.050748213310726
2025,17,2025_17_DAL_WAS,1459.0,WAS,J.Magee,00-0039368,tackle_for_loss,2.0,10.0,,0.0,-0.9837104382459074
2025,17,2025_17_DET_MIN,117.0,DET,A.Anzalone,00-0033914,tackle_for_loss,3.0,9.0,,0.0,-2.226402497384697
2025,17,2025_17_DET_MIN,1825.0,MIN,B.Cashman,00-0035276,tackle_for_loss,1.0,10.0,,0.0,-0.18903349718311802
2025,17,2025_17_HOU_LAC,3287.0,HOU,H.To'oTo'o,00-0038599,tackle_for_loss,1.0,10.0,,0.0,-1.1158169468399137
2025,17,2025_17_LA_ATL,502.0,LA,N.Landman,00-0037587,tackle_for_loss,2.0,2.0,,0.0,-1.3490094739827327
2025,17,2025_17_NE_NYJ,1206.0,NE,J.Gibbens,00-0037596,tackle_for_loss,3.0,8.0,,0.0,-1.1903463483187986
2025,17,2025_17_NE_NYJ,2346.0,NE,J.Tavai,00-0035240,tackle_for_loss,2.0,2.0,,0.0,-1.546534847235307
2025,17,2025_17_NE_NYJ,3261.0,NE,J.Tavai,00-0035240,tackle_for_loss,1.0,10.0,,0.0,-0.7509357105009258
2025,17,2025_17_NO_TEN,774.0,TEN,C.Gray,00-0039858,tackle_for_loss,2.0,7.0,,0.0,-0.9255048977211118
2025,17,2025_17_NYG_LV,335.0,NYG,B.Okereke,00-0035687,tackle_for_loss,1.0,10.0,,0.0,-1.307292549405247
2025,17,2025_17_NYG_LV,3667.0,NYG,D.Flannigan-Fowles,00-0035020,tackle_for_loss,1.0,10.0,,0.0,-0.7866660648141988
2025,17,2025_17_PHI_BUF,2267.0,BUF,S.Thompson,00-0031550,tackle_for_loss,2.0,10.0,,0.0,-1.4233162484597415
2025,17,2025_17_PHI_BUF,3848.0,PHI,Z.Baun,00-0036418,tackle_for_loss,3.0,9.0,,0.0,-1.062869491870515
2025,17,2025_17_PIT_CLE,861.0,CLE,D.Bush,00-0035525,tackle_for_loss,2.0,7.0,,0.0,-1.408770446141716
2025,17,2025_17_PIT_CLE,1038.0,PIT,P.Queen,00-0036323,tackle_for_loss,1.0,10.0,,0.0,-0.9117761830566451
2025,17,2025_17_PIT_CLE,1440.0,CLE,J.Baker,00-0034797,tackle_for_loss,1.0,10.0,,0.0,-0.9973138368804939
2025,17,2025_17_PIT_CLE,3529.0,PIT,M.Harrison,00-0036280,tackle_for_loss,2.0,5.0,,0.0,-1.2064345214748755
2025,17,2025_17_SEA_CAR,660.0,CAR,C.Rozeboom,00-0035942,tackle_for_loss,2.0,10.0,,0.0,-1.4959857002831995
2025,17,2025_17_TB_MIA,360.0,MIA,J.Brooks,00-0036409,tackle_for_loss,2.0,5.0,,0.0,-1.176185071701184
2025,17,2025_17_TB_MIA,2614.0,MIA,T.Dodson,00-0035352,tackle_for_loss,3.0,8.0,,0.0,-1.175133078332077
2025,17,2025_17_TB_MIA,2726.0,TB,S.Dennis,00-0039049,tackle_for_loss,1.0,10.0,,0.0,-1.1646894314326346
2025,18,2025_18_CAR_TB,362.0,TB,S.Dennis,00-0039049,tackle_for_loss,1.0,10.0,,0.0,-0.8592056124471128
2025,18,2025_18_CAR_TB,2735.0,CAR,K.Barnes,00-0035961,tackle_for_loss,1.0,10.0,,0.0,-0.9024422408547252
2025,18,2025_18_DET_CHI,1565.0,DET,M.Rodriguez,00-0037289,tackle_for_loss,1.0,10.0,,0.0,-0.8949424137827009
2025,18,2025_18_GB_MIN,1664.0,MIN,E.Wilson,00-0033336,tackle_for_loss,1.0,10.0,,0.0,-1.74250070983544
2025,18,2025_18_GB_MIN,3000.0,MIN,B.Cashman,00-0035276,tackle_for_loss,1.0,10.0,,0.0,-1.8188848686404526
2025,18,2025_18_IND_HOU,180.0,IND,Z.Franklin,00-0034431,tackle_for_loss,1.0,10.0,,0.0,-0.8170224742498249
2025,18,2025_18_IND_HOU,581.0,IND,Z.Franklin,00-0034431,tackle_for_loss,2.0,13.0,,0.0,-1.2710591100621969
2025,18,2025_18_KC_LV,1902.0,KC,D.Tranquill,00-0035262,tackle_for_loss,3.0,1.0,,0.0,-2.4391973432899325
2025,18,2025_18_KC_LV,2360.0,KC,N.Bolton,00-0036621,tackle_for_loss,4.0,1.0,,0.0,-4.154118268750608
2025,18,2025_18_KC_LV,3915.0,LV,D.White,00-0035707,tackle_for_loss,3.0,3.0,,0.0,-0.7234107082557708
2025,18,2025_18_LAC_DEN,1065.0,LAC,T.Dye,00-0036338,tackle_for_loss,2.0,9.0,,0.0,-1.4180727247148752
2025,18,2025_18_LAC_DEN,1117.0,LAC,D.Phillips,00-0035202,tackle_for_loss,1.0,10.0,,0.0,-1.3630814705975354
2025,18,2025_18_LAC_DEN,2703.0,DEN,J.Strnad,00-0036428,tackle_for_loss,3.0,8.0,,0.0,-1.9653768215794116
2025,18,2025_18_LAC_DEN,3065.0,LAC,M.Wax,00-0040460,tackle_for_loss,3.0,1.0,,0.0,-1.994982959702611
2025,18,2025_18_MIA_NE,3145.0,NE,J.Tavai,00-0035240,tackle_for_loss,3.0,18.0,,0.0,-1.1170066613703966
2025,18,2025_18_NYJ_BUF,613.0,BUF,J.Andreessen,00-0039763,tackle_for_loss,1.0,10.0,,0.0,-0.729366835206747
2025,18,2025_18_NYJ_BUF,2780.0,BUF,J.Andreessen,00-0039763,tackle_for_loss,1.0,10.0,,0.0,-1.102242401917465
2025,18,2025_18_SEA_SF,298.0,SF,T.Bethune,00-0039435,tackle_for_loss,1.0,1.0,,0.0,-2.18237846106058
2025,18,2025_18_TEN_JAX,1580.0,TEN,J.Williams,00-0039430,tackle_for_loss,1.0,10.0,,0.0,-1.0180160210002214
2025,18,2025_18_TEN_JAX,2089.0,JAX,D.Lloyd,00-0037244,tackle_for_loss,1.0,10.0,,0.0,-0.6734885121695697
2025,18,2025_18_WAS_PHI,613.0,PHI,J.Trotter,00-0039826,tackle_for_loss,2.0,4.0,,0.0,-1.1688082518521696
2025,19,2025_19_GB_CHI,2120.0,CHI,D.Jackson,00-0037271,tackle_for_loss,2.0,10.0,,0.0,-1.2271774797700346
2025,19,2025_19_GB_CHI,2337.0,GB,Q.Walker,00-0037074,tackle_for_loss,2.0,9.0,,0.0,-1.5031581796356477
2025,19,2025_19_HOU_PIT,2811.0,HOU,A.Al-Shaair,00-0035166,tackle_for_loss,1.0,10.0,,0.0,-0.7460263513494283
2025,19,2025_19_HOU_PIT,4178.0,HOU,J.Hill,00-0039395,tackle_for_loss,1.0,10.0,,0.0,-1.6468104215455242
2025,19,2025_19_SF_PHI,1275.0,SF,E.Kendricks,00-0031554,tackle_for_loss,2.0,3.0,,0.0,-0.9040599494474009
2025,19,2025_19_SF_PHI,2707.0,SF,E.Kendricks,00-0031554,tackle_for_loss,1.0,10.0,,0.0,-0.8374384333146736
2025,20,2025_20_BUF_DEN,373.0,BUF,S.Thompson,00-0031550,tackle_for_loss,1.0,5.0,,0.0,-0.5369927616557106
2025,20,2025_20_BUF_DEN,1208.0,BUF,S.Thompson,00-0031550,tackle_for_loss,1.0,10.0,,0.0,-0.8085717021604069
2025,20,2025_20_HOU_NE,328.0,HOU,H.To'oTo'o,00-0038599,tackle_for_loss,2.0,12.0,,0.0,-1.2294248240068555
2025,20,2025_20_HOU_NE,1625.0,NE,C.Elliss,00-0036813,tackle_for_loss,1.0,10.0,,0.0,-0.7497173072770238
2025,20,2025_20_HOU_NE,4060.0,HOU,E.Speed,00-0034987,tackle_for_loss,2.0,4.0,,0.0,-0.8367962155025452
2025,20,2025_20_LA_CHI,4365.0,LA,N.Landman,00-0037587,tackle_for_loss,2.0,4.0,,0.0,-1.1642244565300643
2025,20,2025_20_SF_SEA,574.0,SF,D.Winters,00-0038625,tackle_for_loss,3.0,2.0,,0.0,-1.9149161954248282
2025,20,2025_20_SF_SEA,2603.0,SF,D.Winters,00-0038625,tackle_for_loss,1.0,10.0,,0.0,-1.1334423664957285
2025,20,2025_20_SF_SEA,2730.0,SEA,D.Thomas,00-0038922,tackle_for_loss,1.0,10.0,,0.0,-0.883972910232842
2025,20,2025_20_SF_SEA,2920.0,SF,D.Winters,00-0038625,tackle_for_loss,1.0,9.0,,0.0,-0.9089673925773241
2025,20,2025_20_SF_SEA,3250.0,SF,E.Kendricks,00-0031554,tackle_for_loss,3.0,8.0,,0.0,-1.474715102929622
2025,21,2025_21_LA_SEA,2572.0,LA,N.Landman,00-0037587,tackle_for_loss,2.0,7.0,,0.0,-0.9472311963327229
2025,21,2025_21_LA_SEA,4073.0,LA,O.Speights,00-0039774,tackle_for_loss,2.0,4.0,,0.0,-0.5759415422216989
2025,21,2025_21_NE_DEN,1495.0,NE,C.Elliss,00-0036813,tackle_for_loss,3.0,4.0,,0.0,-5.228765919979196
2025,22,2025_22_SEA_NE,617.0,SEA,E.Jones,00-0036994,tackle_for_loss,1.0,10.0,,0.0,-0.9972831388004124
2024,1,2024_01_ARI_BUF,2060.0,ARI,K.White,00-0034375,qb_hit,3.0,11.0,,1.0,3.1290228996658698
2024,1,2024_01_BAL_KC,488.0,BAL,T.Simpson,00-0038504,qb_hit,1.0,10.0,,0.0,-0.48364593274891376
2024,1,2024_01_BAL_KC,3220.0,BAL,T.Simpson,00-0038504,qb_hit,1.0,10.0,,1.0,0.6753409917000681
2024,1,2024_01_DAL_CLE,2718.0,DAL,E.Kendricks,00-0031554,qb_hit,1.0,10.0,,0.0,-0.5270569268614054
2024,1,2024_01_DAL_CLE,3179.0,DAL,E.Kendricks,00-0031554,qb_hit,3.0,6.0,,0.0,-1.9312748599331826
2024,1,2024_01_DAL_CLE,3434.0,DAL,D.Overshown,00-0038556,qb_hit,4.0,6.0,,0.0,-2.9401778478641063
2024,1,2024_01_DAL_CLE,3801.0,DAL,D.Overshown,00-0038556,qb_hit,4.0,4.0,,0.0,-2.7432246028911322
2024,1,2024_01_GB_PHI,378.0,PHI,Z.Baun,00-0036418,qb_hit,1.0,10.0,,1.0,0.44520389096578583
2024,1,2024_01_GB_PHI,3044.0,GB,I.McDuffie,00-0036658,qb_hit,3.0,2.0,,0.0,-1.7167729055508971
2024,1,2024_01_GB_PHI,4681.0,PHI,Z.Baun,00-0036418,qb_hit,3.0,6.0,,0.0,-0.32942568871658295
2024,1,2024_01_HOU_IND,2365.0,IND,E.Speed,00-0034987,qb_hit,1.0,10.0,,0.0,-0.5957354819402099
2024,1,2024_01_HOU_IND,2693.0,IND,Z.Franklin,00-0034431,qb_hit,3.0,14.0,,1.0,3.213750969734974
2024,1,2024_01_MIN_NYG,310.0,MIN,I.Pace,00-0038807,qb_hit,2.0,10.0,,0.0,-0.4797999633010477
2024,1,2024_01_NE_CIN,509.0,CIN,L.Wilson,00-0036294,qb_hit,1.0,10.0,,1.0,1.0994329135864973
2024,1,2024_01_NE_CIN,1970.0,CIN,L.Wilson,00-0036294,qb_hit,3.0,4.0,,0.0,-1.6090802946127951
2024,1,2024_01_NE_CIN,2421.0,CIN,L.Wilson,00-0036294,qb_hit,3.0,3.0,,0.0,-1.6817707179579884
2024,1,2024_01_WAS_TB,3251.0,TB,S.Dennis,00-0039049,qb_hit,2.0,7.0,,0.0,-2.0757046265061945
2024,2,2024_02_ATL_PHI,4090.0,ATL,K.Elliss,00-0035316,qb_hit,1.0,10.0,,0.0,-0.7253472043666989
2024,2,2024_02_CHI_HOU,1498.0,CHI,T.Edmunds,00-0034673,qb_hit,3.0,4.0,,0.0,-1.4944556332193315
2024,2,2024_02_CHI_HOU,2799.0,HOU,A.Al-Shaair,00-0035166,qb_hit,1.0,15.0,,0.0,-0.5469667264260352
2024,2,2024_02_CHI_HOU,3247.0,HOU,A.Al-Shaair,00-0035166,qb_hit,3.0,16.0,,0.0,-1.9710218429099768
2024,2,2024_02_CHI_HOU,3575.0,CHI,J.Sanborn,00-0037109,qb_hit,2.0,9.0,,0.0,-1.6419669677270576
2024,2,2024_02_CHI_HOU,4157.0,HOU,H.To'oTo'o,00-0038599,qb_hit,1.0,10.0,,0.0,-0.6507410047343001
2024,2,2024_02_CLE_JAX,842.0,JAX,D.Lloyd,00-0037244,qb_hit,1.0,10.0,,0.0,-0.5173962628468871
2024,2,2024_02_CLE_JAX,1505.0,CLE,J.Hicks,00-0032129,qb_hit,2.0,4.0,,0.0,-0.995505842147395
2024,2,2024_02_CLE_JAX,2034.0,CLE,J.Hicks,00-0032129,qb_hit,2.0,12.0,,0.0,-1.2439312716014683
2024,2,2024_02_CLE_JAX,2924.0,JAX,F.Oluokun,00-0034413,qb_hit,2.0,7.0,,0.0,-1.8964544436894357
2024,2,2024_02_IND_GB,1880.0,GB,I.McDuffie,00-0036658,qb_hit,1.0,10.0,,0.0,-0.5384196536615491
2024,2,2024_02_LAC_CAR,644.0,LAC,D.Perryman,00-0032103,qb_hit,3.0,5.0,,0.0,-2.678780718706548
2024,2,2024_02_LA_ARI,2360.0,ARI,K.Barnes,00-0035961,qb_hit,3.0,1.0,,0.0,-2.211064036935568
2024,2,2024_02_NYG_WAS,306.0,NYG,B.Okereke,00-0035687,qb_hit,2.0,7.0,,0.0,-1.2457380596315488
2024,2,2024_02_NYG_WAS,2340.0,NYG,M.McFadden,00-0037259,qb_hit,2.0,8.0,,0.0,-0.7953980258316733
2024,2,2024_02_PIT_DEN,1982.0,DEN,A.Singleton,00-0031898,qb_hit,3.0,10.0,,0.0,-1.550677496008575
2024,2,2024_02_SF_MIN,2740.0,MIN,B.Cashman,00-0035276,qb_hit,2.0,9.0,,0.0,-1.7617854811251163
2024,2,2024_02_SF_MIN,3438.0,SF,F.Warner,00-0034815,qb_hit,2.0,7.0,,0.0,-0.7095695917960256
2024,3,2024_03_CAR_LV,1046.0,LV,R.Spillane,00-0034720,qb_hit,2.0,8.0,,0.0,-1.4165781196206808
2024,3,2024_03_CAR_LV,4292.0,CAR,S.Thompson,00-0031550,qb_hit,2.0,8.0,,1.0,2.3558265455067158
2024,3,2024_03_CHI_IND,3868.0,CHI,T.Edmunds,00-0034673,qb_hit,2.0,10.0,,0.0,-0.7523603003937751
2024,3,2024_03_DET_ARI,1245.0,ARI,Ma.Wilson,00-0035144,qb_hit,3.0,3.0,,0.0,-2.160580792929977
2024,3,2024_03_GB_TEN,1197.0,TEN,K.Murray,00-0036441,qb_hit,2.0,3.0,,0.0,-2.3225944978185
2024,3,2024_03_GB_TEN,1437.0,TEN,K.Murray,00-0036441,qb_hit,2.0,14.0,,0.0,-0.5822610480245203
2024,3,2024_03_GB_TEN,2001.0,GB,Q.Walker,00-0037074,qb_hit,4.0,2.0,,0.0,-3.4809282588539645
2024,3,2024_03_GB_TEN,3304.0,GB,E.Cooper,00-0039850,qb_hit,3.0,13.0,,0.0,-1.4204609890002757
2024,3,2024_03_HOU_MIN,196.0,HOU,A.Al-Shaair,00-0035166,qb_hit,1.0,9.0,,0.0,-0.544736442854628
2024,3,2024_03_KC_ATL,758.0,ATL,K.Elliss,00-0035316,qb_hit,2.0,8.0,,0.0,-5.731436330883298
2024,3,2024_03_KC_ATL,3226.0,KC,D.Tranquill,00-0035262,qb_hit,2.0,7.0,,0.0,-0.7602954294998199
2024,3,2024_03_KC_ATL,3659.0,KC,D.Tranquill,00-0035262,qb_hit,2.0,8.0,,1.0,1.2450476491358131
2024,3,2024_03_LAC_PIT,2494.0,PIT,E.Roberts,00-0032442,qb_hit,1.0,10.0,,0.0,-1.4482398377731442
2024,3,2024_03_MIA_SEA,2437.0,SEA,T.Dodson,00-0035352,qb_hit,3.0,2.0,,0.0,-2.5256312689743936
2024,3,2024_03_MIA_SEA,3242.0,MIA,J.Brooks,00-0036409,qb_hit,2.0,11.0,,0.0,-1.4973927654791623
2024,3,2024_03_NYG_CLE,328.0,NYG,M.McFadden,00-0037259,qb_hit,1.0,10.0,,0.0,-0.5443254625424743
2024,3,2024_03_NYG_CLE,904.0,NYG,M.McFadden,00-0037259,qb_hit,2.0,7.0,,0.0,-1.8761938125826418
2024,3,2024_03_NYG_CLE,2264.0,NYG,B.Okereke,00-0035687,qb_hit,2.0,10.0,,0.0,-1.292140242177993
2024,3,2024_03_NYG_CLE,2455.0,NYG,M.McFadden,00-0037259,qb_hit,2.0,8.0,,0.0,-0.8064145711250603
2024,3,2024_03_NYG_CLE,3450.0,CLE,J.Hicks,00-0032129,qb_hit,2.0,9.0,,0.0,-0.6516234688460827
2024,3,2024_03_SF_LA,3658.0,SF,D.Campbell,00-0032401,qb_hit,1.0,8.0,,0.0,-0.5903620895114727
2024,4,2024_04_BUF_BAL,2383.0,BUF,B.Spector,00-0037318,qb_hit,3.0,11.0,,0.0,-1.439660947304219
2024,4,2024_04_CIN_CAR,646.0,CIN,L.Wilson,00-0036294,qb_hit,3.0,9.0,,1.0,2.3310400277841836
2024,4,2024_04_DEN_NYJ,56.0,DEN,J.Strnad,00-0036428,qb_hit,1.0,10.0,,0.0,-1.7426093420945108
2024,4,2024_04_JAX_HOU,155.0,HOU,A.Al-Shaair,00-0035166,qb_hit,3.0,5.0,,0.0,-1.7827209355309606
2024,4,2024_04_KC_LAC,3769.0,KC,D.Tranquill,00-0035262,qb_hit,2.0,11.0,,0.0,-0.6703254777239636
2024,4,2024_04_MIN_GB,1591.0,MIN,B.Cashman,00-0035276,qb_hit,1.0,10.0,,0.0,-6.367991818813607
2024,4,2024_04_MIN_GB,1716.0,MIN,B.Cashman,00-0035276,qb_hit,1.0,10.0,,0.0,-0.48026702529750764
2024,4,2024_04_MIN_GB,3066.0,GB,Q.Walker,00-0037074,qb_hit,2.0,12.0,,0.0,-1.9132083512376994
2024,4,2024_04_NO_ATL,3674.0,ATL,K.Elliss,00-0035316,qb_hit,2.0,5.0,,0.0,-0.9854075907787774
2024,4,2024_04_PHI_TB,3685.0,TB,L.David,00-0029562,qb_hit,2.0,10.0,,0.0,-1.6774643980897963
2024,4,2024_04_PIT_IND,3022.0,PIT,P.Queen,00-0036323,qb_hit,1.0,10.0,,0.0,-0.558141924906522
2024,4,2024_04_SEA_DET,198.0,DET,A.Anzalone,00-0033914,qb_hit,1.0,10.0,,0.0,-0.5591551784891635
2024,4,2024_04_SEA_DET,1722.0,DET,M.Rodriguez,00-0037289,qb_hit,1.0,10.0,,0.0,-1.1715331472223625
2024,4,2024_04_SEA_DET,4556.0,DET,A.Anzalone,00-0033914,qb_hit,1.0,10.0,,0.0,-0.5111548387212679
2024,4,2024_04_TEN_MIA,2504.0,MIA,J.Brooks,00-0036409,qb_hit,3.0,5.0,,0.0,-1.9393649348057806
2024,4,2024_04_WAS_ARI,2272.0,WAS,B.Wagner,00-0029255,qb_hit,2.0,26.0,,0.0,-1.2834360296837986
2024,5,2024_05_ARI_SF,383.0,ARI,K.Barnes,00-0035961,qb_hit,3.0,6.0,,0.0,-1.5138686692492365
2024,5,2024_05_ARI_SF,609.0,ARI,K.White,00-0034375,qb_hit,3.0,6.0,,1.0,2.267321186605841
2024,5,2024_05_BAL_CIN,799.0,BAL,T.Simpson,00-0038504,qb_hit,1.0,10.0,,0.0,-0.4962007759604603
2024,5,2024_05_BAL_CIN,3857.0,BAL,T.Simpson,00-0038504,qb_hit,1.0,10.0,,1.0,1.1434680809034035
2024,5,2024_05_BUF_HOU,1620.0,HOU,A.Al-Shaair,00-0035166,qb_hit,3.0,13.0,,0.0,-1.2877925023203716
2024,5,2024_05_BUF_HOU,3735.0,HOU,A.Al-Shaair,00-0035166,qb_hit,3.0,10.0,,0.0,-0.8810407552994755
2024,5,2024_05_CLE_WAS,1192.0,WAS,F.Luvu,00-0034302,qb_hit,3.0,15.0,,0.0,-1.2050027834142782
2024,5,2024_05_CLE_WAS,2097.0,WAS,B.Wagner,00-0029255,qb_hit,3.0,5.0,,0.0,-1.4604075128445402
2024,5,2024_05_CLE_WAS,3189.0,WAS,B.Wagner,00-0029255,qb_hit,2.0,2.0,,0.0,-6.1155586475506425
2024,5,2024_05_CLE_WAS,3681.0,WAS,F.Luvu,00-0034302,qb_hit,1.0,10.0,,0.0,-1.5045075402595103
2024,5,2024_05_DAL_PIT,3383.0,DAL,E.Kendricks,00-0031554,qb_hit,3.0,5.0,,0.0,-1.4668538039550185
2024,5,2024_05_GB_LA,1595.0,GB,E.Cooper,00-0039850,qb_hit,3.0,16.0,,0.0,-1.9787187274778262
2024,5,2024_05_GB_LA,4390.0,GB,E.Cooper,00-0039850,qb_hit,4.0,5.0,,0.0,-0.875773529347498
2024,5,2024_05_NO_KC,522.0,KC,N.Bolton,00-0036621,qb_hit,3.0,7.0,,0.0,-1.1538691795431077
2024,5,2024_05_NO_KC,4164.0,KC,N.Bolton,00-0036621,qb_hit,1.0,10.0,,0.0,-0.38992190558928996
2024,5,2024_05_NYG_SEA,2683.0,SEA,T.Dodson,00-0035352,qb_hit,1.0,10.0,,0.0,-0.8755584550672211
2024,5,2024_05_NYG_SEA,3372.0,SEA,J.Baker,00-0034797,qb_hit,3.0,4.0,,0.0,-1.471758246421814
2024,5,2024_05_NYJ_MIN,658.0,NYJ,C.Surratt,00-0037003,qb_hit,2.0,4.0,,0.0,-0.841708597028628
2024,5,2024_05_NYJ_MIN,2914.0,MIN,B.Cashman,00-0035276,qb_hit,2.0,10.0,,0.0,-0.7170707667246461
2024,5,2024_05_NYJ_MIN,3075.0,MIN,I.Pace,00-0038807,qb_hit,1.0,10.0,,0.0,-0.27056980738416314
2024,5,2024_05_NYJ_MIN,3520.0,MIN,I.Pace,00-0038807,qb_hit,2.0,7.0,,0.0,-1.4791631561238319
2024,6,2024_06_ATL_CAR,1252.0,CAR,C.Cherelus,00-0038493,qb_hit,2.0,6.0,,0.0,-0.7434540041722357
2024,6,2024_06_BUF_NYJ,4019.0,BUF,T.Bernard,00-0037254,qb_hit,1.0,10.0,,0.0,-0.44361278507858515
2024,6,2024_06_DET_DAL,1667.0,DAL,D.Clark,00-0037281,qb_hit,3.0,9.0,,0.0,-1.6060807431978004
2024,6,2024_06_DET_DAL,2705.0,DET,T.Nowaske,00-0038660,qb_hit,2.0,10.0,,0.0,-1.177782544400543
2024,6,2024_06_HOU_NE,1899.0,NE,C.Elliss,00-0036813,qb_hit,3.0,6.0,,0.0,-1.4661346754292026
2024,6,2024_06_JAX_CHI,2717.0,CHI,J.Sanborn,00-0037109,qb_hit,2.0,2.0,,0.0,-0.6214332361705601
2024,6,2024_06_JAX_CHI,4298.0,CHI,A.Ogbongbemiga,00-0036716,qb_hit,3.0,4.0,,0.0,-1.4287837033625692
2024,6,2024_06_LAC_DEN,3527.0,DEN,J.Strnad,00-0036428,qb_hit,3.0,9.0,,0.0,-1.029238267801702
2024,6,2024_06_LAC_DEN,3607.0,LAC,D.Perryman,00-0032103,qb_hit,2.0,9.0,,1.0,1.4170936732552946
2024,6,2024_06_PIT_LV,387.0,PIT,E.Roberts,00-0032442,qb_hit,1.0,10.0,,1.0,0.6426662737503648
2024,6,2024_06_PIT_LV,1420.0,LV,D.Deablo,00-0036990,qb_hit,2.0,10.0,,0.0,-2.2473159845685586
2024,6,2024_06_TB_NO,3224.0,TB,K.Britt,00-0036643,qb_hit,1.0,10.0,,0.0,-1.5419745240360498
2024,6,2024_06_TB_NO,3812.0,NO,W.Gay,00-0036362,qb_hit,2.0,1.0,,0.0,-2.089549786876887
2024,6,2024_06_TB_NO,4264.0,TB,L.David,00-0029562,qb_hit,1.0,10.0,,0.0,-1.440463179256767
2024,6,2024_06_WAS_BAL,1886.0,WAS,B.Wagner,00-0029255,qb_hit,3.0,5.0,,1.0,1.7762243417091668
2024,7,2024_07_CAR_WAS,995.0,WAS,F.Luvu,00-0034302,qb_hit,3.0,5.0,,0.0,-1.5382974564563483
2024,7,2024_07_DEN_NO,697.0,DEN,C.Barton,00-0035672,qb_hit,1.0,10.0,,0.0,-5.421116031007841
2024,7,2024_07_DEN_NO,3995.0,DEN,J.Strnad,00-0036428,qb_hit,1.0,10.0,,0.0,-0.45463219546945766
2024,7,2024_07_DET_MIN,343.0,MIN,I.Pace,00-0038807,qb_hit,3.0,3.0,,0.0,-1.7548433607444167
2024,7,2024_07_DET_MIN,3481.0,DET,J.Campbell,00-0039018,qb_hit,2.0,7.0,,0.0,-0.6190136192599311
2024,7,2024_07_DET_MIN,3510.0,DET,M.Rodriguez,00-0037289,qb_hit,3.0,7.0,,0.0,-1.3753667719119838
2024,7,2024_07_DET_MIN,4170.0,DET,T.Nowaske,00-0038660,qb_hit,1.0,15.0,,0.0,-0.19234256143681705
2024,7,2024_07_HOU_GB,2181.0,GB,Er.Wilson,00-0033336,qb_hit,3.0,5.0,,0.0,-2.1082220706157386
2024,7,2024_07_HOU_GB,2878.0,GB,Er.Wilson,00-0033336,qb_hit,3.0,8.0,,0.0,-2.168531358940527
2024,7,2024_07_LAC_ARI,1147.0,LAC,D.Perryman,00-0032103,qb_hit,2.0,5.0,,0.0,0.26709240721538663
2024,7,2024_07_LAC_ARI,2537.0,ARI,K.White,00-0034375,qb_hit,2.0,8.0,,0.0,-0.8774904839228839
2024,7,2024_07_MIA_IND,595.0,IND,J.Carlies,00-0039377,qb_hit,2.0,2.0,,0.0,-2.02046872273786
2024,7,2024_07_NE_JAX,321.0,JAX,D.Lloyd,00-0037244,qb_hit,1.0,10.0,,0.0,-1.1686860966729
2024,7,2024_07_PHI_NYG,146.0,PHI,N.Dean,00-0037615,qb_hit,3.0,3.0,,0.0,-1.816938421688974
2024,7,2024_07_PHI_NYG,1030.0,PHI,N.Dean,00-0037615,qb_hit,1.0,10.0,,0.0,-1.4188670204021037
2024,7,2024_07_PHI_NYG,1972.0,PHI,N.Dean,00-0037615,qb_hit,1.0,10.0,,0.0,-0.431763089785818
2024,7,2024_07_PHI_NYG,2998.0,PHI,N.Dean,00-0037615,qb_hit,3.0,7.0,,0.0,-2.4163666123058647
2024,7,2024_07_SEA_ATL,736.0,ATL,K.Elliss,00-0035316,qb_hit,1.0,10.0,,1.0,1.3624296656344086
2024,7,2024_07_SEA_ATL,3788.0,ATL,K.Elliss,00-0035316,qb_hit,3.0,5.0,,0.0,-1.8724363332819944
2024,7,2024_07_TEN_BUF,3063.0,TEN,E.Jones,00-0036994,qb_hit,3.0,7.0,,0.0,-1.2733673595404826
2024,8,2024_08_ARI_MIA,3418.0,MIA,J.Brooks,00-0036409,qb_hit,3.0,4.0,,1.0,1.8427612958475947
2024,8,2024_08_CHI_WAS,2292.0,CHI,T.Edwards,00-0035386,qb_hit,1.0,10.0,,0.0,-1.3455405582208186
2024,8,2024_08_CHI_WAS,3895.0,WAS,B.Wagner,00-0029255,qb_hit,2.0,12.0,,1.0,2.492178172688
2024,8,2024_08_DAL_SF,2918.0,SF,F.Warner,00-0034815,qb_hit,3.0,4.0,,0.0,-1.4995976136997342
2024,8,2024_08_DAL_SF,4192.0,DAL,D.Overshown,00-0038556,qb_hit,2.0,3.0,,0.0,-1.295311348279938
2024,8,2024_08_GB_JAX,3164.0,GB,E.Cooper,00-0039850,qb_hit,3.0,7.0,,0.0,-5.052072944294196
2024,8,2024_08_KC_LV,890.0,KC,D.Tranquill,00-0035262,qb_hit,1.0,10.0,,0.0,-1.182991661131382
2024,8,2024_08_MIN_LA,1915.0,MIN,I.Pace,00-0038807,qb_hit,1.0,10.0,,0.0,-0.07921728387009352
2024,8,2024_08_NYG_PIT,1165.0,PIT,P.Wilson,00-0039741,qb_hit,2.0,8.0,,0.0,-0.575292871275451
2024,8,2024_08_NYG_PIT,2144.0,PIT,P.Wilson,00-0039741,qb_hit,2.0,5.0,,0.0,-0.18251048255478963
2024,8,2024_08_NYG_PIT,4063.0,NYG,M.McFadden,00-0037259,qb_hit,2.0,6.0,,0.0,-4.407484125462361
2024,8,2024_08_NYJ_NE,3013.0,NE,C.Elliss,00-0036813,qb_hit,3.0,7.0,,0.0,-1.45119202436012
2024,8,2024_08_NYJ_NE,4228.0,NE,C.Elliss,00-0036813,qb_hit,2.0,10.0,,1.0,-0.04951274173799902
2024,8,2024_08_PHI_CIN,2617.0,PHI,N.Dean,00-0037615,qb_hit,1.0,10.0,,1.0,0.8968403791077435
2024,8,2024_08_TEN_DET,1697.0,DET,A.Anzalone,00-0033914,qb_hit,1.0,10.0,,0.0,-1.398049169452861
2024,9,2024_09_CHI_ARI,885.0,ARI,Ma.Wilson,00-0035144,qb_hit,1.0,10.0,,0.0,-0.603508765809238
2024,9,2024_09_CHI_ARI,3090.0,ARI,K.White,00-0034375,qb_hit,3.0,10.0,,0.0,-1.9277118791360408
2024,9,2024_09_DAL_ATL,1905.0,ATL,K.Elliss,00-0035316,qb_hit,2.0,3.0,,1.0,0.12370390095748007
2024,9,2024_09_DAL_ATL,1978.0,ATL,K.Elliss,00-0035316,qb_hit,3.0,7.0,,0.0,-0.1812439922359772
2024,9,2024_09_DAL_ATL,2874.0,ATL,K.Elliss,00-0035316,qb_hit,1.0,20.0,,0.0,-0.5907932182308286
2024,9,2024_09_DEN_BAL,3537.0,BAL,T.Simpson,00-0038504,qb_hit,3.0,1.0,,0.0,-2.954899138014298
2024,9,2024_09_DET_GB,1836.0,DET,A.Anzalone,00-0033914,qb_hit,2.0,2.0,,0.0,-7.846021789533552
2024,9,2024_09_HOU_NYJ,2506.0,HOU,N.Hewitt,00-0031740,qb_hit,1.0,10.0,,0.0,-0.5166092310100794
2024,9,2024_09_HOU_NYJ,2870.0,NYJ,J.Sherwood,00-0036500,qb_hit,3.0,11.0,,0.0,-2.1185482380318663
2024,9,2024_09_LA_SEA,2496.0,SEA,T.Dodson,00-0035352,qb_hit,1.0,10.0,,1.0,1.5271901437081397
2024,9,2024_09_LV_CIN,2823.0,LV,R.Spillane,00-0034720,qb_hit,3.0,5.0,,0.0,-1.4048207299783826
2024,9,2024_09_NE_TEN,1171.0,TEN,K.Murray,00-0036441,qb_hit,3.0,1.0,,1.0,1.0174376792274415
2024,9,2024_09_TB_KC,3553.0,KC,D.Tranquill,00-0035262,qb_hit,2.0,8.0,,0.0,-1.2169503562618047
2024,10,2024_10_CIN_BAL,875.0,BAL,R.Smith,00-0034874,qb_hit,3.0,3.0,,0.0,-1.8647287541534752
2024,10,2024_10_DEN_KC,783.0,KC,D.Tranquill,00-0035262,qb_hit,1.0,10.0,,0.0,-0.5256815203465521
2024,10,2024_10_DEN_KC,3000.0,KC,N.Bolton,00-0036621,qb_hit,3.0,11.0,,0.0,-1.8778434644918889
2024,10,2024_10_DEN_KC,3404.0,DEN,J.Strnad,00-0036428,qb_hit,1.0,10.0,,0.0,-0.4618537437636405
2024,10,2024_10_MIN_JAX,1810.0,MIN,B.Cashman,00-0035276,qb_hit,2.0,9.0,,0.0,-1.3288256629602984
2024,10,2024_10_MIN_JAX,1995.0,MIN,I.Pace,00-0038807,qb_hit,1.0,10.0,,0.0,-0.44285633269464597
2024,10,2024_10_MIN_JAX,4036.0,MIN,B.Cashman,00-0035276,qb_hit,1.0,10.0,,0.0,-2.151839506754186
2024,10,2024_10_NE_CHI,421.0,CHI,T.Edmunds,00-0034673,qb_hit,1.0,10.0,,0.0,-0.46324412315152586
2024,10,2024_10_NE_CHI,3985.0,NE,J.Tavai,00-0035240,qb_hit,1.0,10.0,,0.0,-1.0484445036854595
2024,10,2024_10_NYJ_ARI,1489.0,NYJ,Qi.Williams,00-0035680,qb_hit,1.0,10.0,,0.0,-1.5055453915847465
2024,10,2024_10_PHI_DAL,298.0,DAL,D.Overshown,00-0038556,qb_hit,2.0,20.0,,0.0,-1.817706503206864
2024,10,2024_10_PHI_DAL,1222.0,DAL,D.Overshown,00-0038556,qb_hit,2.0,9.0,,0.0,-1.9838400960434228
2024,10,2024_10_PIT_WAS,645.0,WAS,F.Luvu,00-0034302,qb_hit,1.0,10.0,,0.0,-1.4797709193080664
2024,10,2024_10_PIT_WAS,1695.0,WAS,F.Luvu,00-0034302,qb_hit,2.0,10.0,,0.0,-0.9939471420366317
2024,10,2024_10_TEN_LAC,753.0,LAC,D.Henley,00-0038553,qb_hit,2.0,7.0,,0.0,-0.867168405558914
2024,11,2024_11_ATL_DEN,1658.0,ATL,K.Elliss,00-0035316,qb_hit,1.0,10.0,,0.0,-0.4659893423668109
2024,11,2024_11_CIN_LAC,4127.0,LAC,D.Henley,00-0038553,qb_hit,2.0,9.0,,0.0,-0.8446591340471059
2024,11,2024_11_CIN_LAC,4807.0,LAC,D.Henley,00-0038553,qb_hit,3.0,10.0,,0.0,-0.7385410125134513
2024,11,2024_11_IND_NYJ,1991.0,NYJ,J.Sherwood,00-0036500,qb_hit,2.0,6.0,,0.0,-6.338805696344934
2024,11,2024_11_KC_BUF,430.0,BUF,T.Bernard,00-0037254,qb_hit,3.0,5.0,,0.0,-1.7668744884431362
2024,11,2024_11_KC_BUF,1394.0,KC,N.Bolton,00-0036621,qb_hit,2.0,11.0,,1.0,2.3656526897102594
2024,11,2024_11_LA_NE,714.0,NE,C.Elliss,00-0036813,qb_hit,3.0,4.0,,0.0,-1.74665553169325
2024,11,2024_11_MIN_TEN,214.0,MIN,B.Cashman,00-0035276,qb_hit,3.0,6.0,,0.0,-2.225630722241476
2024,11,2024_11_MIN_TEN,2363.0,TEN,K.Murray,00-0036441,qb_hit,3.0,5.0,,0.0,-1.3917840924113989
2024,11,2024_11_MIN_TEN,3602.0,TEN,J.Baker,00-0034797,qb_hit,3.0,10.0,,0.0,-1.6672215382568538
2024,11,2024_11_SEA_SF,2157.0,SEA,T.Knight,00-0039815,qb_hit,2.0,1.0,,0.0,-0.5005530642229132
2024,11,2024_11_WAS_PHI,595.0,WAS,F.Luvu,00-0034302,qb_hit,3.0,8.0,,0.0,-1.4036360322497785
2024,11,2024_11_WAS_PHI,1087.0,WAS,F.Luvu,00-0034302,qb_hit,1.0,10.0,,0.0,-1.7927027267869562
2024,11,2024_11_WAS_PHI,1679.0,WAS,F.Luvu,00-0034302,qb_hit,1.0,10.0,,1.0,0.6491957422113046
2024,12,2024_12_ARI_SEA,134.0,SEA,T.Knight,00-0039815,qb_hit,3.0,14.0,,0.0,-1.1702457726933062
2024,12,2024_12_ARI_SEA,1076.0,ARI,Ma.Wilson,00-0035144,qb_hit,2.0,14.0,,0.0,-0.7196956523694098
2024,12,2024_12_BAL_LAC,2389.0,BAL,T.Simpson,00-0038504,qb_hit,3.0,5.0,,1.0,1.9639188984874636
2024,12,2024_12_DEN_LV,4170.0,DEN,C.Barton,00-0035672,qb_hit,1.0,10.0,,0.0,-0.6415981072932482
2024,12,2024_12_DET_IND,1757.0,IND,Z.Franklin,00-0034431,qb_hit,1.0,10.0,,0.0,-0.5238925551529974
2024,12,2024_12_KC_CAR,3999.0,CAR,J.Jewell,00-0034368,qb_hit,2.0,6.0,,0.0,-1.1812510505551472
2024,12,2024_12_MIN_CHI,3268.0,CHI,T.Edwards,00-0035386,qb_hit,2.0,14.0,,0.0,-0.21647967211902142
2024,12,2024_12_PHI_LA,2007.0,PHI,N.Dean,00-0037615,qb_hit,2.0,5.0,,0.0,-0.8662371026584879
2024,12,2024_12_PIT_CLE,297.0,PIT,E.Roberts,00-0032442,qb_hit,1.0,10.0,,0.0,-0.5158836261834949
2024,12,2024_12_PIT_CLE,3417.0,PIT,P.Queen,00-0036323,qb_hit,2.0,11.0,,1.0,2.2934667445369996
2024,12,2024_12_PIT_CLE,4098.0,CLE,J.Hicks,00-0032129,qb_hit,3.0,1.0,,0.0,-1.2389875081717037
2024,12,2024_12_TEN_HOU,446.0,TEN,K.Murray,00-0036441,qb_hit,3.0,9.0,,0.0,-1.583386963699013
2024,12,2024_12_TEN_HOU,1894.0,HOU,A.Al-Shaair,00-0035166,qb_hit,3.0,9.0,,0.0,-1.6449687816784717
2024,13,2024_13_ARI_MIN,1048.0,ARI,K.White,00-0034375,qb_hit,3.0,4.0,,0.0,-2.346699185669422
2024,13,2024_13_ARI_MIN,1666.0,ARI,Ma.Wilson,00-0035144,qb_hit,3.0,6.0,,0.0,-1.666657134200783
2024,13,2024_13_ARI_MIN,2219.0,ARI,Ma.Wilson,00-0035144,qb_hit,1.0,10.0,,0.0,-0.469609179883264
2024,13,2024_13_ARI_MIN,2650.0,ARI,Ma.Wilson,00-0035144,qb_hit,2.0,9.0,,0.0,-1.643173111602664
2024,13,2024_13_CHI_DET,1029.0,DET,J.Campbell,00-0039018,qb_hit,3.0,14.0,,0.0,-1.110909031238407
2024,13,2024_13_CHI_DET,4173.0,DET,E.Turner,00-0034490,qb_hit,1.0,10.0,,0.0,-1.1728068068623543
2024,13,2024_13_HOU_JAX,159.0,JAX,D.Lloyd,00-0037244,qb_hit,1.0,10.0,,0.0,-0.5924057364463806
2024,13,2024_13_IND_NE,534.0,NE,C.Elliss,00-0036813,qb_hit,1.0,7.0,,1.0,1.5757832237286493
2024,13,2024_13_IND_NE,2056.0,IND,Z.Franklin,00-0034431,qb_hit,3.0,3.0,,0.0,-1.1776685692417561
2024,13,2024_13_LAC_ATL,753.0,ATL,K.Elliss,00-0035316,qb_hit,2.0,8.0,,0.0,-1.676485046686139
2024,13,2024_13_LV_KC,3191.0,LV,D.Deablo,00-0036990,qb_hit,3.0,3.0,,0.0,-1.6923520214765295
2024,13,2024_13_LV_KC,4588.0,LV,D.Deablo,00-0036990,qb_hit,3.0,2.0,,0.0,-0.7040063297026791
2024,13,2024_13_MIA_GB,2629.0,MIA,J.Brooks,00-0036409,qb_hit,3.0,12.0,,0.0,-0.6351200023786232
2024,13,2024_13_MIA_GB,3421.0,GB,Q.Walker,00-0037074,qb_hit,4.0,1.0,,0.0,-4.405671307700686
2024,13,2024_13_PHI_BAL,2541.0,PHI,Z.Baun,00-0036418,qb_hit,3.0,5.0,,0.0,-2.699518684527452
2024,13,2024_13_PIT_CIN,613.0,PIT,E.Roberts,00-0032442,qb_hit,3.0,2.0,,1.0,1.5533341616392136
2024,13,2024_13_PIT_CIN,802.0,CIN,A.Davis-Gaither,00-0036298,qb_hit,3.0,8.0,,1.0,1.589507598662749
2024,13,2024_13_SEA_NYJ,2822.0,NYJ,Qi.Williams,00-0035680,qb_hit,4.0,1.0,,0.0,-5.3412392772734165
2024,13,2024_13_TB_CAR,3139.0,CAR,J.Jewell,00-0034368,qb_hit,3.0,9.0,,0.0,-1.8438589675351977
2024,13,2024_13_TB_CAR,4814.0,CAR,T.Wallace,00-0039347,qb_hit,2.0,6.0,,0.0,-1.7987902954919264
2024,13,2024_13_TEN_WAS,158.0,WAS,F.Luvu,00-0034302,qb_hit,3.0,22.0,,0.0,-0.9261695859022439
2024,13,2024_13_TEN_WAS,2016.0,WAS,F.Luvu,00-0034302,qb_hit,1.0,10.0,,0.0,-0.687746005714871
2024,13,2024_13_TEN_WAS,3503.0,WAS,B.Wagner,00-0029255,qb_hit,2.0,10.0,,0.0,-0.735647798050195
2024,14,2024_14_ATL_MIN,1501.0,ATL,K.Elliss,00-0035316,qb_hit,2.0,15.0,,0.0,-0.6247473254334182
2024,14,2024_14_ATL_MIN,1695.0,ATL,T.Andersen,00-0037810,qb_hit,3.0,6.0,,1.0,3.078185609250795
2024,14,2024_14_ATL_MIN,2342.0,ATL,K.Elliss,00-0035316,qb_hit,2.0,14.0,,0.0,-1.611570900771767
2024,14,2024_14_ATL_MIN,3603.0,MIN,B.Cashman,00-0035276,qb_hit,1.0,10.0,,0.0,-0.46178998495452106
2024,14,2024_14_CAR_PHI,333.0,CAR,J.Jewell,00-0034368,qb_hit,1.0,10.0,,0.0,-1.407646840205416
2024,14,2024_14_CAR_PHI,646.0,PHI,Z.Baun,00-0036418,qb_hit,3.0,7.0,,0.0,-2.174633565591648
2024,14,2024_14_CAR_PHI,4045.0,PHI,Z.Baun,00-0036418,qb_hit,4.0,9.0,,0.0,-1.8146176744485274
2024,14,2024_14_CHI_SF,946.0,CHI,T.Edwards,00-0035386,qb_hit,1.0,10.0,,0.0,-1.2257238591555506
2024,14,2024_14_CIN_DAL,3575.0,DAL,M.Liufau,00-0039352,qb_hit,3.0,13.0,,0.0,-1.3617649094667286
2024,14,2024_14_CIN_DAL,4098.0,DAL,M.Liufau,00-0039352,qb_hit,3.0,19.0,,0.0,-1.4373867148533463
2024,14,2024_14_GB_DET,764.0,DET,E.Turner,00-0034490,qb_hit,3.0,5.0,,0.0,-1.8217129702679813
2024,14,2024_14_GB_DET,3019.0,DET,T.Nowaske,00-0038660,qb_hit,3.0,9.0,,0.0,-0.8604978900402784
2024,14,2024_14_GB_DET,3671.0,DET,J.Campbell,00-0039018,qb_hit,2.0,14.0,,1.0,2.597541631315835
2024,14,2024_14_JAX_TEN,1518.0,TEN,O.Reese,00-0038853,qb_hit,3.0,3.0,,1.0,1.0541141340509057
2024,14,2024_14_JAX_TEN,2926.0,TEN,O.Reese,00-0038853,qb_hit,3.0,4.0,,0.0,-1.3711523297870878
2024,14,2024_14_LAC_KC,3496.0,KC,N.Bolton,00-0036621,qb_hit,1.0,10.0,,0.0,-1.4009375830646604
2024,14,2024_14_LV_TB,498.0,TB,L.David,00-0029562,qb_hit,3.0,10.0,,0.0,-1.9084393784869462
2024,14,2024_14_NO_NYG,2858.0,NO,D.Davis,00-0029607,qb_hit,3.0,2.0,,0.0,-1.7672108770348132
2024,14,2024_14_NYJ_MIA,3049.0,MIA,J.Brooks,00-0036409,qb_hit,3.0,4.0,,0.0,-1.439967658599869
2024,14,2024_14_SEA_ARI,1359.0,ARI,Ma.Wilson,00-0035144,qb_hit,1.0,10.0,,0.0,-1.73609509319067
2024,15,2024_15_ATL_LV,250.0,ATL,K.Elliss,00-0035316,qb_hit,1.0,10.0,,0.0,-1.5676263889763504
2024,15,2024_15_ATL_LV,3417.0,ATL,K.Elliss,00-0035316,qb_hit,2.0,3.0,,0.0,-0.5589782279566862
2024,15,2024_15_BAL_NYG,299.0,NYG,M.McFadden,00-0037259,qb_hit,1.0,10.0,,0.0,-0.5140079252887517
2024,15,2024_15_BAL_NYG,2260.0,BAL,R.Smith,00-0034874,qb_hit,3.0,5.0,,0.0,-1.6711191057693213
2024,15,2024_15_BAL_NYG,3415.0,BAL,M.Harrison,00-0036280,qb_hit,2.0,5.0,,0.0,-0.777775413589552
2024,15,2024_15_BAL_NYG,3869.0,BAL,M.Harrison,00-0036280,qb_hit,2.0,10.0,,0.0,-0.703106677159667
2024,15,2024_15_BUF_DET,249.0,DET,E.Turner,00-0034490,qb_hit,3.0,5.0,,1.0,2.6642003225861117
2024,15,2024_15_CHI_MIN,4130.0,CHI,T.Edwards,00-0035386,qb_hit,3.0,8.0,,0.0,-2.6150516658090055
2024,15,2024_15_GB_SEA,423.0,GB,E.Cooper,00-0039850,qb_hit,3.0,4.0,,0.0,-2.5452294726856053
2024,15,2024_15_GB_SEA,1501.0,GB,Er.Wilson,00-0033336,qb_hit,3.0,9.0,,0.0,-3.958068361505866
2024,15,2024_15_GB_SEA,2255.0,GB,E.Cooper,00-0039850,qb_hit,1.0,10.0,,0.0,-0.40634621714707464
2024,15,2024_15_GB_SEA,2772.0,SEA,T.Knight,00-0039815,qb_hit,2.0,7.0,,0.0,-0.18234880547970533
2024,15,2024_15_GB_SEA,3316.0,GB,Er.Wilson,00-0033336,qb_hit,2.0,10.0,,0.0,-0.686144576407969
2024,15,2024_15_KC_CLE,2607.0,KC,D.Tranquill,00-0035262,qb_hit,3.0,3.0,,1.0,1.849045630544424
2024,15,2024_15_KC_CLE,3253.0,KC,D.Tranquill,00-0035262,qb_hit,1.0,10.0,,0.0,-1.3496087999083102
2024,15,2024_15_LA_SF,3818.0,LA,C.Rozeboom,00-0035942,qb_hit,2.0,10.0,,0.0,-0.33015788276679814
2024,15,2024_15_NYJ_JAX,2250.0,JAX,D.Lloyd,00-0037244,qb_hit,1.0,10.0,,1.0,0.8727345201186836
2024,15,2024_15_PIT_PHI,2387.0,PIT,P.Queen,00-0036323,qb_hit,1.0,20.0,,0.0,-0.6016094475053251
2024,15,2024_15_TB_LAC,1106.0,TB,L.David,00-0029562,qb_hit,1.0,10.0,,0.0,-1.813194649410434
2024,15,2024_15_TB_LAC,1734.0,LAC,T.Dye,00-0036338,qb_hit,2.0,1.0,,0.0,-1.1755636519519612
2024,15,2024_15_TB_LAC,2747.0,TB,L.David,00-0029562,qb_hit,2.0,10.0,,0.0,-3.222046179929748
2024,15,2024_15_TB_LAC,3517.0,TB,L.David,00-0029562,qb_hit,1.0,10.0,,0.0,-1.4586556609719992
2024,15,2024_15_WAS_NO,1840.0,WAS,F.Luvu,00-0034302,qb_hit,1.0,10.0,,0.0,-0.31212021806277335
2024,15,2024_15_WAS_NO,1895.0,WAS,B.Wagner,00-0029255,qb_hit,3.0,5.0,,1.0,1.1832728914450854
2024,15,2024_15_WAS_NO,1960.0,WAS,F.Luvu,00-0034302,qb_hit,2.0,10.0,,0.0,-0.32668005605228245
2024,16,2024_16_ARI_CAR,3198.0,ARI,K.White,00-0034375,qb_hit,2.0,7.0,,1.0,1.307878702529706
2024,16,2024_16_ARI_CAR,3392.0,CAR,J.Windmon,00-0039457,qb_hit,1.0,10.0,,0.0,-0.9573006450664252
2024,16,2024_16_ARI_CAR,4389.0,ARI,K.White,00-0034375,qb_hit,3.0,2.0,,0.0,-1.8802897257264704
2024,16,2024_16_CLE_CIN,1273.0,CLE,D.Bush,00-0035525,qb_hit,1.0,6.0,,0.0,-0.5201045800349675
2024,16,2024_16_HOU_KC,780.0,HOU,C.Harris,00-0037823,qb_hit,2.0,5.0,,0.0,-1.9663230639416724
2024,16,2024_16_HOU_KC,1857.0,KC,D.Tranquill,00-0035262,qb_hit,2.0,5.0,,0.0,-0.3482340221526101
2024,16,2024_16_NE_BUF,2847.0,BUF,T.Bernard,00-0037254,qb_hit,2.0,6.0,,1.0,1.8014011519262567
2024,16,2024_16_NO_GB,308.0,NO,D.Davis,00-0029607,qb_hit,3.0,2.0,,1.0,1.7465420710504986
2024,16,2024_16_NYG_ATL,1314.0,ATL,K.Elliss,00-0035316,qb_hit,2.0,7.0,,0.0,-9.373551934026182
2024,16,2024_16_NYG_ATL,1585.0,NYG,D.Muasau,00-0039829,qb_hit,2.0,8.0,,0.0,-0.655901116435416
2024,16,2024_16_NYG_ATL,1853.0,ATL,K.Elliss,00-0035316,qb_hit,1.0,10.0,,0.0,-5.407400845899247
2024,16,2024_16_PHI_WAS,3594.0,WAS,B.Wagner,00-0029255,qb_hit,2.0,14.0,,0.0,-0.872288971208036
2024,16,2024_16_SF_MIA,398.0,MIA,J.Brooks,00-0036409,qb_hit,2.0,17.0,,0.0,-1.3781417957507074
2024,17,2024_17_ATL_WAS,784.0,ATL,J.Bertrand,00-0039370,qb_hit,2.0,10.0,,0.0,-2.4015817381441593
2024,17,2024_17_BAL_HOU,2236.0,BAL,C.Board,00-0034787,qb_hit,2.0,8.0,,0.0,-2.2261623735539615
2024,17,2024_17_BAL_HOU,2620.0,BAL,M.Harrison,00-0036280,qb_hit,1.0,10.0,,0.0,-0.49274999112822115
2024,17,2024_17_CAR_TB,704.0,CAR,J.Windmon,00-0039457,qb_hit,3.0,3.0,,0.0,-1.9665907658699497
2024,17,2024_17_DAL_PHI,3883.0,PHI,J.Trotter,00-0039826,qb_hit,3.0,8.0,,0.0,-2.73107062888033
2024,17,2024_17_DET_SF,1752.0,DET,T.Nowaske,00-0038660,qb_hit,1.0,10.0,,0.0,-0.12282027176115662
2024,17,2024_17_GB_MIN,3402.0,MIN,B.Cashman,00-0035276,qb_hit,2.0,10.0,,0.0,-0.6618822407908738
2024,17,2024_17_KC_PIT,4295.0,KC,Ca.Jones,00-0038513,qb_hit,1.0,10.0,,0.0,0.7443338790326379
2024,17,2024_17_LV_NO,2152.0,LV,D.Deablo,00-0036990,qb_hit,2.0,9.0,,1.0,1.1476463954895735
2024,17,2024_17_LV_NO,2806.0,LV,R.Spillane,00-0034720,qb_hit,3.0,10.0,,0.0,-2.2812110232189298
2024,17,2024_17_MIA_CLE,1195.0,CLE,J.Hicks,00-0032129,qb_hit,3.0,9.0,,0.0,-1.7343947326298803
2024,17,2024_17_MIA_CLE,1315.0,MIA,T.Dodson,00-0035352,qb_hit,3.0,10.0,,0.0,-1.308310610242188
2024,17,2024_17_SEA_CHI,1116.0,CHI,T.Edwards,00-0035386,qb_hit,3.0,10.0,,0.0,-1.7930075735785067
2024,17,2024_17_TEN_JAX,3150.0,TEN,J.Baker,00-0034797,qb_hit,1.0,10.0,,0.0,-0.43422858067788184
2024,18,2024_18_BUF_NE,2287.0,NE,J.Tavai,00-0035240,qb_hit,2.0,10.0,,0.0,-0.7711599377216771
2024,18,2024_18_BUF_NE,3816.0,BUF,J.Andreessen,00-0039763,qb_hit,3.0,8.0,,0.0,-1.1566104844678193
2024,18,2024_18_CHI_GB,3290.0,CHI,T.Edwards,00-0035386,qb_hit,2.0,4.0,,0.0,-1.4702258554752916
2024,18,2024_18_CHI_GB,4104.0,GB,E.Cooper,00-0039850,qb_hit,2.0,6.0,,0.0,-0.4298183153150603
2024,18,2024_18_CIN_PIT,674.0,PIT,P.Queen,00-0036323,qb_hit,3.0,6.0,,0.0,-1.5736911627508448
2024,18,2024_18_CIN_PIT,3142.0,PIT,P.Queen,00-0036323,qb_hit,2.0,5.0,,1.0,1.6075402866117656
2024,18,2024_18_CLE_BAL,2573.0,CLE,K.Hudson,00-0036343,qb_hit,1.0,10.0,,0.0,-0.5046160113997757
2024,18,2024_18_JAX_IND,512.0,JAX,D.Lloyd,00-0037244,qb_hit,1.0,10.0,,0.0,-1.444727876689285
2024,18,2024_18_JAX_IND,4706.0,IND,Z.Franklin,00-0034431,qb_hit,3.0,6.0,,0.0,-1.6888354662805796
2024,18,2024_18_MIN_DET,409.0,DET,J.Campbell,00-0039018,qb_hit,2.0,9.0,,0.0,-0.8755221499595791
2024,18,2024_18_MIN_DET,1318.0,MIN,I.Pace,00-0038807,qb_hit,2.0,5.0,,0.0,-0.8192655921448022
2024,18,2024_18_MIN_DET,1496.0,DET,A.Anzalone,00-0033914,qb_hit,2.0,7.0,,0.0,-0.8624862272408791
2024,18,2024_18_MIN_DET,3164.0,MIN,B.Cashman,00-0035276,qb_hit,1.0,10.0,,1.0,0.8361497614532709
2024,18,2024_18_NO_TB,3861.0,NO,N.Sewell,00-0037544,qb_hit,1.0,10.0,,0.0,-0.9225973873399198
2024,18,2024_18_NYG_PHI,1552.0,NYG,I.Simmons,00-0036356,qb_hit,3.0,9.0,,0.0,-0.5971432746917458
2024,18,2024_18_SEA_LA,158.0,SEA,T.Knight,00-0039815,qb_hit,3.0,14.0,,0.0,-1.5513906427659094
2024,18,2024_18_SEA_LA,1721.0,SEA,E.Jones,00-0036994,qb_hit,1.0,10.0,,0.0,-0.5503681741538458
2024,18,2024_18_SF_ARI,4447.0,ARI,K.White,00-0034375,qb_hit,4.0,6.0,,0.0,-2.4375606427202
2024,19,2024_19_GB_PHI,896.0,GB,E.Cooper,00-0039850,qb_hit,3.0,10.0,,0.0,-1.1012568998477854
2024,19,2024_19_GB_PHI,1563.0,GB,I.McDuffie,00-0036658,qb_hit,1.0,10.0,,0.0,-0.8383675920777023
2024,19,2024_19_LAC_HOU,439.0,HOU,A.Al-Shaair,00-0035166,qb_hit,2.0,19.0,,0.0,-0.5948499863734469
2024,19,2024_19_LAC_HOU,2030.0,HOU,A.Al-Shaair,00-0035166,qb_hit,3.0,10.0,,0.0,-0.5312201618216932
2024,19,2024_19_LAC_HOU,2328.0,LAC,D.Henley,00-0038553,qb_hit,3.0,5.0,,1.0,3.93876795808319
2024,19,2024_19_MIN_LA,2918.0,MIN,B.Cashman,00-0035276,qb_hit,2.0,10.0,,0.0,-0.8696197343524545
2024,20,2024_20_HOU_KC,769.0,KC,D.Tranquill,00-0035262,qb_hit,1.0,10.0,,0.0,-0.5394790801219642
2024,20,2024_20_HOU_KC,3543.0,KC,N.Bolton,00-0036621,qb_hit,1.0,10.0,,0.0,-0.35996682179393247
2024,21,2024_21_WAS_PHI,1447.0,WAS,F.Luvu,00-0034302,qb_hit,3.0,6.0,,0.0,-2.276058664130355
2024,22,2024_22_KC_PHI,3302.0,KC,D.Tranquill,00-0035262,qb_hit,2.0,8.0,,0.0,-1.3824478001333773
2024,22,2024_22_KC_PHI,3823.0,PHI,Z.Baun,00-0036418,qb_hit,2.0,3.0,,1.0,0.3104992362787016
2025,1,2025_01_ARI_NO,486.0,NO,P.Werner,00-0036927,qb_hit,1.0,15.0,,0.0,-0.6539916452020407
2025,1,2025_01_CIN_CLE,2715.0,CLE,D.Bush,00-0035525,qb_hit,2.0,9.0,,0.0,-0.6951023394940421
2025,1,2025_01_CIN_CLE,2738.0,CLE,C.Schwesinger,00-0040579,qb_hit,3.0,9.0,,1.0,1.9102895049145445
2025,1,2025_01_HOU_LA,2599.0,HOU,H.To'oTo'o,00-0038599,qb_hit,2.0,4.0,,0.0,-1.9983225935138762
2025,1,2025_01_HOU_LA,3970.0,LA,N.Landman,00-0037587,qb_hit,1.0,10.0,,1.0,0.8400346916168928
2025,1,2025_01_KC_LAC,1613.0,LAC,D.Henley,00-0038553,qb_hit,3.0,9.0,,0.0,-1.1660043532270556
2025,1,2025_01_KC_LAC,2769.0,KC,D.Tranquill,00-0035262,qb_hit,2.0,7.0,,0.0,-1.9713412444107234
2025,1,2025_01_KC_LAC,3998.0,KC,D.Tranquill,00-0035262,qb_hit,2.0,9.0,,0.0,-1.1980978278443217
2025,1,2025_01_NYG_WAS,405.0,NYG,M.McFadden,00-0037259,qb_hit,2.0,4.0,,1.0,2.441982574528083
2025,1,2025_01_PIT_NYJ,3529.0,NYJ,Qu.Williams,00-0035680,qb_hit,3.0,15.0,,0.0,-1.2564662692602724
2025,1,2025_01_PIT_NYJ,3929.0,PIT,P.Wilson,00-0039741,qb_hit,2.0,3.0,,0.0,-0.24187747586984187
2025,1,2025_01_PIT_NYJ,3952.0,PIT,P.Queen,00-0036323,qb_hit,3.0,3.0,,0.0,-0.44805296673439443
2025,1,2025_01_TEN_DEN,2978.0,DEN,J.Strnad,00-0036428,qb_hit,1.0,10.0,,0.0,-1.065906795207411
2025,1,2025_01_TEN_DEN,3876.0,DEN,J.Strnad,00-0036428,qb_hit,2.0,2.0,,0.0,-2.555790120270103
2025,2,2025_02_ATL_MIN,1239.0,ATL,K.Elliss,00-0035316,qb_hit,1.0,2.0,,0.0,-0.3588565503596328
2025,2,2025_02_BUF_NYJ,2104.0,BUF,T.Bernard,00-0037254,qb_hit,2.0,10.0,,0.0,-0.2722039361833595
2025,2,2025_02_CAR_ARI,315.0,ARI,A.Davis-Gaither,00-0036298,qb_hit,2.0,7.0,,1.0,1.4386245971545577
2025,2,2025_02_CAR_ARI,387.0,ARI,Ma.Wilson,00-0035144,qb_hit,3.0,12.0,,0.0,-3.9448776193894446
2025,2,2025_02_CLE_BAL,1073.0,BAL,R.Smith,00-0034874,qb_hit,2.0,8.0,,0.0,-0.8194469485897571
2025,2,2025_02_CLE_BAL,2484.0,BAL,R.Smith,00-0034874,qb_hit,3.0,4.0,,0.0,-7.270843559876084
2025,2,2025_02_CLE_BAL,3219.0,CLE,D.Bush,00-0035525,qb_hit,1.0,10.0,,0.0,-1.523273168830201
2025,2,2025_02_DEN_IND,2880.0,DEN,J.Strnad,00-0036428,qb_hit,2.0,11.0,,0.0,-1.4548436016775668
2025,2,2025_02_JAX_CIN,381.0,JAX,F.Oluokun,00-0034413,qb_hit,3.0,9.0,,0.0,-2.2094448329880834
2025,2,2025_02_JAX_CIN,3837.0,JAX,D.Lloyd,00-0037244,qb_hit,1.0,10.0,,0.0,-0.5066493884660304
2025,2,2025_02_LAC_LV,3605.0,LAC,D.Henley,00-0038553,qb_hit,4.0,3.0,,0.0,-3.447055382654071
2025,2,2025_02_NE_MIA,2253.0,MIA,J.Brooks,00-0036409,qb_hit,3.0,7.0,,0.0,-2.140694956993684
2025,2,2025_02_NYG_DAL,5409.0,NYG,B.Okereke,00-0035687,qb_hit,1.0,10.0,,1.0,1.0996685930876993
2025,2,2025_02_PHI_KC,1473.0,PHI,Z.Baun,00-0036418,qb_hit,4.0,4.0,,1.0,3.7444949854980223
2025,2,2025_02_PHI_KC,3354.0,PHI,J.Campbell,00-0040708,qb_hit,3.0,7.0,,0.0,-1.3552553062327206
2025,2,2025_02_SEA_PIT,231.0,PIT,P.Queen,00-0036323,qb_hit,1.0,10.0,,1.0,2.4944650010438636
2025,2,2025_02_SEA_PIT,1265.0,PIT,P.Wilson,00-0039741,qb_hit,1.0,10.0,,0.0,-1.3288350231014192
2025,2,2025_02_TB_HOU,1832.0,TB,S.Dennis,00-0039049,qb_hit,3.0,14.0,,0.0,-1.147292012348771
2025,2,2025_02_WAS_GB,2356.0,GB,E.Cooper,00-0039850,qb_hit,3.0,3.0,,0.0,-2.7157481430700505
2025,2,2025_02_WAS_GB,3083.0,GB,E.Cooper,00-0039850,qb_hit,3.0,7.0,,0.0,-1.7401136204134673
2025,2,2025_02_WAS_GB,3684.0,GB,Q.Walker,00-0037074,qb_hit,3.0,4.0,,0.0,-1.46962164551951
2025,3,2025_03_ARI_SF,1007.0,SF,D.Winters,00-0038625,qb_hit,2.0,6.0,,0.0,-0.5356703354045749
2025,3,2025_03_ATL_CAR,2691.0,ATL,K.Elliss,00-0035316,qb_hit,3.0,2.0,,0.0,-2.1758897878431624
2025,3,2025_03_CIN_MIN,641.0,MIN,I.Pace,00-0038807,qb_hit,2.0,9.0,,0.0,-10.645283785299398
2025,3,2025_03_CIN_MIN,983.0,MIN,I.Pace,00-0038807,qb_hit,1.0,10.0,,0.0,-0.3822600170969963
2025,3,2025_03_CIN_MIN,1850.0,MIN,I.Pace,00-0038807,qb_hit,1.0,10.0,,0.0,0.6717922260868363
2025,3,2025_03_CIN_MIN,3843.0,MIN,A.Keys,00-0040501,qb_hit,3.0,3.0,,0.0,-2.470558271743357
2025,3,2025_03_DEN_LAC,2872.0,DEN,A.Singleton,00-0031898,qb_hit,2.0,10.0,,0.0,-0.7601537976879627
2025,3,2025_03_DET_BAL,3228.0,DET,T.Nowaske,00-0038660,qb_hit,2.0,9.0,,0.0,-1.0487923346809112
2025,3,2025_03_DET_BAL,3263.0,DET,D.Barnes,00-0036964,qb_hit,3.0,13.0,,0.0,-0.8765573031917948
2025,3,2025_03_DET_BAL,3355.0,BAL,R.Smith,00-0034874,qb_hit,2.0,5.0,,0.0,-0.6531324761454016
2025,3,2025_03_DET_BAL,3971.0,DET,A.Anzalone,00-0033914,qb_hit,2.0,10.0,,0.0,-1.0280153724597767
2025,3,2025_03_GB_CLE,2856.0,CLE,C.Schwesinger,00-0040579,qb_hit,3.0,1.0,,0.0,-2.9429842405952513
2025,3,2025_03_GB_CLE,2980.0,GB,Q.Walker,00-0037074,qb_hit,3.0,1.0,,0.0,-1.650169753935188
2025,3,2025_03_LV_WAS,951.0,WAS,B.Wagner,00-0029255,qb_hit,2.0,10.0,,0.0,-0.716888420516625
2025,3,2025_03_LV_WAS,1896.0,WAS,B.Wagner,00-0029255,qb_hit,2.0,10.0,,0.0,-1.0549656872171909
2025,3,2025_03_LV_WAS,2676.0,WAS,B.Wagner,00-0029255,qb_hit,2.0,13.0,,0.0,-1.7394200968556106
2025,3,2025_03_LV_WAS,4108.0,LV,D.White,00-0035707,qb_hit,3.0,7.0,,1.0,6.428035079850815
2025,3,2025_03_MIA_BUF,2240.0,MIA,T.Dodson,00-0035352,qb_hit,1.0,1.0,,1.0,-0.1414597316761501
2025,3,2025_03_NYJ_TB,946.0,TB,S.Dennis,00-0039049,qb_hit,1.0,10.0,,1.0,1.1383586591109633
2025,3,2025_03_NYJ_TB,1606.0,NYJ,Qu.Williams,00-0035680,qb_hit,3.0,13.0,,0.0,-1.2224905092734843
2025,3,2025_03_NYJ_TB,1883.0,NYJ,Qu.Williams,00-0035680,qb_hit,3.0,9.0,,0.0,-1.5550552771892399
2025,3,2025_03_NYJ_TB,3136.0,TB,L.David,00-0029562,qb_hit,3.0,4.0,,1.0,1.3853448333684355
2025,3,2025_03_NYJ_TB,4141.0,TB,L.David,00-0029562,qb_hit,1.0,15.0,,0.0,-0.699092311784625
2025,4,2025_04_BAL_KC,792.0,KC,N.Bolton,00-0036621,qb_hit,1.0,10.0,,0.0,-4.463150615687482
2025,4,2025_04_CIN_DEN,2818.0,DEN,A.Singleton,00-0031898,qb_hit,3.0,2.0,,0.0,-1.7035903572104871
2025,4,2025_04_CLE_DET,1643.0,DET,D.Barnes,00-0036964,qb_hit,1.0,10.0,,0.0,-7.398223902651807
2025,4,2025_04_CLE_DET,2747.0,DET,A.Anzalone,00-0033914,qb_hit,2.0,3.0,,0.0,-0.5850299266166985
2025,4,2025_04_CLE_DET,2861.0,DET,T.Nowaske,00-0038660,qb_hit,3.0,7.0,,0.0,-1.1302540641653338
2025,4,2025_04_IND_LA,2262.0,IND,Z.Franklin,00-0034431,qb_hit,3.0,6.0,,0.0,-1.7905170628800988
2025,4,2025_04_LAC_NYG,2652.0,LAC,T.Dye,00-0036338,qb_hit,1.0,10.0,,0.0,-0.5060392313171178
2025,4,2025_04_MIN_PIT,482.0,PIT,P.Queen,00-0036323,qb_hit,3.0,9.0,,0.0,-1.3366835341893322
2025,4,2025_04_MIN_PIT,1771.0,PIT,P.Wilson,00-0039741,qb_hit,2.0,10.0,,1.0,1.0524379577836953
2025,4,2025_04_NO_BUF,969.0,BUF,T.Bernard,00-0037254,qb_hit,3.0,5.0,,0.0,-2.801152201136574
2025,4,2025_04_NYJ_MIA,1492.0,MIA,T.Dodson,00-0035352,qb_hit,4.0,5.0,,0.0,-3.868312709557358
2025,4,2025_04_PHI_TB,1415.0,TB,L.David,00-0029562,qb_hit,1.0,5.0,,1.0,1.3851020710426383
2025,4,2025_04_SEA_ARI,4123.0,SEA,D.Thomas,00-0038922,qb_hit,2.0,2.0,,0.0,-1.3782595588709228
2025,4,2025_04_TEN_HOU,196.0,HOU,A.Al-Shaair,00-0035166,qb_hit,3.0,5.0,,0.0,-1.468214523187152
2025,4,2025_04_TEN_HOU,1126.0,TEN,C.Gray,00-0039858,qb_hit,1.0,10.0,,0.0,-0.4878315881360322
2025,4,2025_04_TEN_HOU,1251.0,HOU,E.Speed,00-0034987,qb_hit,2.0,6.0,,0.0,-0.6649497742764652
2025,4,2025_04_WAS_ATL,1092.0,WAS,F.Luvu,00-0034302,qb_hit,1.0,10.0,,0.0,-1.306589720537886
2025,4,2025_04_WAS_ATL,2297.0,ATL,K.Elliss,00-0035316,qb_hit,2.0,14.0,,0.0,-0.9478912842459977
2025,5,2025_05_DAL_NYJ,745.0,DAL,K.Murray,00-0036441,qb_hit,3.0,5.0,,0.0,-1.681109741795808
2025,5,2025_05_DAL_NYJ,2935.0,DAL,M.Liufau,00-0039352,qb_hit,4.0,1.0,,0.0,-3.540639827027917
2025,5,2025_05_DAL_NYJ,3324.0,NYJ,J.Sherwood,00-0036500,qb_hit,3.0,6.0,,0.0,-1.3515718362759799
2025,5,2025_05_DEN_PHI,2767.0,PHI,Z.Baun,00-0036418,qb_hit,2.0,8.0,,0.0,-2.412134360987693
2025,5,2025_05_DEN_PHI,4463.0,PHI,Z.Baun,00-0036418,qb_hit,3.0,8.0,,0.0,-0.542803741293028
2025,5,2025_05_DET_CIN,4094.0,DET,D.Barnes,00-0036964,qb_hit,1.0,10.0,,0.0,-2.1631847786484286
2025,5,2025_05_HOU_BAL,545.0,HOU,E.Speed,00-0034987,qb_hit,3.0,7.0,,1.0,3.065123966895044
2025,5,2025_05_HOU_BAL,2812.0,BAL,T.Simpson,00-0038504,qb_hit,2.0,6.0,,0.0,-1.9056117159780115
2025,5,2025_05_KC_JAX,4095.0,JAX,D.Lloyd,00-0037244,qb_hit,1.0,10.0,,0.0,-0.0010788437502924353
2025,5,2025_05_LV_IND,3478.0,IND,Z.Franklin,00-0034431,qb_hit,1.0,5.0,,0.0,-2.2375158932991326
2025,5,2025_05_MIA_CAR,1363.0,MIA,T.Dodson,00-0035352,qb_hit,3.0,5.0,,0.0,-1.7006942515727133
2025,5,2025_05_MIA_CAR,2895.0,MIA,J.Brooks,00-0036409,qb_hit,3.0,2.0,,0.0,-1.7014666576869786
2025,5,2025_05_MIN_CLE,3442.0,MIN,I.Pace,00-0038807,qb_hit,3.0,4.0,,0.0,-1.5564641375094652
2025,5,2025_05_NE_BUF,950.0,BUF,S.Thompson,00-0031550,qb_hit,3.0,11.0,,0.0,-0.6712631873219501
2025,5,2025_05_NYG_NO,3663.0,NO,P.Werner,00-0036927,qb_hit,4.0,6.0,,0.0,-0.5687339992728084
2025,5,2025_05_WAS_LAC,1635.0,WAS,B.Wagner,00-0029255,qb_hit,2.0,7.0,,0.0,-1.125301898282487
2025,6,2025_06_ARI_IND,424.0,IND,A.Ajiake,00-0039178,qb_hit,3.0,4.0,,0.0,-1.6621656818315387
2025,6,2025_06_BUF_ATL,686.0,ATL,K.Elliss,00-0035316,qb_hit,3.0,10.0,,0.0,-1.4135432373732328
2025,6,2025_06_BUF_ATL,3924.0,BUF,J.Andreessen,00-0039763,qb_hit,1.0,10.0,,0.0,-0.3736846433603205
2025,6,2025_06_CHI_WAS,2004.0,WAS,F.Luvu,00-0034302,qb_hit,3.0,5.0,,0.0,-0.9190043620183133
2025,6,2025_06_CLE_PIT,1391.0,CLE,C.Schwesinger,00-0040579,qb_hit,3.0,3.0,,1.0,1.0008924584835768
2025,6,2025_06_DAL_CAR,2502.0,DAL,M.Liufau,00-0039352,qb_hit,1.0,10.0,,0.0,-1.3044274314306676
2025,6,2025_06_DEN_NYJ,107.0,NYJ,J.Sherwood,00-0036500,qb_hit,3.0,7.0,,0.0,-2.9751285621896386
2025,6,2025_06_DEN_NYJ,3983.0,DEN,J.Strnad,00-0036428,qb_hit,1.0,10.0,,0.0,-1.353947539406363
2025,6,2025_06_DET_KC,1055.0,DET,J.Campbell,00-0039018,qb_hit,2.0,4.0,,0.0,-0.7564273250754923
2025,6,2025_06_DET_KC,1235.0,DET,A.Anzalone,00-0033914,qb_hit,4.0,1.0,,0.0,-3.9035388653283007
2025,6,2025_06_DET_KC,3582.0,KC,N.Bolton,00-0036621,qb_hit,2.0,1.0,,0.0,-0.31538666679989547
2025,6,2025_06_LA_BAL,1426.0,LA,N.Landman,00-0037587,qb_hit,1.0,10.0,,0.0,-0.4224097514525056
2025,6,2025_06_LA_BAL,3198.0,BAL,T.Buchanan,00-0040069,qb_hit,4.0,3.0,,0.0,-3.165793127263896
2025,6,2025_06_NE_NO,3345.0,NO,P.Werner,00-0036927,qb_hit,2.0,10.0,,0.0,-1.0900140521116555
2025,6,2025_06_PHI_NYG,1069.0,NYG,D.Muasau,00-0039829,qb_hit,1.0,10.0,,0.0,-0.5478796805255115
2025,6,2025_06_SEA_JAX,3028.0,SEA,D.Thomas,00-0038922,qb_hit,2.0,2.0,,0.0,-1.8639371062163264
2025,6,2025_06_SEA_JAX,3939.0,JAX,F.Oluokun,00-0034413,qb_hit,3.0,8.0,,0.0,-0.8558451593853533
2025,6,2025_06_SEA_JAX,4013.0,SEA,E.Jones,00-0036994,qb_hit,2.0,11.0,,0.0,-0.550542721292004
2025,6,2025_06_SF_TB,3142.0,TB,L.David,00-0029562,qb_hit,3.0,11.0,,0.0,-1.8837918038479984
2025,6,2025_06_TEN_LV,1337.0,LV,D.White,00-0035707,qb_hit,3.0,7.0,,0.0,-5.423033153696451
2025,7,2025_07_ATL_SF,345.0,ATL,K.Elliss,00-0035316,qb_hit,3.0,9.0,,0.0,-1.7779705689754337
2025,7,2025_07_CAR_NYJ,2875.0,NYJ,J.Sherwood,00-0036500,qb_hit,2.0,10.0,,0.0,-1.331515258178115
2025,7,2025_07_CAR_NYJ,3524.0,NYJ,J.Sherwood,00-0036500,qb_hit,3.0,5.0,,0.0,-3.1745131615316495
2025,7,2025_07_CAR_NYJ,3821.0,CAR,T.Wallace,00-0039347,qb_hit,3.0,3.0,,0.0,-1.647643773038879
2025,7,2025_07_GB_ARI,1735.0,GB,Q.Walker,00-0037074,qb_hit,2.0,15.0,,0.0,-1.0926073212176561
2025,7,2025_07_GB_ARI,1845.0,GB,Q.Walker,00-0037074,qb_hit,3.0,4.0,,1.0,1.4644985652412288
2025,7,2025_07_HOU_SEA,1292.0,SEA,D.Thomas,00-0038922,qb_hit,1.0,10.0,,0.0,-0.5252441922202706
2025,7,2025_07_IND_LAC,505.0,IND,Z.Franklin,00-0034431,qb_hit,3.0,6.0,,0.0,-1.6676180340363198
2025,7,2025_07_IND_LAC,3211.0,IND,Z.Franklin,00-0034431,qb_hit,1.0,10.0,,0.0,-0.5988032957538962
2025,7,2025_07_LA_JAX,1117.0,LA,N.Landman,00-0037587,qb_hit,1.0,10.0,,0.0,-0.9044372336938977
2025,7,2025_07_LV_KC,2659.0,LV,D.White,00-0035707,qb_hit,3.0,7.0,,0.0,-1.3115373109221657
2025,7,2025_07_MIA_CLE,1782.0,MIA,T.Dodson,00-0035352,qb_hit,3.0,12.0,,0.0,-0.8664251677691936
2025,7,2025_07_NE_TEN,857.0,NE,C.Elliss,00-0036813,qb_hit,1.0,10.0,,0.0,0.8125014815013856
2025,7,2025_07_NO_CHI,3371.0,CHI,T.Edmunds,00-0034673,qb_hit,1.0,10.0,,0.0,-1.4282713334541768
2025,7,2025_07_NO_CHI,3552.0,NO,D.Davis,00-0029607,qb_hit,1.0,10.0,,1.0,0.9698194117518142
2025,7,2025_07_NYG_DEN,668.0,DEN,D.Greenlaw,00-0034982,qb_hit,1.0,5.0,,0.0,-0.5190103817731142
2025,7,2025_07_NYG_DEN,2142.0,DEN,J.Strnad,00-0036428,qb_hit,3.0,4.0,,0.0,-0.3722406163578853
2025,7,2025_07_PHI_MIN,1555.0,MIN,E.Wilson,00-0033336,qb_hit,2.0,13.0,,0.0,-1.2588527728803456
2025,7,2025_07_PHI_MIN,2799.0,MIN,B.Cashman,00-0035276,qb_hit,1.0,10.0,,1.0,1.3055879356106743
2025,7,2025_07_TB_DET,321.0,DET,J.Campbell,00-0039018,qb_hit,2.0,5.0,,0.0,-1.0152970342896879
2025,7,2025_07_TB_DET,1182.0,TB,S.Dennis,00-0039049,qb_hit,3.0,5.0,,0.0,-2.5547973876819015
2025,7,2025_07_TB_DET,1669.0,DET,D.Barnes,00-0036964,qb_hit,3.0,5.0,,0.0,-1.7835749255027622
2025,8,2025_08_BUF_CAR,382.0,CAR,T.Wallace,00-0039347,qb_hit,3.0,10.0,,0.0,-1.4534981970066263
2025,8,2025_08_DAL_DEN,1084.0,DEN,J.Strnad,00-0036428,qb_hit,2.0,10.0,,0.0,-0.8649434975814074
2025,8,2025_08_GB_PIT,2339.0,PIT,P.Queen,00-0036323,qb_hit,3.0,5.0,,1.0,5.282809224445373
2025,8,2025_08_MIA_ATL,1414.0,MIA,J.Brooks,00-0036409,qb_hit,2.0,3.0,,0.0,-1.4443240182008594
2025,8,2025_08_MIN_LAC,124.0,LAC,D.Henley,00-0038553,qb_hit,3.0,10.0,,1.0,2.597128297202289
2025,8,2025_08_MIN_LAC,460.0,MIN,I.Pace,00-0038807,qb_hit,2.0,6.0,,1.0,1.1502549201250076
2025,8,2025_08_NYG_PHI,550.0,PHI,Z.Baun,00-0036418,qb_hit,1.0,10.0,,0.0,-0.7781381537206471
2025,8,2025_08_TB_NO,577.0,TB,S.Dennis,00-0039049,qb_hit,2.0,8.0,,0.0,-2.0183856550138444
2025,8,2025_08_WAS_KC,1069.0,KC,N.Bolton,00-0036621,qb_hit,4.0,1.0,,0.0,-3.7196856719674543
2025,8,2025_08_WAS_KC,1929.0,WAS,F.Luvu,00-0034302,qb_hit,3.0,10.0,,0.0,-0.23437974567059427
2025,9,2025_09_ATL_NE,1223.0,NE,C.Elliss,00-0036813,qb_hit,1.0,10.0,,0.0,-0.4864045446738601
2025,9,2025_09_ATL_NE,1823.0,ATL,K.Elliss,00-0035316,qb_hit,1.0,10.0,,1.0,0.37649968219920993
2025,9,2025_09_CAR_GB,645.0,GB,Q.Walker,00-0037074,qb_hit,1.0,10.0,,0.0,-0.5849567779805511
2025,9,2025_09_CAR_GB,1794.0,CAR,T.Wallace,00-0039347,qb_hit,1.0,10.0,,0.0,-0.6010420020320453
2025,9,2025_09_DEN_HOU,205.0,DEN,D.Greenlaw,00-0034982,qb_hit,1.0,10.0,,0.0,-0.5686073524411768
2025,9,2025_09_LAC_TEN,1989.0,LAC,D.Henley,00-0038553,qb_hit,3.0,3.0,,0.0,-1.9242443754337728
2025,9,2025_09_LAC_TEN,3305.0,TEN,C.Gray,00-0039858,qb_hit,2.0,10.0,,0.0,-1.6613337157759815
2025,9,2025_09_MIN_DET,606.0,DET,A.Anzalone,00-0033914,qb_hit,1.0,10.0,,0.0,-0.6140471324324608
2025,9,2025_09_MIN_DET,859.0,MIN,E.Wilson,00-0033336,qb_hit,3.0,6.0,,0.0,-2.578124024439603
2025,9,2025_09_MIN_DET,952.0,DET,D.Barnes,00-0036964,qb_hit,2.0,9.0,,0.0,-1.4676943207159638
2025,9,2025_09_MIN_DET,1503.0,DET,J.Campbell,00-0039018,qb_hit,3.0,9.0,,0.0,-1.7664305125355924
2025,9,2025_09_MIN_DET,3152.0,MIN,E.Wilson,00-0033336,qb_hit,3.0,6.0,,0.0,-2.0674559677247424
2025,9,2025_09_SEA_WAS,3596.0,SEA,D.Thomas,00-0038922,qb_hit,2.0,2.0,,0.0,-1.3994713799329475
2025,10,2025_10_ARI_SEA,356.0,SEA,T.Knight,00-0039815,qb_hit,2.0,11.0,,0.0,-8.352123816963285
2025,10,2025_10_ARI_SEA,1049.0,SEA,T.Knight,00-0039815,qb_hit,3.0,12.0,,0.0,-7.49873672099784
2025,10,2025_10_ATL_IND,1109.0,ATL,K.Elliss,00-0035316,qb_hit,1.0,15.0,,1.0,2.11240322352387
2025,10,2025_10_ATL_IND,1900.0,ATL,K.Elliss,00-0035316,qb_hit,2.0,1.0,,0.0,-1.7007392520317808
2025,10,2025_10_ATL_IND,3972.0,ATL,R.Harrison,00-0034779,qb_hit,2.0,10.0,,0.0,-1.338537069677841
2025,10,2025_10_ATL_IND,4338.0,IND,Z.Franklin,00-0034431,qb_hit,3.0,12.0,,0.0,-1.6390316309407353
2025,10,2025_10_BAL_MIN,454.0,MIN,I.Pace,00-0038807,qb_hit,1.0,10.0,,1.0,1.0295083890669048
2025,10,2025_10_BAL_MIN,1344.0,BAL,R.Smith,00-0034874,qb_hit,2.0,15.0,,0.0,0.26036476413719356
2025,10,2025_10_BUF_MIA,3393.0,MIA,W.Gay,00-0036362,qb_hit,3.0,10.0,,0.0,-1.9548334912396967
2025,10,2025_10_CLE_NYJ,242.0,CLE,C.Schwesinger,00-0040579,qb_hit,3.0,9.0,,0.0,-1.409040013793856
2025,10,2025_10_CLE_NYJ,2436.0,CLE,C.Schwesinger,00-0040579,qb_hit,3.0,11.0,,0.0,-1.517593217547983
2025,10,2025_10_CLE_NYJ,2841.0,NYJ,Q.Williams,00-0035680,qb_hit,1.0,10.0,,0.0,-1.4649370219558477
2025,10,2025_10_DET_WAS,109.0,DET,A.Anzalone,00-0033914,qb_hit,3.0,3.0,,0.0,-1.689847535919398
2025,10,2025_10_DET_WAS,308.0,WAS,B.Wagner,00-0029255,qb_hit,2.0,6.0,,0.0,-0.7509765799622983
2025,10,2025_10_DET_WAS,2627.0,DET,J.Campbell,00-0039018,qb_hit,3.0,4.0,,1.0,3.1741546113044024
2025,10,2025_10_LA_SF,207.0,SF,D.Winters,00-0038625,qb_hit,2.0,7.0,,0.0,0.1655770359793678
2025,10,2025_10_LA_SF,3598.0,SF,D.Winters,00-0038625,qb_hit,3.0,2.0,,1.0,2.807479795999825
2025,10,2025_10_NO_CAR,497.0,CAR,T.Wallace,00-0039347,qb_hit,2.0,4.0,,0.0,-2.1205277713015676
2025,10,2025_10_NYG_CHI,3770.0,NYG,D.Flannigan-Fowles,00-0035020,qb_hit,1.0,10.0,,0.0,-0.49167786724865437
2025,10,2025_10_NYG_CHI,4372.0,CHI,T.Edmunds,00-0034673,qb_hit,4.0,10.0,,0.0,-2.121762945957016
2025,10,2025_10_PHI_GB,1904.0,PHI,N.Dean,00-0037615,qb_hit,2.0,10.0,,0.0,-3.469644931377843
2025,11,2025_11_BAL_CLE,1140.0,BAL,T.Simpson,00-0038504,qb_hit,3.0,6.0,,0.0,-1.1694633409999775
2025,11,2025_11_BAL_CLE,3031.0,BAL,T.Buchanan,00-0040069,qb_hit,1.0,10.0,,0.0,-0.4867876102216542
2025,11,2025_11_BAL_CLE,3468.0,BAL,T.Simpson,00-0038504,qb_hit,3.0,10.0,,0.0,-1.5941381021402776
2025,11,2025_11_CAR_ATL,333.0,ATL,R.Harrison,00-0034779,qb_hit,3.0,9.0,,0.0,-0.844743502791971
2025,11,2025_11_CAR_ATL,2462.0,ATL,K.Elliss,00-0035316,qb_hit,4.0,1.0,,0.0,-4.463139425148256
2025,11,2025_11_CAR_ATL,3338.0,ATL,R.Harrison,00-0034779,qb_hit,3.0,7.0,,0.0,-2.0572618164587766
2025,11,2025_11_CHI_MIN,1660.0,MIN,E.Wilson,00-0033336,qb_hit,3.0,5.0,,0.0,-1.1156351786192666
2025,11,2025_11_CHI_MIN,3957.0,CHI,T.Edmunds,00-0034673,qb_hit,4.0,4.0,,1.0,2.4932654942385852
2025,11,2025_11_DAL_LV,239.0,DAL,K.Murray,00-0036441,qb_hit,3.0,7.0,,0.0,-1.5903459270484746
2025,11,2025_11_DAL_LV,609.0,LV,D.White,00-0035707,qb_hit,3.0,3.0,,0.0,-1.519072331277338
2025,11,2025_11_DET_PHI,2295.0,PHI,N.Dean,00-0037615,qb_hit,3.0,5.0,,0.0,-1.6019919534446672
2025,11,2025_11_DET_PHI,3986.0,PHI,N.Dean,00-0037615,qb_hit,2.0,10.0,,0.0,-1.4229748755460605
2025,11,2025_11_HOU_TEN,498.0,TEN,C.Barton,00-0035672,qb_hit,4.0,1.0,,0.0,-5.241183694102801
2025,11,2025_11_WAS_MIA,1300.0,MIA,T.Dodson,00-0035352,qb_hit,3.0,10.0,,0.0,-1.8647487011823072
2025,12,2025_12_ATL_NO,1785.0,NO,I.Stalbird,00-0039622,qb_hit,3.0,5.0,,0.0,-1.6021237791593501
2025,12,2025_12_BUF_HOU,1261.0,HOU,A.Al-Shaair,00-0035166,qb_hit,3.0,22.0,,0.0,-0.5518700820380293
2025,12,2025_12_BUF_HOU,3076.0,HOU,H.To'oTo'o,00-0038599,qb_hit,1.0,10.0,,0.0,-1.3716045296750963
2025,12,2025_12_CLE_LV,477.0,CLE,D.Bush,00-0035525,qb_hit,2.0,11.0,,0.0,-0.8449249095283449
2025,12,2025_12_CLE_LV,1500.0,CLE,D.Bush,00-0035525,qb_hit,1.0,10.0,,0.0,-1.479713911190629
2025,12,2025_12_IND_KC,1546.0,IND,A.Ajiake,00-0039178,qb_hit,3.0,9.0,,0.0,-0.8721184599302285
2025,12,2025_12_IND_KC,3319.0,KC,N.Bolton,00-0036621,qb_hit,3.0,12.0,,0.0,-0.9226781816687435
2025,12,2025_12_IND_KC,4217.0,IND,Z.Franklin,00-0034431,qb_hit,3.0,8.0,,0.0,-0.9177826821687631
2025,12,2025_12_JAX_ARI,526.0,JAX,D.Lloyd,00-0037244,qb_hit,1.0,10.0,,1.0,0.927004957688041
2025,12,2025_12_JAX_ARI,1165.0,JAX,D.Lloyd,00-0037244,qb_hit,2.0,6.0,,0.0,-0.8207794865593314
2025,12,2025_12_JAX_ARI,1875.0,JAX,D.Lloyd,00-0037244,qb_hit,1.0,10.0,,1.0,0.8486635607550852
2025,12,2025_12_JAX_ARI,3114.0,JAX,D.Lloyd,00-0037244,qb_hit,1.0,10.0,,0.0,-0.8247351446188986
2025,12,2025_12_MIN_GB,788.0,MIN,E.Wilson,00-0033336,qb_hit,3.0,10.0,,1.0,2.4340745327062905
2025,12,2025_12_MIN_GB,1716.0,GB,I.McDuffie,00-0036658,qb_hit,2.0,10.0,,0.0,-1.0189753861632198
2025,12,2025_12_NE_CIN,2229.0,NE,C.Elliss,00-0036813,qb_hit,3.0,4.0,,0.0,-1.5789963861461729
2025,12,2025_12_PHI_DAL,2481.0,PHI,N.Dean,00-0037615,qb_hit,3.0,5.0,,0.0,-1.9561158374417573
2025,12,2025_12_SEA_TEN,414.0,SEA,P.O'Connell,00-0038764,qb_hit,3.0,3.0,,0.0,-1.9805271605904973
2025,13,2025_13_ARI_TB,1734.0,TB,S.Dennis,00-0039049,qb_hit,1.0,10.0,,0.0,-0.7759505553403869
2025,13,2025_13_BUF_PIT,135.0,PIT,P.Queen,00-0036323,qb_hit,3.0,8.0,,1.0,2.2822438231669366
2025,13,2025_13_DEN_WAS,3404.0,WAS,F.Luvu,00-0034302,qb_hit,3.0,3.0,,0.0,-2.028697695117444
2025,13,2025_13_DEN_WAS,3595.0,WAS,F.Luvu,00-0034302,qb_hit,1.0,10.0,,0.0,-0.4545835282187909
2025,13,2025_13_DEN_WAS,5039.0,DEN,A.Singleton,00-0031898,qb_hit,3.0,3.0,,0.0,-1.4944776453194208
2025,13,2025_13_GB_DET,3697.0,GB,E.Cooper,00-0039850,qb_hit,1.0,4.0,,0.0,-0.41356828954303637
2025,13,2025_13_HOU_IND,3977.0,HOU,H.To'oTo'o,00-0038599,qb_hit,3.0,9.0,,0.0,-1.0462505207397044
2025,13,2025_13_LV_LAC,2538.0,LV,E.Roberts,00-0032442,qb_hit,3.0,2.0,,1.0,1.9053618722828105
2025,13,2025_13_MIN_SEA,469.0,MIN,E.Wilson,00-0033336,qb_hit,3.0,11.0,,0.0,-1.97189468331635
2025,13,2025_13_MIN_SEA,2834.0,SEA,D.Thomas,00-0038922,qb_hit,1.0,10.0,,1.0,0.7716814882587641
2025,13,2025_13_MIN_SEA,3705.0,SEA,D.Thomas,00-0038922,qb_hit,4.0,13.0,,0.0,-2.218707611958962
2025,13,2025_13_NO_MIA,973.0,NO,I.Stalbird,00-0039622,qb_hit,3.0,7.0,,0.0,-1.2451938947934793
2025,13,2025_13_NYG_NE,3125.0,NYG,Z.Barnes,00-0038399,qb_hit,2.0,8.0,,0.0,-1.4011505213566124
2025,13,2025_13_NYG_NE,3906.0,NE,J.Gibbens,00-0037596,qb_hit,4.0,8.0,,0.0,-0.5406446633860469
2025,13,2025_13_SF_CLE,3599.0,CLE,C.Schwesinger,00-0040579,qb_hit,3.0,9.0,,0.0,-0.6154596079521171
2025,14,2025_14_CIN_BUF,3243.0,BUF,S.Thompson,00-0031550,qb_hit,2.0,6.0,,1.0,2.4358470768784173
2025,14,2025_14_DAL_DET,646.0,DET,J.Campbell,00-0039018,qb_hit,3.0,4.0,,0.0,-2.6237770293373615
2025,14,2025_14_DAL_DET,1780.0,DAL,M.Liufau,00-0039352,qb_hit,1.0,10.0,,0.0,-0.4441388580016792
2025,14,2025_14_HOU_KC,1328.0,KC,N.Bolton,00-0036621,qb_hit,3.0,9.0,,1.0,3.279288597055711
2025,14,2025_14_IND_JAX,526.0,JAX,D.Lloyd,00-0037244,qb_hit,2.0,5.0,,1.0,0.7112013605074026
2025,14,2025_14_IND_JAX,1741.0,JAX,D.Lloyd,00-0037244,qb_hit,3.0,7.0,,0.0,-0.9524712389020809
2025,14,2025_14_MIA_NYJ,1448.0,NYJ,Q.Williams,00-0035680,qb_hit,3.0,6.0,,0.0,-1.9099691449664533
2025,14,2025_14_MIA_NYJ,3752.0,MIA,W.Gay,00-0036362,qb_hit,2.0,2.0,,0.0,-0.6366849348414689
2025,14,2025_14_PHI_LAC,811.0,PHI,N.Dean,00-0037615,qb_hit,3.0,7.0,,0.0,-1.5308572724461555
2025,14,2025_14_PHI_LAC,1731.0,PHI,N.Dean,00-0037615,qb_hit,1.0,10.0,,0.0,-6.073993123369291
2025,14,2025_14_PHI_LAC,2028.0,LAC,D.Henley,00-0038553,qb_hit,3.0,12.0,,0.0,-0.6686375811403447
2025,14,2025_14_PHI_LAC,3059.0,PHI,Z.Baun,00-0036418,qb_hit,2.0,13.0,,0.0,-1.6368348905816674
2025,14,2025_14_TEN_CLE,2445.0,TEN,C.Gray,00-0039858,qb_hit,3.0,3.0,,0.0,-1.5531942187808454
2025,14,2025_14_WAS_MIN,2583.0,MIN,E.Wilson,00-0033336,qb_hit,3.0,11.0,,0.0,-2.140869507798925
2025,14,2025_14_WAS_MIN,2848.0,WAS,B.Wagner,00-0029255,qb_hit,2.0,2.0,,0.0,-0.8433005037368275
2025,15,2025_15_BUF_NE,659.0,NE,J.Gibbens,00-0037596,qb_hit,3.0,9.0,,0.0,-1.6349518606439233
2025,15,2025_15_CAR_NO,3427.0,CAR,C.Rozeboom,00-0035942,qb_hit,4.0,1.0,,0.0,-4.084914940758608
2025,15,2025_15_CLE_CHI,952.0,CHI,D.Jackson,00-0037271,qb_hit,2.0,8.0,,0.0,-1.632901709061116
2025,15,2025_15_CLE_CHI,1934.0,CLE,C.Schwesinger,00-0040579,qb_hit,4.0,3.0,,1.0,-0.4125131827313453
2025,15,2025_15_CLE_CHI,2646.0,CHI,T.Edwards,00-0035386,qb_hit,2.0,9.0,,1.0,3.842636954970658
2025,15,2025_15_CLE_CHI,3741.0,CHI,T.Edwards,00-0035386,qb_hit,2.0,10.0,,0.0,0.24671596474945545
2025,15,2025_15_GB_DEN,3233.0,GB,I.McDuffie,00-0036658,qb_hit,1.0,15.0,,0.0,-0.4445405718870461
2025,15,2025_15_LAC_KC,1133.0,KC,D.Tranquill,00-0035262,qb_hit,3.0,11.0,,0.0,-3.861280119745061
2025,15,2025_15_LAC_KC,1543.0,KC,N.Bolton,00-0036621,qb_hit,2.0,16.0,,0.0,-0.7633360791951418
2025,15,2025_15_MIA_PIT,695.0,MIA,J.Brooks,00-0036409,qb_hit,3.0,11.0,,0.0,-2.4457759347278625
2025,15,2025_15_MIA_PIT,2476.0,PIT,P.Wilson,00-0039741,qb_hit,3.0,11.0,,0.0,-2.0138579902704805
2025,15,2025_15_MIN_DAL,2010.0,MIN,E.Wilson,00-0033336,qb_hit,2.0,7.0,,0.0,-0.5590861890814267
2025,16,2025_16_BUF_CLE,2289.0,CLE,C.Schwesinger,00-0040579,qb_hit,3.0,8.0,,0.0,-0.8813003646098947
2025,16,2025_16_BUF_CLE,3344.0,CLE,C.Schwesinger,00-0040579,qb_hit,3.0,9.0,,0.0,-1.8705502296797931
2025,16,2025_16_CIN_MIA,1763.0,MIA,T.Dodson,00-0035352,qb_hit,3.0,10.0,,1.0,2.719648518541362
2025,16,2025_16_GB_CHI,4195.0,CHI,T.Edwards,00-0035386,qb_hit,3.0,1.0,,0.0,-1.1471828676294535
2025,16,2025_16_KC_TEN,1064.0,KC,N.Bolton,00-0036621,qb_hit,3.0,3.0,,0.0,-2.3622829492669553
2025,16,2025_16_KC_TEN,3538.0,TEN,J.Williams,00-0039430,qb_hit,3.0,13.0,,0.0,-1.6191389574669302
2025,16,2025_16_LAC_DAL,394.0,DAL,K.Murray,00-0036441,qb_hit,2.0,9.0,,0.0,-0.16790850437246263
2025,16,2025_16_LA_SEA,1246.0,LA,N.Landman,00-0037587,qb_hit,2.0,14.0,,0.0,-0.9071566052734852
2025,16,2025_16_MIN_NYG,1014.0,MIN,E.Wilson,00-0033336,qb_hit,3.0,7.0,,0.0,-1.2229749343570129
2025,16,2025_16_NE_BAL,3587.0,NE,J.Gibbens,00-0037596,qb_hit,3.0,6.0,,1.0,1.5859242379665375
2025,16,2025_16_NYJ_NO,1009.0,NYJ,J.Sherwood,00-0036500,qb_hit,3.0,6.0,,0.0,-2.182254439978414
2025,16,2025_16_NYJ_NO,2533.0,NO,I.Stalbird,00-0039622,qb_hit,3.0,6.0,,0.0,-2.4757265432272106
2025,16,2025_16_PHI_WAS,3005.0,WAS,B.Wagner,00-0029255,qb_hit,1.0,10.0,,0.0,-1.0685098147951066
2025,16,2025_16_TB_CAR,173.0,TB,S.Dennis,00-0039049,qb_hit,1.0,10.0,,0.0,-0.4635784816928208
2025,16,2025_16_TB_CAR,646.0,TB,S.Dennis,00-0039049,qb_hit,1.0,10.0,,0.0,-1.314599906327203
2025,16,2025_16_TB_CAR,1412.0,CAR,C.Rozeboom,00-0035942,qb_hit,3.0,13.0,,0.0,-1.106592622352764
2025,16,2025_16_TB_CAR,3138.0,TB,L.David,00-0029562,qb_hit,1.0,10.0,,0.0,-1.3830457290168852
2025,17,2025_17_ARI_CIN,1528.0,ARI,C.Simon,00-0040645,qb_hit,1.0,10.0,,0.0,-1.5292801714967936
2025,17,2025_17_ARI_CIN,3381.0,CIN,B.Carter,00-0040157,qb_hit,3.0,8.0,,0.0,-0.8340920829214156
2025,17,2025_17_ARI_CIN,3964.0,CIN,S.Heyward,00-0038890,qb_hit,2.0,10.0,,0.0,-0.6375325558474287
2025,17,2025_17_BAL_GB,1239.0,GB,Q.Walker,00-0037074,qb_hit,2.0,4.0,,0.0,-0.9868669664720073
2025,17,2025_17_DAL_WAS,1436.0,WAS,B.Wagner,00-0029255,qb_hit,1.0,10.0,,0.0,-0.504161513177678
2025,17,2025_17_DAL_WAS,2775.0,WAS,B.Wagner,00-0029255,qb_hit,1.0,10.0,,0.0,-1.2887206128798425
2025,17,2025_17_DET_MIN,117.0,DET,A.Anzalone,00-0033914,qb_hit,3.0,9.0,,0.0,-2.226402497384697
2025,17,2025_17_DET_MIN,1825.0,MIN,B.Cashman,00-0035276,qb_hit,1.0,10.0,,0.0,-0.18903349718311802
2025,17,2025_17_JAX_IND,2193.0,JAX,D.Lloyd,00-0037244,qb_hit,3.0,4.0,,0.0,-2.606618233025074
2025,17,2025_17_LA_ATL,335.0,LA,N.Landman,00-0037587,qb_hit,1.0,10.0,,0.0,-0.5185866141691804
2025,17,2025_17_NYG_LV,1935.0,LV,D.White,00-0035707,qb_hit,2.0,9.0,,0.0,-0.6432278450811282
2025,17,2025_17_TB_MIA,2159.0,MIA,K.Britt,00-0036643,qb_hit,3.0,3.0,,0.0,-1.8354556537233293
2025,18,2025_18_CAR_TB,1419.0,CAR,K.Barnes,00-0035961,qb_hit,2.0,14.0,,0.0,-0.8294455003924668
2025,18,2025_18_GB_MIN,1066.0,MIN,E.Wilson,00-0033336,qb_hit,1.0,10.0,,0.0,-0.584500087890774
2025,18,2025_18_GB_MIN,3000.0,MIN,B.Cashman,00-0035276,qb_hit,1.0,10.0,,0.0,-1.8188848686404526
2025,18,2025_18_KC_LV,3617.0,LV,D.White,00-0035707,qb_hit,2.0,10.0,,0.0,-1.2228439369937405
2025,18,2025_18_KC_LV,3915.0,LV,D.White,00-0035707,qb_hit,3.0,3.0,,0.0,-0.7234107082557708
2025,18,2025_18_LAC_DEN,1117.0,LAC,D.Phillips,00-0035202,qb_hit,1.0,10.0,,0.0,-1.3630814705975354
2025,18,2025_18_LAC_DEN,2703.0,DEN,J.Strnad,00-0036428,qb_hit,3.0,8.0,,0.0,-1.9653768215794116
2025,18,2025_18_LAC_DEN,3159.0,LAC,D.Phillips,00-0035202,qb_hit,1.0,10.0,,0.0,-0.46041202783817425
2025,18,2025_18_LAC_DEN,4047.0,DEN,J.Turner,00-0040634,qb_hit,2.0,10.0,,0.0,-0.35469449358060956
2025,18,2025_18_NYJ_BUF,431.0,BUF,J.Andreessen,00-0039763,qb_hit,3.0,10.0,,0.0,-1.2690087440423667
2025,18,2025_18_SEA_SF,298.0,SF,T.Bethune,00-0039435,qb_hit,1.0,1.0,,0.0,-2.18237846106058
2025,18,2025_18_WAS_PHI,1915.0,PHI,J.Trotter,00-0039826,qb_hit,1.0,10.0,,0.0,-0.5837539378553629
2025,18,2025_18_WAS_PHI,2589.0,PHI,J.Trotter,00-0039826,qb_hit,3.0,7.0,,0.0,-1.335639629047364
2025,18,2025_18_WAS_PHI,4120.0,WAS,F.Luvu,00-0034302,qb_hit,2.0,10.0,,0.0,-0.1379277432570234
2025,19,2025_19_GB_CHI,3923.0,GB,I.McDuffie,00-0036658,qb_hit,4.0,8.0,,1.0,4.319646984513383
2025,19,2025_19_HOU_PIT,2499.0,HOU,H.To'oTo'o,00-0038599,qb_hit,2.0,15.0,,0.0,-0.023051119409501553
2025,19,2025_19_LAC_NE,2447.0,NE,C.Elliss,00-0036813,qb_hit,3.0,4.0,,0.0,-1.7829134466592222
2025,19,2025_19_LA_CAR,2349.0,CAR,C.Cherelus,00-0038493,qb_hit,2.0,10.0,,0.0,-0.6552481818944216
2025,20,2025_20_BUF_DEN,2577.0,DEN,A.Singleton,00-0031898,qb_hit,1.0,10.0,,0.0,0.6980992668541148
2025,20,2025_20_SF_SEA,2387.0,SF,D.Winters,00-0038625,qb_hit,3.0,13.0,,0.0,-0.37767408253732526
2025,21,2025_21_NE_DEN,1495.0,NE,C.Elliss,00-0036813,qb_hit,3.0,4.0,,0.0,-5.228765919979196
2025,22,2025_22_SEA_NE,2246.0,NE,C.Elliss,00-0036813,qb_hit,2.0,8.0,,1.0,1.7065551122650504
2024,1,2024_01_ARI_BUF,3741.0,ARI,K.White,00-0034375,3rd_down_stop,3.0,2.0,,0.0,-1.1962528361036115
2024,1,2024_01_BAL_KC,1238.0,KC,N.Bolton,00-0036621,3rd_down_stop,3.0,10.0,,0.0,-0.8262514478992671
2024,1,2024_01_CAR_NO,3344.0,CAR,S.Thompson,00-0031550,3rd_down_stop,3.0,4.0,,0.0,-1.6370884333591404
2024,1,2024_01_CAR_NO,3929.0,CAR,S.Thompson,00-0031550,3rd_down_stop,3.0,2.0,,0.0,-1.2180332664866
2024,1,2024_01_DAL_CLE,324.0,DAL,E.Kendricks,00-0031554,3rd_down_stop,3.0,10.0,,0.0,-0.36471736675594
2024,1,2024_01_DAL_CLE,759.0,DAL,D.Overshown,00-0038556,3rd_down_stop,3.0,11.0,,0.0,-0.06623432040214539
2024,1,2024_01_DAL_CLE,759.0,DAL,E.Kendricks,00-0031554,3rd_down_stop,3.0,11.0,,0.0,-0.06623432040214539
2024,1,2024_01_DAL_CLE,3179.0,DAL,E.Kendricks,00-0031554,3rd_down_stop,3.0,6.0,,0.0,-1.9312748599331826
2024,1,2024_01_DAL_CLE,3434.0,DAL,D.Overshown,00-0038556,4th_down_stop,4.0,6.0,,0.0,-2.9401778478641063
2024,1,2024_01_DAL_CLE,3774.0,DAL,D.Clark,00-0037281,3rd_down_stop,3.0,7.0,,0.0,-1.0152013797778636
2024,1,2024_01_DAL_CLE,3774.0,DAL,N.Vigil,00-0032892,3rd_down_stop,3.0,7.0,,0.0,-1.0152013797778636
2024,1,2024_01_DEN_SEA,2613.0,SEA,J.Baker,00-0034797,3rd_down_stop,3.0,19.0,,0.0,-0.9493063008412719
2024,1,2024_01_DEN_SEA,3663.0,SEA,T.Dodson,00-0035352,3rd_down_stop,3.0,6.0,,0.0,-0.5343344849534333
2024,1,2024_01_DEN_SEA,3836.0,DEN,A.Singleton,00-0031898,3rd_down_stop,3.0,2.0,,0.0,-1.6802078909240663
2024,1,2024_01_GB_PHI,1149.0,GB,Q.Walker,00-0037074,3rd_down_stop,3.0,1.0,,0.0,-1.1907907437998801
2024,1,2024_01_GB_PHI,4681.0,PHI,Z.Baun,00-0036418,3rd_down_stop,3.0,6.0,,0.0,-0.32942568871658295
2024,1,2024_01_HOU_IND,278.0,IND,E.Speed,00-0034987,3rd_down_stop,3.0,14.0,,0.0,0.5066463840194046
2024,1,2024_01_HOU_IND,2116.0,IND,E.Speed,00-0034987,3rd_down_stop,3.0,5.0,,0.0,-0.9686914949155516
2024,1,2024_01_HOU_IND,3345.0,IND,Z.Franklin,00-0034431,3rd_down_stop,3.0,4.0,,0.0,-1.132552227762062
2024,1,2024_01_JAX_MIA,1208.0,JAX,F.Oluokun,00-0034413,3rd_down_stop,3.0,3.0,,0.0,-1.7035961800720543
2024,1,2024_01_LA_DET,104.0,DET,A.Anzalone,00-0033914,3rd_down_stop,3.0,11.0,,0.0,-1.6000157622620463
2024,1,2024_01_LA_DET,2498.0,DET,J.Campbell,00-0039018,3rd_down_stop,3.0,4.0,,0.0,-1.2500764796277508
2024,1,2024_01_LV_LAC,1015.0,LV,R.Spillane,00-0034720,3rd_down_stop,3.0,5.0,,0.0,-0.7960347826592624
2024,1,2024_01_LV_LAC,1271.0,LV,R.Spillane,00-0034720,3rd_down_stop,3.0,15.0,,0.0,-0.517829246353358
2024,1,2024_01_LV_LAC,1962.0,LAC,D.Henley,00-0038553,3rd_down_stop,3.0,3.0,,0.0,-1.6612226353026927
2024,1,2024_01_LV_LAC,3294.0,LAC,D.Henley,00-0038553,3rd_down_stop,3.0,7.0,,0.0,-0.5680252099409699
2024,1,2024_01_MIN_NYG,2440.0,MIN,B.Cashman,00-0035276,3rd_down_stop,3.0,12.0,,0.0,0.9369783306028694
2024,1,2024_01_MIN_NYG,3957.0,NYG,D.Muasau,00-0039829,3rd_down_stop,3.0,5.0,,0.0,-1.1593964662170038
2024,1,2024_01_NE_CIN,112.0,NE,J.Bentley,00-0034385,3rd_down_stop,3.0,9.0,,0.0,-0.6856280500069261
2024,1,2024_01_NE_CIN,946.0,NE,J.Bentley,00-0034385,3rd_down_stop,3.0,3.0,,0.0,-1.9799346751533449
2024,1,2024_01_NE_CIN,3541.0,CIN,L.Wilson,00-0036294,3rd_down_stop,3.0,5.0,,0.0,-1.1559975922573358
2024,1,2024_01_NE_CIN,3665.0,NE,J.Bentley,00-0034385,3rd_down_stop,3.0,10.0,,0.0,-0.5055215114261955
2024,1,2024_01_PIT_ATL,330.0,PIT,P.Wilson,00-0039741,3rd_down_stop,3.0,13.0,,0.0,-0.7052744889034748
2024,1,2024_01_PIT_ATL,990.0,ATL,K.Elliss,00-0035316,3rd_down_stop,3.0,17.0,,0.0,0.26196031649229745
2024,1,2024_01_PIT_ATL,2960.0,ATL,K.Elliss,00-0035316,3rd_down_stop,3.0,12.0,,0.0,-0.18528522287964977
2024,1,2024_01_PIT_ATL,3530.0,ATL,N.Landman,00-0037587,4th_down_stop,4.0,1.0,,0.0,-3.9785150218522176
2024,1,2024_01_TEN_CHI,330.0,CHI,T.Edwards,00-0035386,3rd_down_stop,3.0,13.0,,0.0,-0.8210664126090705
2024,1,2024_01_TEN_CHI,2866.0,CHI,T.Edmunds,00-0034673,3rd_down_stop,3.0,3.0,,0.0,-0.9554730304516852
2024,1,2024_01_WAS_TB,619.0,WAS,B.Wagner,00-0029255,3rd_down_stop,3.0,13.0,,0.0,-0.5007800463890031
2024,1,2024_01_WAS_TB,850.0,TB,S.Dennis,00-0039049,3rd_down_stop,3.0,6.0,,0.0,0.5141929171513766
2024,1,2024_01_WAS_TB,2281.0,TB,S.Dennis,00-0039049,3rd_down_stop,3.0,18.0,,0.0,-0.46170898794753723
2024,1,2024_01_WAS_TB,3271.0,TB,S.Dennis,00-0039049,3rd_down_stop,3.0,20.0,,0.0,-0.25873729633167386
2024,2,2024_02_ATL_PHI,181.0,ATL,T.Andersen,00-0037810,3rd_down_stop,3.0,10.0,,0.0,-1.4086196280550212
2024,2,2024_02_BUF_MIA,1596.0,BUF,B.Spector,00-0037318,3rd_down_stop,3.0,1.0,,0.0,-1.9477557652862743
2024,2,2024_02_BUF_MIA,3023.0,MIA,J.Brooks,00-0036409,3rd_down_stop,3.0,2.0,,0.0,-1.6065023296978325
2024,2,2024_02_CHI_HOU,1271.0,HOU,H.To'oTo'o,00-0038599,3rd_down_stop,3.0,1.0,,0.0,-1.6979791726917028
2024,2,2024_02_CHI_HOU,1498.0,CHI,T.Edmunds,00-0034673,3rd_down_stop,3.0,4.0,,0.0,-1.4944556332193315
2024,2,2024_02_CHI_HOU,2467.0,HOU,A.Al-Shaair,00-0035166,3rd_down_stop,3.0,14.0,,0.0,-0.24640743131749332
2024,2,2024_02_CHI_HOU,4469.0,HOU,A.Al-Shaair,00-0035166,3rd_down_stop,3.0,18.0,,0.0,-0.18570929300040007
2024,2,2024_02_CIN_KC,2380.0,CIN,L.Wilson,00-0036294,3rd_down_stop,3.0,1.0,,0.0,-1.4565644965041429
2024,2,2024_02_CIN_KC,3621.0,CIN,L.Wilson,00-0036294,3rd_down_stop,3.0,20.0,,0.0,-0.3366477731615305
2024,2,2024_02_CLE_JAX,1052.0,JAX,V.Miller,00-0038570,3rd_down_stop,3.0,3.0,,0.0,-0.9767170222476125
2024,2,2024_02_IND_GB,1294.0,GB,I.McDuffie,00-0036658,3rd_down_stop,3.0,15.0,,0.0,-0.3903552843257785
2024,2,2024_02_IND_GB,2137.0,IND,E.Speed,00-0034987,3rd_down_stop,3.0,10.0,,0.0,-1.0420761480076575
2024,2,2024_02_LAC_CAR,644.0,LAC,D.Perryman,00-0032103,3rd_down_stop,3.0,5.0,,0.0,-2.678780718706548
2024,2,2024_02_LAC_CAR,843.0,CAR,J.Jewell,00-0034368,3rd_down_stop,3.0,1.0,,0.0,-1.7666729174088687
2024,2,2024_02_LAC_CAR,2292.0,CAR,J.Jewell,00-0034368,3rd_down_stop,3.0,2.0,,0.0,-1.6183125620985295
2024,2,2024_02_LAC_CAR,2755.0,LAC,D.Henley,00-0038553,3rd_down_stop,3.0,9.0,,0.0,-0.25433244183659554
2024,2,2024_02_LA_ARI,1426.0,LA,T.Reeder,00-0035617,3rd_down_stop,3.0,14.0,,0.0,-0.001229421172705969
2024,2,2024_02_LA_ARI,2360.0,ARI,K.Barnes,00-0035961,3rd_down_stop,3.0,1.0,,0.0,-2.211064036935568
2024,2,2024_02_LA_ARI,3721.0,ARI,O.Pappoe,00-0038600,3rd_down_stop,3.0,9.0,,0.0,-1.3370508435182273
2024,2,2024_02_LV_BAL,279.0,LV,R.Spillane,00-0034720,3rd_down_stop,3.0,13.0,,0.0,-0.3467555133013851
2024,2,2024_02_NYG_WAS,491.0,NYG,I.Simmons,00-0036356,3rd_down_stop,3.0,14.0,,0.0,0.8295302268816158
2024,2,2024_02_NYG_WAS,3103.0,WAS,B.Wagner,00-0029255,3rd_down_stop,3.0,11.0,,0.0,0.03854316030628979
2024,2,2024_02_NYG_WAS,3942.0,WAS,F.Luvu,00-0034302,3rd_down_stop,3.0,10.0,,0.0,-0.3612463427707553
2024,2,2024_02_NYJ_TEN,275.0,TEN,E.Jones,00-0036994,3rd_down_stop,3.0,22.0,,0.0,-0.4757801713421941
2024,2,2024_02_NYJ_TEN,1257.0,TEN,K.Murray,00-0036441,3rd_down_stop,3.0,15.0,,0.0,-0.0375764393247664
2024,2,2024_02_NYJ_TEN,2290.0,NYJ,J.Sherwood,00-0036500,3rd_down_stop,3.0,19.0,,0.0,-0.21700335247442126
2024,2,2024_02_NYJ_TEN,3039.0,TEN,K.Murray,00-0036441,3rd_down_stop,3.0,11.0,,0.0,-1.1238243631087244
2024,2,2024_02_PIT_DEN,1241.0,DEN,C.Barton,00-0035672,3rd_down_stop,3.0,23.0,,0.0,-0.6702065675053746
2024,2,2024_02_PIT_DEN,3376.0,DEN,C.Barton,00-0035672,3rd_down_stop,3.0,15.0,,0.0,0.17048621224239469
2024,2,2024_02_SEA_NE,3909.0,NE,R.McMillan,00-0033461,3rd_down_stop,3.0,1.0,,0.0,-0.9619887588778511
2024,2,2024_02_SEA_NE,4258.0,SEA,T.Dodson,00-0035352,3rd_down_stop,3.0,1.0,,0.0,-1.4315363878849894
2024,2,2024_02_SF_MIN,1089.0,MIN,B.Cashman,00-0035276,3rd_down_stop,3.0,14.0,,0.0,-0.27328848792240024
2024,2,2024_02_SF_MIN,1539.0,MIN,B.Cashman,00-0035276,4th_down_stop,4.0,2.0,,0.0,-3.2061841166578233
2024,2,2024_02_TB_DET,1108.0,TB,S.Dennis,00-0039049,3rd_down_stop,3.0,10.0,,0.0,-1.1186102148348902
2024,2,2024_02_TB_DET,2318.0,TB,L.David,00-0029562,3rd_down_stop,3.0,6.0,,0.0,-1.3361012380782604
2024,2,2024_02_TB_DET,2318.0,TB,S.Dennis,00-0039049,3rd_down_stop,3.0,6.0,,0.0,-1.3361012380782604
2024,2,2024_02_TB_DET,3962.0,TB,S.Dennis,00-0039049,3rd_down_stop,3.0,9.0,,0.0,-1.0318509138305672
2024,3,2024_03_BAL_DAL,1645.0,DAL,E.Kendricks,00-0031554,3rd_down_stop,3.0,1.0,,0.0,-1.5598097210749984
2024,3,2024_03_BAL_DAL,3568.0,DAL,E.Kendricks,00-0031554,3rd_down_stop,3.0,5.0,,0.0,-1.1160665759218706
2024,3,2024_03_CAR_LV,2987.0,CAR,S.Thompson,00-0031550,3rd_down_stop,3.0,6.0,,0.0,-1.1610455745831132
2024,3,2024_03_CHI_IND,176.0,IND,E.Speed,00-0034987,3rd_down_stop,3.0,3.0,,0.0,-1.1723752932157367
2024,3,2024_03_CHI_IND,3183.0,CHI,T.Edwards,00-0035386,3rd_down_stop,3.0,9.0,,0.0,-0.5963443755172193
2024,3,2024_03_CHI_IND,4432.0,IND,Z.Franklin,00-0034431,3rd_down_stop,3.0,10.0,,0.0,0.14392042206600308
2024,3,2024_03_DEN_TB,326.0,DEN,A.Singleton,00-0031898,3rd_down_stop,3.0,10.0,,0.0,-1.2250528587028384
2024,3,2024_03_DEN_TB,963.0,TB,S.Dennis,00-0039049,3rd_down_stop,3.0,3.0,,0.0,-0.9722670577466488
2024,3,2024_03_DEN_TB,1225.0,TB,L.David,00-0029562,3rd_down_stop,3.0,13.0,,0.0,-0.6853523948229849
2024,3,2024_03_DET_ARI,1245.0,ARI,Ma.Wilson,00-0035144,3rd_down_stop,3.0,3.0,,0.0,-2.160580792929977
2024,3,2024_03_DET_ARI,2757.0,ARI,K.White,00-0034375,4th_down_stop,4.0,1.0,,0.0,-3.9449864866910502
2024,3,2024_03_DET_ARI,3074.0,ARI,O.Pappoe,00-0038600,3rd_down_stop,3.0,17.0,,0.0,-1.1840196789707989
2024,3,2024_03_GB_TEN,1217.0,TEN,E.Jones,00-0036994,3rd_down_stop,3.0,13.0,,0.0,-0.8199797631241381
2024,3,2024_03_GB_TEN,2001.0,GB,Q.Walker,00-0037074,4th_down_stop,4.0,2.0,,0.0,-3.4809282588539645
2024,3,2024_03_GB_TEN,2001.0,GB,I.McDuffie,00-0036658,4th_down_stop,4.0,2.0,,0.0,-3.4809282588539645
2024,3,2024_03_GB_TEN,3304.0,GB,E.Cooper,00-0039850,3rd_down_stop,3.0,13.0,,0.0,-1.4204609890002757
2024,3,2024_03_HOU_MIN,2640.0,MIN,B.Cashman,00-0035276,3rd_down_stop,3.0,16.0,,0.0,-0.2152575245127082
2024,3,2024_03_HOU_MIN,3793.0,MIN,B.Cashman,00-0035276,3rd_down_stop,3.0,31.0,,0.0,-0.36855855002067983
2024,3,2024_03_HOU_MIN,3818.0,MIN,B.Cashman,00-0035276,4th_down_stop,4.0,18.0,,0.0,-1.9014992457814515
2024,3,2024_03_JAX_BUF,3915.0,JAX,C.Muma,00-0037811,3rd_down_stop,3.0,6.0,,0.0,-1.0343312335142039
2024,3,2024_03_JAX_BUF,4474.0,BUF,J.Andreessen,00-0039763,3rd_down_stop,3.0,16.0,,0.0,-0.19766637246357277
2024,3,2024_03_KC_ATL,1858.0,KC,N.Bolton,00-0036621,3rd_down_stop,3.0,18.0,,0.0,-0.6118613975122571
2024,3,2024_03_KC_ATL,3793.0,KC,J.Cochrane,00-0037208,3rd_down_stop,3.0,3.0,,0.0,-1.1391353307990357
2024,3,2024_03_KC_ATL,4237.0,KC,D.Tranquill,00-0035262,3rd_down_stop,3.0,1.0,,0.0,-1.3216117456904612
2024,3,2024_03_MIA_SEA,2437.0,SEA,T.Dodson,00-0035352,3rd_down_stop,3.0,2.0,,0.0,-2.5256312689743936
2024,3,2024_03_MIA_SEA,2910.0,MIA,J.Brooks,00-0036409,3rd_down_stop,3.0,25.0,,0.0,-0.7297489698976278
2024,3,2024_03_NE_NYJ,3703.0,NYJ,J.Sherwood,00-0036500,3rd_down_stop,3.0,3.0,,0.0,-1.2684136620955542
2024,3,2024_03_PHI_NO,678.0,PHI,Z.Baun,00-0036418,3rd_down_stop,3.0,22.0,,0.0,-0.27934653544798493
2024,3,2024_03_PHI_NO,1167.0,NO,P.Werner,00-0036927,3rd_down_stop,3.0,5.0,,0.0,-0.5357994225341827
2024,3,2024_03_PHI_NO,1861.0,NO,D.Davis,00-0029607,3rd_down_stop,3.0,7.0,,0.0,-0.5062031203415245
2024,3,2024_03_PHI_NO,2213.0,NO,D.Davis,00-0029607,3rd_down_stop,3.0,6.0,,0.0,-1.082646253053099
2024,3,2024_03_PHI_NO,2722.0,PHI,N.Dean,00-0037615,3rd_down_stop,3.0,1.0,,0.0,-1.1052924674004316
2024,3,2024_03_PHI_NO,2766.0,PHI,Z.Baun,00-0036418,4th_down_stop,4.0,1.0,,0.0,-4.307536153355613
2024,3,2024_03_PHI_NO,3120.0,PHI,Z.Baun,00-0036418,3rd_down_stop,3.0,11.0,,0.0,-0.5083915653821167
2024,4,2024_04_BUF_BAL,2383.0,BUF,B.Spector,00-0037318,3rd_down_stop,3.0,11.0,,0.0,-1.439660947304219
2024,4,2024_04_BUF_BAL,3500.0,BUF,N.Morrow,00-0033445,3rd_down_stop,3.0,6.0,,0.0,-1.5651568474713713
2024,4,2024_04_BUF_BAL,3500.0,BUF,B.Spector,00-0037318,3rd_down_stop,3.0,6.0,,0.0,-1.5651568474713713
2024,4,2024_04_CIN_CAR,320.0,CIN,L.Wilson,00-0036294,3rd_down_stop,3.0,1.0,,0.0,-1.0376815859344788
2024,4,2024_04_CIN_CAR,3028.0,CAR,T.Wallace,00-0039347,3rd_down_stop,3.0,17.0,,0.0,-0.3027235013432801
2024,4,2024_04_CIN_CAR,3061.0,CAR,J.Jewell,00-0034368,3rd_down_stop,3.0,23.0,,0.0,-0.2124301875841056
2024,4,2024_04_CLE_LV,1229.0,LV,R.Spillane,00-0034720,3rd_down_stop,3.0,12.0,,0.0,-0.5514351432211697
2024,4,2024_04_DAL_NYG,1153.0,DAL,D.Overshown,00-0038556,3rd_down_stop,3.0,9.0,,0.0,-0.8675140420792906
2024,4,2024_04_DAL_NYG,2566.0,DAL,D.Overshown,00-0038556,3rd_down_stop,3.0,8.0,,0.0,-1.2094655288201217
2024,4,2024_04_DAL_NYG,4128.0,NYG,B.Okereke,00-0035687,3rd_down_stop,3.0,12.0,,0.0,1.068584896413721
2024,4,2024_04_DEN_NYJ,976.0,NYJ,Qi.Williams,00-0035680,3rd_down_stop,3.0,13.0,,0.0,-4.186429940047674
2024,4,2024_04_DEN_NYJ,2814.0,DEN,C.Barton,00-0035672,3rd_down_stop,3.0,14.0,,0.0,-0.5409053638577461
2024,4,2024_04_KC_LAC,1232.0,KC,D.Tranquill,00-0035262,3rd_down_stop,3.0,1.0,,0.0,-1.6120842029340565
2024,4,2024_04_KC_LAC,1461.0,LAC,T.Dye,00-0036338,3rd_down_stop,3.0,9.0,,0.0,-2.2790248200763017
2024,4,2024_04_KC_LAC,3064.0,KC,N.Bolton,00-0036621,3rd_down_stop,3.0,5.0,,0.0,-0.18910992611199617
2024,4,2024_04_LA_CHI,468.0,CHI,T.Edwards,00-0035386,3rd_down_stop,3.0,13.0,,0.0,-0.09267350834461041
2024,4,2024_04_MIN_GB,3086.0,GB,I.McDuffie,00-0036658,3rd_down_stop,3.0,25.0,,0.0,-0.546485407743603
2024,4,2024_04_MIN_GB,3339.0,MIN,B.Cashman,00-0035276,3rd_down_stop,3.0,18.0,,0.0,0.05670640605967492
2024,4,2024_04_MIN_GB,3463.0,GB,Q.Walker,00-0037074,3rd_down_stop,3.0,1.0,,0.0,-1.6491874190978706
2024,4,2024_04_NE_SF,1309.0,SF,F.Warner,00-0034815,4th_down_stop,4.0,1.0,,0.0,-3.895708693889901
2024,4,2024_04_NE_SF,2082.0,SF,D.Campbell,00-0032401,3rd_down_stop,3.0,22.0,,0.0,0.39965789360158277
2024,4,2024_04_NO_ATL,917.0,ATL,K.Elliss,00-0035316,3rd_down_stop,3.0,2.0,,0.0,-0.9467506357468665
2024,4,2024_04_NO_ATL,3697.0,ATL,T.Andersen,00-0037810,3rd_down_stop,3.0,5.0,,0.0,-1.473361310432665
2024,4,2024_04_PHI_TB,412.0,TB,L.David,00-0029562,3rd_down_stop,3.0,10.0,,0.0,-0.6696981345303357
2024,4,2024_04_PHI_TB,1971.0,TB,K.Britt,00-0036643,3rd_down_stop,3.0,2.0,,0.0,-0.4830740119505208
2024,4,2024_04_PIT_IND,886.0,IND,J.Carlies,00-0039377,3rd_down_stop,3.0,2.0,,0.0,-1.3190913759171963
2024,4,2024_04_PIT_IND,908.0,IND,Z.Franklin,00-0034431,4th_down_stop,4.0,1.0,,0.0,-3.379877979750745
2024,4,2024_04_PIT_IND,1431.0,PIT,E.Roberts,00-0032442,3rd_down_stop,3.0,1.0,,0.0,-2.409371064277366
2024,4,2024_04_PIT_IND,2754.0,PIT,P.Queen,00-0036323,3rd_down_stop,3.0,7.0,,0.0,-1.2880623859180402
2024,4,2024_04_PIT_IND,4300.0,IND,E.Speed,00-0034987,3rd_down_stop,3.0,22.0,,0.0,-0.17801758483983576
2024,4,2024_04_SEA_DET,243.0,DET,M.Rodriguez,00-0037289,3rd_down_stop,3.0,11.0,,0.0,-0.603645671159029
2024,4,2024_04_SEA_DET,2059.0,SEA,T.Dodson,00-0035352,3rd_down_stop,3.0,16.0,,0.0,-0.09611458686413243
2024,4,2024_04_SEA_DET,3477.0,SEA,T.Dodson,00-0035352,3rd_down_stop,3.0,1.0,,0.0,-2.305813414976001
2024,4,2024_04_TEN_MIA,1767.0,TEN,E.Jones,00-0036994,3rd_down_stop,3.0,9.0,,0.0,-0.606373388087377
2024,4,2024_04_TEN_MIA,2504.0,MIA,J.Brooks,00-0036409,3rd_down_stop,3.0,5.0,,0.0,-1.9393649348057806
2024,4,2024_04_TEN_MIA,4068.0,MIA,A.Walker,00-0033570,3rd_down_stop,3.0,8.0,,0.0,-1.4119634581147693
2024,4,2024_04_WAS_ARI,246.0,WAS,B.Wagner,00-0029255,3rd_down_stop,3.0,1.0,,0.0,-1.1747630899189971
2024,4,2024_04_WAS_ARI,1467.0,WAS,B.Wagner,00-0029255,3rd_down_stop,3.0,15.0,,0.0,-0.2980070202611387
2024,4,2024_04_WAS_ARI,2292.0,WAS,B.Wagner,00-0029255,3rd_down_stop,3.0,34.0,,0.0,-0.4645950300619006
2024,5,2024_05_ARI_SF,383.0,ARI,K.Barnes,00-0035961,3rd_down_stop,3.0,6.0,,0.0,-1.5138686692492365
2024,5,2024_05_BAL_CIN,487.0,BAL,R.Smith,00-0034874,3rd_down_stop,3.0,1.0,,0.0,-1.77216328214854
2024,5,2024_05_BUF_HOU,1388.0,BUF,T.Bernard,00-0037254,4th_down_stop,4.0,1.0,,0.0,-4.297484116570558
2024,5,2024_05_BUF_HOU,2708.0,HOU,H.To'oTo'o,00-0038599,3rd_down_stop,3.0,5.0,,0.0,-1.7311871119309217
2024,5,2024_05_CAR_CHI,297.0,CHI,T.Edwards,00-0035386,3rd_down_stop,3.0,2.0,,0.0,-1.2965020281262696
2024,5,2024_05_CAR_CHI,1513.0,CAR,T.Wallace,00-0039347,3rd_down_stop,3.0,2.0,,0.0,-1.2329504560912028
2024,5,2024_05_CAR_CHI,4294.0,CHI,J.Sanborn,00-0037109,3rd_down_stop,3.0,10.0,,0.0,-0.3248480425681919
2024,5,2024_05_CLE_WAS,145.0,WAS,F.Luvu,00-0034302,3rd_down_stop,3.0,3.0,,0.0,-1.0683777797967196
2024,5,2024_05_CLE_WAS,167.0,WAS,F.Luvu,00-0034302,4th_down_stop,4.0,1.0,,0.0,-3.512391400290653
2024,5,2024_05_CLE_WAS,1192.0,WAS,F.Luvu,00-0034302,3rd_down_stop,3.0,15.0,,0.0,-1.2050027834142782
2024,5,2024_05_CLE_WAS,2097.0,WAS,B.Wagner,00-0029255,3rd_down_stop,3.0,5.0,,0.0,-1.4604075128445402
2024,5,2024_05_CLE_WAS,2097.0,WAS,F.Luvu,00-0034302,3rd_down_stop,3.0,5.0,,0.0,-1.4604075128445402
2024,5,2024_05_GB_LA,1595.0,GB,E.Cooper,00-0039850,3rd_down_stop,3.0,16.0,,0.0,-1.9787187274778262
2024,5,2024_05_IND_JAX,292.0,JAX,D.Lloyd,00-0037244,3rd_down_stop,3.0,1.0,,0.0,-1.2242880172561854
2024,5,2024_05_LV_DEN,996.0,LV,R.Spillane,00-0034720,3rd_down_stop,3.0,34.0,,0.0,0.5791318200375151
2024,5,2024_05_LV_DEN,1452.0,LV,R.Spillane,00-0034720,3rd_down_stop,3.0,4.0,,0.0,-0.7941150860860944
2024,5,2024_05_MIA_NE,199.0,NE,C.Elliss,00-0036813,3rd_down_stop,3.0,17.0,,0.0,0.16605984133932972
2024,5,2024_05_MIA_NE,199.0,NE,M.Mapu,00-0039054,3rd_down_stop,3.0,17.0,,0.0,0.16605984133932972
2024,5,2024_05_MIA_NE,2882.0,MIA,J.Brooks,00-0036409,3rd_down_stop,3.0,2.0,,0.0,-1.910890409257263
2024,5,2024_05_MIA_NE,4365.0,NE,J.Tavai,00-0035240,3rd_down_stop,3.0,4.0,,0.0,-0.3125723335542716
2024,5,2024_05_NO_KC,1994.0,KC,N.Bolton,00-0036621,3rd_down_stop,3.0,7.0,,0.0,-0.3742783418856561
2024,5,2024_05_NYG_SEA,589.0,SEA,J.Baker,00-0034797,3rd_down_stop,3.0,1.0,,0.0,-1.2368276200140826
2024,5,2024_05_NYG_SEA,613.0,SEA,J.Baker,00-0034797,4th_down_stop,4.0,1.0,,0.0,-11.448005781508982
2024,5,2024_05_NYG_SEA,3372.0,SEA,J.Baker,00-0034797,3rd_down_stop,3.0,4.0,,0.0,-1.471758246421814
2024,5,2024_05_NYJ_MIN,1387.0,MIN,I.Pace,00-0038807,3rd_down_stop,3.0,3.0,,0.0,-1.166035899426788
2024,5,2024_05_NYJ_MIN,1409.0,MIN,B.Cashman,00-0035276,4th_down_stop,4.0,2.0,,0.0,-3.292294899234548
2024,5,2024_05_TB_ATL,1739.0,TB,L.David,00-0029562,3rd_down_stop,3.0,14.0,,0.0,-0.3851373562696807
2024,6,2024_06_ARI_GB,3227.0,ARI,Ma.Wilson,00-0035144,3rd_down_stop,3.0,10.0,,0.0,-1.0254113893780974
2024,6,2024_06_ATL_CAR,1345.0,CAR,T.Wallace,00-0039347,3rd_down_stop,3.0,6.0,,0.0,-3.618518984410912
2024,6,2024_06_CIN_NYG,1195.0,NYG,B.Okereke,00-0035687,3rd_down_stop,3.0,22.0,,0.0,-0.0013488780241459608
2024,6,2024_06_CIN_NYG,1717.0,CIN,L.Wilson,00-0036294,3rd_down_stop,3.0,14.0,,0.0,-0.1040656641125679
2024,6,2024_06_CLE_PHI,1440.0,CLE,D.Bush,00-0035525,3rd_down_stop,3.0,2.0,,0.0,-0.9499942708062008
2024,6,2024_06_CLE_PHI,1768.0,PHI,N.Dean,00-0037615,3rd_down_stop,3.0,14.0,,0.0,-0.13588939025066793
2024,6,2024_06_CLE_PHI,2591.0,PHI,N.Dean,00-0037615,3rd_down_stop,3.0,12.0,,0.0,-0.6506519431713969
2024,6,2024_06_CLE_PHI,3212.0,PHI,Z.Baun,00-0036418,3rd_down_stop,3.0,16.0,,0.0,-0.473354520562032
2024,6,2024_06_DET_DAL,1041.0,DAL,D.Clark,00-0037281,3rd_down_stop,3.0,13.0,,0.0,-0.48890178815993846
2024,6,2024_06_DET_DAL,1667.0,DAL,D.Clark,00-0037281,3rd_down_stop,3.0,9.0,,0.0,-1.6060807431978004
2024,6,2024_06_DET_DAL,3421.0,DAL,D.Overshown,00-0038556,3rd_down_stop,3.0,18.0,,0.0,-0.240396960621021
2024,6,2024_06_HOU_NE,1899.0,NE,C.Elliss,00-0036813,3rd_down_stop,3.0,6.0,,0.0,-1.4661346754292026
2024,6,2024_06_HOU_NE,1899.0,NE,M.Mapu,00-0039054,3rd_down_stop,3.0,6.0,,0.0,-1.4661346754292026
2024,6,2024_06_HOU_NE,4361.0,HOU,N.Hewitt,00-0031740,3rd_down_stop,3.0,11.0,,0.0,-2.795307151565794
2024,6,2024_06_IND_TEN,715.0,TEN,E.Jones,00-0036994,3rd_down_stop,3.0,16.0,,0.0,-0.32023843680508435
2024,6,2024_06_IND_TEN,1563.0,IND,Z.Franklin,00-0034431,3rd_down_stop,3.0,20.0,,0.0,-0.40694754442665726
2024,6,2024_06_IND_TEN,2223.0,IND,E.Speed,00-0034987,3rd_down_stop,3.0,3.0,,0.0,-0.7904923157766461
2024,6,2024_06_JAX_CHI,4051.0,JAX,V.Miller,00-0038570,3rd_down_stop,3.0,7.0,,0.0,-1.1202062459196895
2024,6,2024_06_JAX_CHI,4298.0,CHI,A.Ogbongbemiga,00-0036716,3rd_down_stop,3.0,4.0,,0.0,-1.4287837033625692
2024,6,2024_06_LAC_DEN,2399.0,DEN,C.Barton,00-0035672,3rd_down_stop,3.0,15.0,,0.0,-0.7080393796786666
2024,6,2024_06_LAC_DEN,3527.0,DEN,J.Strnad,00-0036428,3rd_down_stop,3.0,9.0,,0.0,-1.029238267801702
2024,6,2024_06_LAC_DEN,3708.0,LAC,D.Henley,00-0038553,3rd_down_stop,3.0,10.0,,0.0,-0.6434975806041621
2024,6,2024_06_SF_SEA,941.0,SF,F.Warner,00-0034815,3rd_down_stop,3.0,3.0,,0.0,-1.4302978762425482
2024,6,2024_06_SF_SEA,1653.0,SEA,J.Baker,00-0034797,3rd_down_stop,3.0,11.0,,0.0,-0.6337694379613663
2024,6,2024_06_TB_NO,1345.0,NO,D.Davis,00-0029607,3rd_down_stop,3.0,20.0,,0.0,-1.5850473074242473
2024,6,2024_06_TB_NO,3381.0,TB,L.David,00-0029562,3rd_down_stop,3.0,22.0,,0.0,-0.797762502450496
2024,6,2024_06_TB_NO,5083.0,TB,J.Russell,00-0037491,3rd_down_stop,3.0,7.0,,0.0,-0.7504994733026251
2024,6,2024_06_WAS_BAL,3862.0,BAL,R.Smith,00-0034874,3rd_down_stop,3.0,8.0,,0.0,-0.23861225042426337
2024,7,2024_07_BAL_TB,176.0,BAL,R.Smith,00-0034874,3rd_down_stop,3.0,5.0,,0.0,-0.3618748497683555
2024,7,2024_07_BAL_TB,2502.0,BAL,R.Smith,00-0034874,3rd_down_stop,3.0,5.0,,0.0,-2.212328946785597
2024,7,2024_07_BAL_TB,3050.0,BAL,R.Smith,00-0034874,3rd_down_stop,3.0,6.0,,0.0,-1.5235591395758092
2024,7,2024_07_CAR_WAS,647.0,CAR,C.Wooten,00-0037560,3rd_down_stop,3.0,8.0,,0.0,-1.1962466421808888
2024,7,2024_07_CAR_WAS,995.0,WAS,F.Luvu,00-0034302,3rd_down_stop,3.0,5.0,,0.0,-1.5382974564563483
2024,7,2024_07_CAR_WAS,2936.0,CAR,T.Wallace,00-0039347,3rd_down_stop,3.0,7.0,,0.0,-1.0273707449790233
2024,7,2024_07_CAR_WAS,3663.0,WAS,N.Bellore,00-0028292,3rd_down_stop,3.0,5.0,,0.0,-1.4798662438988686
2024,7,2024_07_CIN_CLE,150.0,CIN,L.Wilson,00-0036294,3rd_down_stop,3.0,3.0,,0.0,-1.0418878477066755
2024,7,2024_07_DEN_NO,531.0,NO,D.Davis,00-0029607,3rd_down_stop,3.0,6.0,,0.0,-1.0711189122131342
2024,7,2024_07_DEN_NO,1563.0,DEN,C.Barton,00-0035672,3rd_down_stop,3.0,2.0,,0.0,-1.4741772839333862
2024,7,2024_07_DEN_NO,3767.0,DEN,J.Strnad,00-0036428,4th_down_stop,4.0,5.0,,0.0,-2.493123065447435
2024,7,2024_07_DET_MIN,343.0,MIN,I.Pace,00-0038807,3rd_down_stop,3.0,3.0,,0.0,-1.7548433607444167
2024,7,2024_07_DET_MIN,601.0,DET,T.Nowaske,00-0038660,3rd_down_stop,3.0,8.0,,0.0,-1.976407174794723
2024,7,2024_07_DET_MIN,3324.0,MIN,I.Pace,00-0038807,3rd_down_stop,3.0,18.0,,0.0,-0.8747237725183368
2024,7,2024_07_DET_MIN,3510.0,DET,M.Rodriguez,00-0037289,3rd_down_stop,3.0,7.0,,0.0,-1.3753667719119838
2024,7,2024_07_HOU_GB,2181.0,GB,Er.Wilson,00-0033336,3rd_down_stop,3.0,5.0,,0.0,-2.1082220706157386
2024,7,2024_07_HOU_GB,2672.0,HOU,N.Hewitt,00-0031740,3rd_down_stop,3.0,1.0,,0.0,-1.6988171101547778
2024,7,2024_07_HOU_GB,2878.0,GB,Er.Wilson,00-0033336,3rd_down_stop,3.0,8.0,,0.0,-2.168531358940527
2024,7,2024_07_LAC_ARI,2459.0,LAC,D.Henley,00-0038553,3rd_down_stop,3.0,1.0,,0.0,-1.667051582597196
2024,7,2024_07_LAC_ARI,3072.0,ARI,K.Barnes,00-0035961,3rd_down_stop,3.0,10.0,,0.0,-0.19657573261285877
2024,7,2024_07_LAC_ARI,3561.0,ARI,K.White,00-0034375,3rd_down_stop,3.0,1.0,,0.0,-1.1883899366366677
2024,7,2024_07_LAC_ARI,3561.0,ARI,Ma.Wilson,00-0035144,3rd_down_stop,3.0,1.0,,0.0,-1.1883899366366677
2024,7,2024_07_MIA_IND,1209.0,IND,G.Stuard,00-0036672,3rd_down_stop,3.0,9.0,,0.0,-1.0245496162679046
2024,7,2024_07_MIA_IND,3990.0,MIA,A.Walker,00-0033570,3rd_down_stop,3.0,12.0,,0.0,-0.28472464824626487
2024,7,2024_07_MIA_IND,3990.0,MIA,J.Brooks,00-0036409,3rd_down_stop,3.0,12.0,,0.0,-0.28472464824626487
2024,7,2024_07_NE_JAX,2802.0,NE,M.Mapu,00-0039054,3rd_down_stop,3.0,2.0,,0.0,-1.1031819187337533
2024,7,2024_07_NE_JAX,2824.0,NE,R.McMillan,00-0033461,4th_down_stop,4.0,1.0,,0.0,-3.512780232122168
2024,7,2024_07_NYJ_PIT,3841.0,NYJ,J.Sherwood,00-0036500,3rd_down_stop,3.0,4.0,,0.0,-1.1945198802277446
2024,7,2024_07_NYJ_PIT,4002.0,NYJ,Qi.Williams,00-0035680,3rd_down_stop,3.0,2.0,,0.0,-0.9353935629478656
2024,7,2024_07_PHI_NYG,2998.0,PHI,N.Dean,00-0037615,3rd_down_stop,3.0,7.0,,0.0,-2.4163666123058647
2024,7,2024_07_PHI_NYG,3245.0,NYG,B.Okereke,00-0035687,3rd_down_stop,3.0,1.0,,0.0,-1.3546298843575642
2024,7,2024_07_PHI_NYG,3788.0,NYG,D.Muasau,00-0039829,3rd_down_stop,3.0,8.0,,0.0,-0.140561941312626
2024,7,2024_07_SEA_ATL,2463.0,SEA,T.Dodson,00-0035352,3rd_down_stop,3.0,2.0,,0.0,-0.8711691509815864
2024,7,2024_07_TEN_BUF,1899.0,BUF,B.Spector,00-0037318,3rd_down_stop,3.0,28.0,,0.0,0.2674106501508504
2024,8,2024_08_ARI_MIA,788.0,ARI,K.White,00-0034375,3rd_down_stop,3.0,7.0,,0.0,-1.8629237408623718
2024,8,2024_08_ARI_MIA,2243.0,MIA,J.Brooks,00-0036409,3rd_down_stop,3.0,21.0,,0.0,-0.579360551161891
2024,8,2024_08_ARI_MIA,4233.0,MIA,D.Long,00-0035292,3rd_down_stop,3.0,6.0,,0.0,0.23635912475226473
2024,8,2024_08_ATL_TB,1919.0,ATL,N.Landman,00-0037587,3rd_down_stop,3.0,8.0,,0.0,-0.7096100973595085
2024,8,2024_08_BUF_SEA,940.0,SEA,T.Dodson,00-0035352,3rd_down_stop,3.0,15.0,,0.0,0.05593601195141673
2024,8,2024_08_BUF_SEA,3237.0,SEA,T.Dodson,00-0035352,3rd_down_stop,3.0,2.0,,0.0,-1.0834197695367038
2024,8,2024_08_BUF_SEA,3237.0,SEA,E.Jones,00-0036994,3rd_down_stop,3.0,2.0,,0.0,-1.0834197695367038
2024,8,2024_08_BUF_SEA,4175.0,SEA,E.Jones,00-0036994,3rd_down_stop,3.0,1.0,,0.0,-1.0529926402959973
2024,8,2024_08_CAR_DEN,4063.0,CAR,T.Wallace,00-0039347,3rd_down_stop,3.0,4.0,,0.0,-3.778925167338457
2024,8,2024_08_CHI_WAS,1329.0,WAS,B.Wagner,00-0029255,3rd_down_stop,3.0,2.0,,0.0,-1.2780598632525653
2024,8,2024_08_CHI_WAS,1351.0,WAS,F.Luvu,00-0034302,4th_down_stop,4.0,1.0,,0.0,-3.193265838548541
2024,8,2024_08_CHI_WAS,4076.0,CHI,T.Edmunds,00-0034673,3rd_down_stop,3.0,5.0,,0.0,-0.43204760807566345
2024,8,2024_08_CHI_WAS,4295.0,WAS,B.Wagner,00-0029255,3rd_down_stop,3.0,5.0,,0.0,-1.0132418526918627
2024,8,2024_08_DAL_SF,1381.0,DAL,D.Overshown,00-0038556,3rd_down_stop,3.0,4.0,,0.0,-1.5769521289039403
2024,8,2024_08_DAL_SF,1882.0,DAL,D.Overshown,00-0038556,3rd_down_stop,3.0,15.0,,0.0,0.2942382220705144
2024,8,2024_08_DAL_SF,4219.0,DAL,E.Kendricks,00-0031554,3rd_down_stop,3.0,10.0,,0.0,-0.8074182298732921
2024,8,2024_08_GB_JAX,321.0,GB,Er.Wilson,00-0033336,3rd_down_stop,3.0,4.0,,0.0,-1.192708998452872
2024,8,2024_08_GB_JAX,1230.0,GB,E.Cooper,00-0039850,3rd_down_stop,3.0,2.0,,0.0,-1.8102802569046617
2024,8,2024_08_GB_JAX,1413.0,JAX,F.Oluokun,00-0034413,3rd_down_stop,3.0,14.0,,0.0,-0.2673615447086837
2024,8,2024_08_GB_JAX,2670.0,GB,E.Cooper,00-0039850,3rd_down_stop,3.0,1.0,,0.0,-1.6096672345884144
2024,8,2024_08_GB_JAX,3164.0,GB,E.Cooper,00-0039850,3rd_down_stop,3.0,7.0,,0.0,-5.052072944294196
2024,8,2024_08_IND_HOU,4264.0,IND,E.Speed,00-0034987,3rd_down_stop,3.0,8.0,,0.0,-0.2511262632906437
2024,8,2024_08_KC_LV,2747.0,KC,N.Bolton,00-0036621,3rd_down_stop,3.0,1.0,,0.0,-2.9003159881103784
2024,8,2024_08_NO_LAC,253.0,LAC,D.Henley,00-0038553,3rd_down_stop,3.0,1.0,,0.0,-1.824151708278805
2024,8,2024_08_NYG_PIT,2650.0,NYG,B.Okereke,00-0035687,3rd_down_stop,3.0,13.0,,0.0,-0.393698088824749
2024,8,2024_08_NYG_PIT,2982.0,PIT,P.Queen,00-0036323,3rd_down_stop,3.0,13.0,,0.0,-0.3200039677321911
2024,8,2024_08_NYJ_NE,3013.0,NE,C.Elliss,00-0036813,3rd_down_stop,3.0,7.0,,0.0,-1.45119202436012
2024,8,2024_08_TEN_DET,1650.0,DET,A.Anzalone,00-0033914,3rd_down_stop,3.0,1.0,,0.0,-1.5931035664398223
2024,8,2024_08_TEN_DET,2454.0,DET,A.Anzalone,00-0033914,3rd_down_stop,3.0,5.0,,0.0,-0.7810514904558659
2024,9,2024_09_CHI_ARI,2809.0,CHI,T.Edwards,00-0035386,3rd_down_stop,3.0,12.0,,0.0,-0.9048335363967426
2024,9,2024_09_CHI_ARI,3090.0,ARI,K.White,00-0034375,3rd_down_stop,3.0,10.0,,0.0,-1.9277118791360408
2024,9,2024_09_CHI_ARI,3321.0,ARI,K.White,00-0034375,3rd_down_stop,3.0,18.0,,0.0,-0.6272979786153883
2024,9,2024_09_DAL_ATL,1081.0,ATL,N.Landman,00-0037587,3rd_down_stop,3.0,1.0,,0.0,-1.8094127357471734
2024,9,2024_09_DAL_ATL,1103.0,ATL,K.Elliss,00-0035316,4th_down_stop,4.0,1.0,,0.0,-3.60451452457346
2024,9,2024_09_DAL_ATL,1246.0,DAL,E.Kendricks,00-0031554,3rd_down_stop,3.0,14.0,,0.0,0.28368147113360465
2024,9,2024_09_DAL_ATL,2466.0,ATL,K.Elliss,00-0035316,3rd_down_stop,3.0,7.0,,0.0,-0.4377154097892344
2024,9,2024_09_DEN_BAL,482.0,BAL,R.Smith,00-0034874,4th_down_stop,4.0,1.0,,0.0,-3.3339887012261897
2024,9,2024_09_DEN_BAL,3193.0,DEN,J.Strnad,00-0036428,3rd_down_stop,3.0,3.0,,0.0,-1.4509502904139548
2024,9,2024_09_DEN_BAL,3537.0,BAL,T.Simpson,00-0038504,3rd_down_stop,3.0,1.0,,0.0,-2.954899138014298
2024,9,2024_09_DET_GB,180.0,DET,J.Campbell,00-0039018,3rd_down_stop,3.0,3.0,,0.0,-1.0078854456078261
2024,9,2024_09_DET_GB,731.0,GB,E.Cooper,00-0039850,3rd_down_stop,3.0,7.0,,0.0,-1.1704913170542568
2024,9,2024_09_DET_GB,2499.0,GB,Q.Walker,00-0037074,3rd_down_stop,3.0,6.0,,0.0,-0.7186184239108115
2024,9,2024_09_DET_GB,3287.0,DET,T.Nowaske,00-0038660,4th_down_stop,4.0,1.0,,0.0,-3.6637600566609763
2024,9,2024_09_DET_GB,3287.0,DET,J.Campbell,00-0039018,4th_down_stop,4.0,1.0,,0.0,-3.6637600566609763
2024,9,2024_09_HOU_NYJ,2870.0,NYJ,J.Sherwood,00-0036500,3rd_down_stop,3.0,11.0,,0.0,-2.1185482380318663
2024,9,2024_09_HOU_NYJ,3144.0,HOU,N.Hewitt,00-0031740,3rd_down_stop,3.0,1.0,,0.0,-1.0931598050519824
2024,9,2024_09_HOU_NYJ,3495.0,NYJ,J.Sherwood,00-0036500,3rd_down_stop,3.0,1.0,,0.0,-1.1021899900515564
2024,9,2024_09_HOU_NYJ,4075.0,NYJ,Qi.Williams,00-0035680,3rd_down_stop,3.0,15.0,,0.0,-0.210738867521286
2024,9,2024_09_HOU_NYJ,4199.0,NYJ,J.Sherwood,00-0036500,3rd_down_stop,3.0,10.0,,0.0,-0.13536390906665474
2024,9,2024_09_IND_MIN,1215.0,IND,E.Speed,00-0034987,3rd_down_stop,3.0,1.0,,0.0,-1.7233125874772668
2024,9,2024_09_IND_MIN,3734.0,MIN,I.Pace,00-0038807,3rd_down_stop,3.0,22.0,,0.0,-0.026875141891650856
2024,9,2024_09_JAX_PHI,171.0,JAX,D.Lloyd,00-0037244,3rd_down_stop,3.0,2.0,,0.0,-1.3793391284998506
2024,9,2024_09_JAX_PHI,1198.0,PHI,Z.Baun,00-0036418,3rd_down_stop,3.0,1.0,,0.0,-1.562295245938003
2024,9,2024_09_LAC_CLE,2507.0,LAC,D.Henley,00-0038553,3rd_down_stop,3.0,2.0,,0.0,-0.9553514539729804
2024,9,2024_09_LAC_CLE,3246.0,LAC,T.Dye,00-0036338,4th_down_stop,4.0,3.0,,0.0,-2.9016283482778817
2024,9,2024_09_LA_SEA,820.0,LA,C.Rozeboom,00-0035942,3rd_down_stop,3.0,3.0,,0.0,-0.9990870421752334
2024,9,2024_09_LA_SEA,2937.0,LA,C.Rozeboom,00-0035942,3rd_down_stop,3.0,26.0,,0.0,-0.4510112851858139
2024,9,2024_09_LA_SEA,4451.0,SEA,E.Jones,00-0036994,3rd_down_stop,3.0,15.0,,0.0,-0.28908292786218226
2024,9,2024_09_LA_SEA,5113.0,LA,O.Speights,00-0039774,4th_down_stop,4.0,1.0,,0.0,-3.7972392274532467
2024,9,2024_09_LV_CIN,1541.0,CIN,L.Wilson,00-0036294,3rd_down_stop,3.0,19.0,,0.0,0.21694933913137238
2024,9,2024_09_MIA_BUF,2739.0,BUF,T.Bernard,00-0037254,3rd_down_stop,3.0,7.0,,0.0,-1.128294712444001
2024,9,2024_09_MIA_BUF,3153.0,BUF,T.Bernard,00-0037254,3rd_down_stop,3.0,5.0,,0.0,-1.1587550678523257
2024,9,2024_09_NE_TEN,1796.0,TEN,K.Murray,00-0036441,3rd_down_stop,3.0,1.0,,0.0,-1.0859380754409358
2024,9,2024_09_NO_CAR,415.0,NO,W.Gay,00-0036362,3rd_down_stop,3.0,5.0,,0.0,-2.250434389570728
2024,9,2024_09_TB_KC,654.0,TB,L.David,00-0029562,3rd_down_stop,3.0,16.0,,0.0,-0.53957290827731
2024,9,2024_09_TB_KC,654.0,TB,V.Jones,00-0037153,3rd_down_stop,3.0,16.0,,0.0,-0.53957290827731
2024,9,2024_09_TB_KC,1822.0,KC,D.Tranquill,00-0035262,3rd_down_stop,3.0,14.0,,0.0,-0.2092172997072339
2024,10,2024_10_ATL_NO,556.0,ATL,N.Landman,00-0037587,4th_down_stop,4.0,2.0,,0.0,-3.045586456079036
2024,10,2024_10_ATL_NO,556.0,ATL,K.Elliss,00-0035316,4th_down_stop,4.0,2.0,,0.0,-3.045586456079036
2024,10,2024_10_BUF_IND,353.0,BUF,T.Bernard,00-0037254,3rd_down_stop,3.0,1.0,,0.0,-1.6126852307934314
2024,10,2024_10_BUF_IND,2999.0,BUF,T.Bernard,00-0037254,3rd_down_stop,3.0,7.0,,0.0,-0.7229260815656744
2024,10,2024_10_BUF_IND,3239.0,IND,Z.Franklin,00-0034431,3rd_down_stop,3.0,1.0,,0.0,-1.1672730531427078
2024,10,2024_10_BUF_IND,4239.0,BUF,N.Morrow,00-0033445,3rd_down_stop,3.0,15.0,,0.0,0.43186489160871133
2024,10,2024_10_CIN_BAL,1557.0,BAL,R.Smith,00-0034874,3rd_down_stop,3.0,7.0,,0.0,-0.2075412874110043
2024,10,2024_10_CIN_BAL,2472.0,CIN,L.Wilson,00-0036294,3rd_down_stop,3.0,19.0,,0.0,0.08596035465598106
2024,10,2024_10_CIN_BAL,2756.0,CIN,L.Wilson,00-0036294,3rd_down_stop,3.0,11.0,,0.0,-1.592575179412961
2024,10,2024_10_DEN_KC,3000.0,KC,N.Bolton,00-0036621,3rd_down_stop,3.0,11.0,,0.0,-1.8778434644918889
2024,10,2024_10_DET_HOU,3112.0,HOU,A.Al-Shaair,00-0035166,3rd_down_stop,3.0,7.0,,0.0,-1.392340856604278
2024,10,2024_10_MIN_JAX,2062.0,MIN,B.Cashman,00-0035276,3rd_down_stop,3.0,18.0,,0.0,0.07000349106965587
2024,10,2024_10_MIN_JAX,3343.0,JAX,F.Oluokun,00-0034413,3rd_down_stop,3.0,6.0,,0.0,-0.1422030673129484
2024,10,2024_10_NE_CHI,3467.0,NE,J.Tavai,00-0035240,3rd_down_stop,3.0,8.0,,0.0,-0.6786724724806845
2024,10,2024_10_NYG_CAR,107.0,NYG,B.Okereke,00-0035687,3rd_down_stop,3.0,13.0,,0.0,-0.20715497387573123
2024,10,2024_10_NYJ_ARI,1900.0,NYJ,Qi.Williams,00-0035680,3rd_down_stop,3.0,1.0,,0.0,-1.4991069323732518
2024,10,2024_10_NYJ_ARI,1900.0,NYJ,S.Eguavoen,00-0034902,3rd_down_stop,3.0,1.0,,0.0,-1.4991069323732518
2024,10,2024_10_PHI_DAL,318.0,DAL,E.Kendricks,00-0031554,3rd_down_stop,3.0,33.0,,0.0,-0.5548571110703051
2024,10,2024_10_PHI_DAL,318.0,DAL,D.Overshown,00-0038556,3rd_down_stop,3.0,33.0,,0.0,-0.5548571110703051
2024,10,2024_10_PHI_DAL,4264.0,DAL,N.Vigil,00-0032892,3rd_down_stop,3.0,3.0,,0.0,-1.176559061394073
2024,10,2024_10_PIT_WAS,695.0,WAS,B.Wagner,00-0029255,3rd_down_stop,3.0,18.0,,0.0,-0.750790816731751
2024,10,2024_10_PIT_WAS,3577.0,WAS,F.Luvu,00-0034302,3rd_down_stop,3.0,1.0,,0.0,-1.631843826500699
2024,10,2024_10_SF_TB,350.0,SF,F.Warner,00-0034815,3rd_down_stop,3.0,5.0,,0.0,-1.2881899811327457
2024,10,2024_10_SF_TB,1487.0,SF,D.Campbell,00-0032401,3rd_down_stop,3.0,5.0,,0.0,-1.3262075013466168
2024,10,2024_10_TEN_LAC,335.0,TEN,J.Gibbens,00-0037596,3rd_down_stop,3.0,5.0,,0.0,-1.6778929978968002
2024,10,2024_10_TEN_LAC,1619.0,TEN,K.Murray,00-0036441,3rd_down_stop,3.0,2.0,,0.0,-0.9211539471289143
2024,10,2024_10_TEN_LAC,3248.0,LAC,D.Henley,00-0038553,3rd_down_stop,3.0,23.0,,0.0,-0.751554639544338
2024,11,2024_11_ATL_DEN,2860.0,ATL,N.Landman,00-0037587,3rd_down_stop,3.0,10.0,,0.0,-1.7038276179227978
2024,11,2024_11_BAL_PIT,794.0,BAL,R.Smith,00-0034874,3rd_down_stop,3.0,1.0,,0.0,-1.8025202630087733
2024,11,2024_11_BAL_PIT,2644.0,BAL,R.Smith,00-0034874,3rd_down_stop,3.0,3.0,,0.0,-2.7412253846276275
2024,11,2024_11_CIN_LAC,1735.0,CIN,A.Davis-Gaither,00-0036298,3rd_down_stop,3.0,1.0,,0.0,-0.9753693604725413
2024,11,2024_11_CLE_NO,181.0,NO,D.Davis,00-0029607,4th_down_stop,4.0,1.0,,0.0,-3.727775448001921
2024,11,2024_11_CLE_NO,3201.0,CLE,J.Hicks,00-0032129,3rd_down_stop,3.0,10.0,,0.0,0.3470633376855403
2024,11,2024_11_CLE_NO,4229.0,NO,D.Davis,00-0029607,3rd_down_stop,3.0,7.0,,0.0,-0.98614932957571
2024,11,2024_11_GB_CHI,626.0,CHI,T.Edmunds,00-0034673,3rd_down_stop,3.0,11.0,,0.0,-0.7089644111692905
2024,11,2024_11_GB_CHI,1005.0,GB,Q.Walker,00-0037074,3rd_down_stop,3.0,20.0,,0.0,-0.6779456338845193
2024,11,2024_11_GB_CHI,1987.0,GB,Q.Walker,00-0037074,3rd_down_stop,3.0,9.0,,0.0,-0.24617842433508486
2024,11,2024_11_GB_CHI,2531.0,GB,E.Cooper,00-0039850,3rd_down_stop,3.0,2.0,,0.0,-1.2947590255644172
2024,11,2024_11_HOU_DAL,1944.0,DAL,D.Overshown,00-0038556,3rd_down_stop,3.0,10.0,,0.0,-0.9092054138891399
2024,11,2024_11_IND_NYJ,1078.0,IND,E.Speed,00-0034987,3rd_down_stop,3.0,8.0,,0.0,-0.3539232932962477
2024,11,2024_11_IND_NYJ,1175.0,NYJ,Qi.Williams,00-0035680,3rd_down_stop,3.0,2.0,,0.0,-0.9612193312495947
2024,11,2024_11_IND_NYJ,3673.0,IND,Z.Franklin,00-0034431,3rd_down_stop,3.0,10.0,,0.0,-0.2710007693823062
2024,11,2024_11_JAX_DET,1812.0,DET,J.Campbell,00-0039018,3rd_down_stop,3.0,4.0,,0.0,-0.7789430759148672
2024,11,2024_11_JAX_DET,3403.0,DET,J.Campbell,00-0039018,4th_down_stop,4.0,7.0,,0.0,-3.955718190409243
2024,11,2024_11_KC_BUF,430.0,BUF,T.Bernard,00-0037254,3rd_down_stop,3.0,5.0,,0.0,-1.7668744884431362
2024,11,2024_11_KC_BUF,4181.0,KC,D.Tranquill,00-0035262,3rd_down_stop,3.0,2.0,,0.0,-1.1329070868669078
2024,11,2024_11_LA_NE,3852.0,LA,C.Rozeboom,00-0035942,3rd_down_stop,3.0,1.0,,0.0,-0.875629085174296
2024,11,2024_11_LV_MIA,809.0,MIA,A.Walker,00-0033570,3rd_down_stop,3.0,17.0,,0.0,-0.09986210408494323
2024,11,2024_11_LV_MIA,2613.0,MIA,A.Walker,00-0033570,3rd_down_stop,3.0,8.0,,0.0,-0.33552478393539786
2024,11,2024_11_LV_MIA,3926.0,LV,R.Spillane,00-0034720,3rd_down_stop,3.0,10.0,,0.0,1.016592080559608
2024,11,2024_11_MIN_TEN,214.0,MIN,B.Cashman,00-0035276,3rd_down_stop,3.0,6.0,,0.0,-2.225630722241476
2024,11,2024_11_MIN_TEN,1288.0,TEN,J.Baker,00-0034797,3rd_down_stop,3.0,7.0,,0.0,-0.04437607602449134
2024,11,2024_11_MIN_TEN,2363.0,TEN,K.Murray,00-0036441,3rd_down_stop,3.0,5.0,,0.0,-1.3917840924113989
2024,11,2024_11_MIN_TEN,4109.0,MIN,B.Cashman,00-0035276,3rd_down_stop,3.0,11.0,,0.0,-0.8421576159307733
2024,11,2024_11_SEA_SF,1779.0,SF,F.Warner,00-0034815,3rd_down_stop,3.0,12.0,,0.0,-0.22025588375981897
2024,11,2024_11_SEA_SF,1779.0,SF,D.Campbell,00-0032401,3rd_down_stop,3.0,12.0,,0.0,-0.22025588375981897
2024,11,2024_11_SEA_SF,3261.0,SF,F.Warner,00-0034815,3rd_down_stop,3.0,5.0,,0.0,-0.8193323584273458
2024,11,2024_11_SEA_SF,3429.0,SF,D.Winters,00-0038625,4th_down_stop,4.0,1.0,,0.0,-2.8662286928738467
2024,11,2024_11_WAS_PHI,595.0,WAS,F.Luvu,00-0034302,3rd_down_stop,3.0,8.0,,0.0,-1.4036360322497785
2024,11,2024_11_WAS_PHI,953.0,PHI,N.Dean,00-0037615,3rd_down_stop,3.0,6.0,,0.0,-1.076915766345337
2024,11,2024_11_WAS_PHI,1132.0,WAS,B.Wagner,00-0029255,3rd_down_stop,3.0,17.0,,0.0,-0.019520336183288967
2024,11,2024_11_WAS_PHI,4074.0,PHI,Z.Baun,00-0036418,3rd_down_stop,3.0,5.0,,0.0,-0.6785015548230149
2024,11,2024_11_WAS_PHI,4074.0,PHI,N.Dean,00-0037615,3rd_down_stop,3.0,5.0,,0.0,-0.6785015548230149
2024,12,2024_12_ARI_SEA,134.0,SEA,T.Knight,00-0039815,3rd_down_stop,3.0,14.0,,0.0,-1.1702457726933062
2024,12,2024_12_BAL_LAC,993.0,BAL,M.Harrison,00-0036280,3rd_down_stop,3.0,1.0,,0.0,-1.2869454373139888
2024,12,2024_12_BAL_LAC,1534.0,BAL,C.Board,00-0034787,3rd_down_stop,3.0,11.0,,0.0,-0.5535623331088573
2024,12,2024_12_DAL_WAS,704.0,WAS,F.Luvu,00-0034302,3rd_down_stop,3.0,2.0,,0.0,-1.9035127108061651
2024,12,2024_12_DEN_LV,1860.0,LV,R.Spillane,00-0034720,3rd_down_stop,3.0,15.0,,0.0,-0.674792135795784
2024,12,2024_12_DET_IND,711.0,DET,T.Nowaske,00-0038660,3rd_down_stop,3.0,19.0,,0.0,-1.0124185064341873
2024,12,2024_12_DET_IND,2213.0,IND,Z.Franklin,00-0034431,3rd_down_stop,3.0,2.0,,0.0,-0.8138183411210775
2024,12,2024_12_DET_IND,2235.0,IND,G.Stuard,00-0036672,4th_down_stop,4.0,1.0,,0.0,-4.642578974366188
2024,12,2024_12_DET_IND,3760.0,IND,Z.Franklin,00-0034431,3rd_down_stop,3.0,14.0,,0.0,-0.38747293092300694
2024,12,2024_12_DET_IND,3939.0,DET,J.Campbell,00-0039018,3rd_down_stop,3.0,10.0,,0.0,-0.8691720837377943
2024,12,2024_12_KC_CAR,2651.0,KC,N.Bolton,00-0036621,3rd_down_stop,3.0,1.0,,0.0,-1.2567093154648319
2024,12,2024_12_MIN_CHI,3907.0,CHI,T.Edwards,00-0035386,3rd_down_stop,3.0,1.0,,0.0,-1.1828100091511278
2024,12,2024_12_NE_MIA,132.0,MIA,A.Walker,00-0033570,3rd_down_stop,3.0,8.0,,0.0,-0.3225065181031823
2024,12,2024_12_PHI_LA,2027.0,PHI,N.Dean,00-0037615,3rd_down_stop,3.0,13.0,,0.0,-0.28649029042571783
2024,12,2024_12_PHI_LA,3986.0,LA,C.Rozeboom,00-0035942,3rd_down_stop,3.0,1.0,,0.0,-1.228650278178975
2024,12,2024_12_PIT_CLE,373.0,PIT,P.Queen,00-0036323,3rd_down_stop,3.0,12.0,,0.0,-0.47098019206896424
2024,12,2024_12_PIT_CLE,972.0,CLE,J.Hicks,00-0032129,3rd_down_stop,3.0,10.0,,0.0,-0.9041530151152983
2024,12,2024_12_PIT_CLE,1270.0,PIT,P.Queen,00-0036323,3rd_down_stop,3.0,7.0,,0.0,0.10214087332133204
2024,12,2024_12_PIT_CLE,1593.0,PIT,P.Queen,00-0036323,3rd_down_stop,3.0,7.0,,0.0,-0.48309396244724434
2024,12,2024_12_PIT_CLE,2321.0,CLE,J.Hicks,00-0032129,3rd_down_stop,3.0,1.0,,0.0,-1.3835114320972934
2024,12,2024_12_PIT_CLE,2593.0,PIT,P.Wilson,00-0039741,3rd_down_stop,3.0,5.0,,0.0,-0.4073180729756132
2024,12,2024_12_SF_GB,497.0,GB,Q.Walker,00-0037074,3rd_down_stop,3.0,5.0,,0.0,-1.6116242101415992
2024,12,2024_12_SF_GB,2941.0,SF,D.Campbell,00-0032401,3rd_down_stop,3.0,25.0,,0.0,0.3168732710182667
2024,12,2024_12_SF_GB,3885.0,SF,F.Warner,00-0034815,4th_down_stop,4.0,2.0,,0.0,-2.8601422290084884
2024,12,2024_12_TB_NYG,758.0,TB,L.David,00-0029562,4th_down_stop,4.0,1.0,,0.0,-3.5238724402152
2024,12,2024_12_TB_NYG,899.0,NYG,B.Okereke,00-0035687,3rd_down_stop,3.0,1.0,,0.0,-2.646398064982876
2024,12,2024_12_TB_NYG,3667.0,NYG,D.Muasau,00-0039829,3rd_down_stop,3.0,2.0,,0.0,-0.9109518997720443
2024,12,2024_12_TB_NYG,3696.0,NYG,M.McFadden,00-0037259,4th_down_stop,4.0,1.0,,0.0,-2.931023617682513
2024,12,2024_12_TEN_HOU,713.0,HOU,H.To'oTo'o,00-0038599,3rd_down_stop,3.0,3.0,,0.0,-1.154645886970684
2024,12,2024_12_TEN_HOU,1894.0,HOU,A.Al-Shaair,00-0035166,3rd_down_stop,3.0,9.0,,0.0,-1.6449687816784717
2024,12,2024_12_TEN_HOU,3084.0,HOU,A.Al-Shaair,00-0035166,3rd_down_stop,3.0,27.0,,0.0,-0.14515797095373273
2024,13,2024_13_ARI_MIN,272.0,MIN,B.Cashman,00-0035276,3rd_down_stop,3.0,6.0,,0.0,-0.9954996652682597
2024,13,2024_13_ARI_MIN,1048.0,ARI,K.White,00-0034375,3rd_down_stop,3.0,4.0,,0.0,-2.346699185669422
2024,13,2024_13_ARI_MIN,1431.0,MIN,B.Cashman,00-0035276,3rd_down_stop,3.0,12.0,,0.0,-0.4503651015207706
2024,13,2024_13_ARI_MIN,1666.0,ARI,Ma.Wilson,00-0035144,3rd_down_stop,3.0,6.0,,0.0,-1.666657134200783
2024,13,2024_13_CHI_DET,1876.0,DET,J.Campbell,00-0039018,3rd_down_stop,3.0,13.0,,0.0,-0.35031437897123396
2024,13,2024_13_CHI_DET,1983.0,CHI,T.Edwards,00-0035386,3rd_down_stop,3.0,7.0,,0.0,-0.4923386651207693
2024,13,2024_13_CLE_DEN,105.0,CLE,J.Hicks,00-0032129,3rd_down_stop,3.0,3.0,,0.0,-1.6744984108954668
2024,13,2024_13_CLE_DEN,2965.0,DEN,C.Barton,00-0035672,3rd_down_stop,3.0,8.0,,0.0,-0.8519120118580759
2024,13,2024_13_CLE_DEN,3330.0,CLE,J.Hicks,00-0032129,3rd_down_stop,3.0,17.0,,0.0,-0.17333449516445398
2024,13,2024_13_CLE_DEN,3468.0,DEN,J.Strnad,00-0036428,3rd_down_stop,3.0,10.0,,0.0,-1.6312794792465866
2024,13,2024_13_IND_NE,1030.0,IND,E.Speed,00-0034987,3rd_down_stop,3.0,1.0,,0.0,-2.7627329785453556
2024,13,2024_13_IND_NE,2056.0,IND,Z.Franklin,00-0034431,3rd_down_stop,3.0,3.0,,0.0,-1.1776685692417561
2024,13,2024_13_LAC_ATL,2444.0,ATL,T.Andersen,00-0037810,3rd_down_stop,3.0,19.0,,0.0,-0.08591812336817384
2024,13,2024_13_LAC_ATL,2598.0,LAC,T.Dye,00-0036338,3rd_down_stop,3.0,2.0,,0.0,-1.3391011662315577
2024,13,2024_13_LAC_ATL,3631.0,LAC,D.Henley,00-0038553,3rd_down_stop,3.0,1.0,,0.0,-2.093542236718349
2024,13,2024_13_LA_NO,127.0,LA,C.Rozeboom,00-0035942,3rd_down_stop,3.0,1.0,,0.0,-1.95108408969827
2024,13,2024_13_LA_NO,3523.0,LA,O.Speights,00-0039774,3rd_down_stop,3.0,3.0,,0.0,-0.9052696222788654
2024,13,2024_13_LV_KC,4276.0,LV,R.Spillane,00-0034720,3rd_down_stop,3.0,8.0,,0.0,-0.7050276366062462
2024,13,2024_13_MIA_GB,1118.0,GB,I.McDuffie,00-0036658,3rd_down_stop,3.0,6.0,,0.0,-1.0161062986589968
2024,13,2024_13_MIA_GB,3421.0,GB,Q.Walker,00-0037074,4th_down_stop,4.0,1.0,,0.0,-4.405671307700686
2024,13,2024_13_MIA_GB,4274.0,GB,Q.Walker,00-0037074,3rd_down_stop,3.0,15.0,,0.0,0.09627307706978172
2024,13,2024_13_MIA_GB,4376.0,GB,Er.Wilson,00-0033336,3rd_down_stop,3.0,14.0,,0.0,-0.030218523228541017
2024,13,2024_13_NYG_DAL,2737.0,DAL,E.Kendricks,00-0031554,3rd_down_stop,3.0,2.0,,0.0,-4.844156050821766
2024,13,2024_13_NYG_DAL,4218.0,NYG,B.Okereke,00-0035687,3rd_down_stop,3.0,7.0,,0.0,-2.03419689508155
2024,13,2024_13_PHI_BAL,888.0,BAL,R.Smith,00-0034874,3rd_down_stop,3.0,7.0,,0.0,-2.001010258216411
2024,13,2024_13_PHI_BAL,1033.0,PHI,N.Dean,00-0037615,3rd_down_stop,3.0,19.0,,0.0,-0.7371978224255145
2024,13,2024_13_PHI_BAL,1033.0,PHI,Z.Baun,00-0036418,3rd_down_stop,3.0,19.0,,0.0,-0.7371978224255145
2024,13,2024_13_PHI_BAL,1575.0,PHI,Z.Baun,00-0036418,3rd_down_stop,3.0,2.0,,0.0,-2.031127654481679
2024,13,2024_13_PHI_BAL,2541.0,PHI,Z.Baun,00-0036418,3rd_down_stop,3.0,5.0,,0.0,-2.699518684527452
2024,13,2024_13_PHI_BAL,3369.0,PHI,N.Dean,00-0037615,3rd_down_stop,3.0,10.0,,0.0,-1.073693958343938
2024,13,2024_13_PHI_BAL,3861.0,BAL,R.Smith,00-0034874,3rd_down_stop,3.0,1.0,,0.0,-1.237833149265498
2024,13,2024_13_PIT_CIN,2575.0,CIN,A.Davis-Gaither,00-0036298,3rd_down_stop,3.0,8.0,,0.0,-0.6126520031847886
2024,13,2024_13_SEA_NYJ,2822.0,NYJ,Qi.Williams,00-0035680,4th_down_stop,4.0,1.0,,0.0,-5.3412392772734165
2024,13,2024_13_SF_BUF,134.0,SF,F.Warner,00-0034815,3rd_down_stop,3.0,13.0,,0.0,-0.10073593258857727
2024,13,2024_13_SF_BUF,1065.0,BUF,T.Bernard,00-0037254,3rd_down_stop,3.0,14.0,,0.0,-0.11808259501837792
2024,13,2024_13_SF_BUF,2530.0,BUF,T.Bernard,00-0037254,3rd_down_stop,3.0,10.0,,0.0,-1.1849211959633976
2024,13,2024_13_TB_CAR,3139.0,CAR,J.Jewell,00-0034368,3rd_down_stop,3.0,9.0,,0.0,-1.8438589675351977
2024,13,2024_13_TB_CAR,4188.0,CAR,J.Jewell,00-0034368,3rd_down_stop,3.0,1.0,,0.0,-2.6581594255156906
2024,13,2024_13_TEN_WAS,419.0,WAS,F.Luvu,00-0034302,3rd_down_stop,3.0,4.0,,0.0,-1.7045368927065283
2024,13,2024_13_TEN_WAS,3749.0,TEN,K.Murray,00-0036441,3rd_down_stop,3.0,2.0,,0.0,-2.31637949860806
2024,14,2024_14_ATL_MIN,255.0,MIN,B.Cashman,00-0035276,3rd_down_stop,3.0,6.0,,0.0,-0.15690950583666563
2024,14,2024_14_ATL_MIN,2672.0,MIN,B.Cashman,00-0035276,3rd_down_stop,3.0,14.0,,0.0,-0.36400995332522745
2024,14,2024_14_BUF_LA,3242.0,BUF,T.Bernard,00-0037254,3rd_down_stop,3.0,10.0,,0.0,-0.700214063283056
2024,14,2024_14_BUF_LA,3841.0,BUF,T.Bernard,00-0037254,3rd_down_stop,3.0,16.0,,0.0,0.2036691281828098
2024,14,2024_14_CAR_PHI,646.0,PHI,Z.Baun,00-0036418,3rd_down_stop,3.0,7.0,,0.0,-2.174633565591648
2024,14,2024_14_CAR_PHI,737.0,CAR,J.Jewell,00-0034368,3rd_down_stop,3.0,2.0,,0.0,-1.9957805927842855
2024,14,2024_14_CAR_PHI,875.0,PHI,Z.Baun,00-0036418,3rd_down_stop,3.0,13.0,,0.0,-0.1908766915857405
2024,14,2024_14_CAR_PHI,2585.0,PHI,Z.Baun,00-0036418,3rd_down_stop,3.0,8.0,,0.0,-0.4716222569695674
2024,14,2024_14_CAR_PHI,3318.0,PHI,N.Dean,00-0037615,3rd_down_stop,3.0,8.0,,0.0,-0.2471989260520786
2024,14,2024_14_CAR_PHI,3597.0,CAR,J.Jewell,00-0034368,3rd_down_stop,3.0,13.0,,0.0,-1.121570028772112
2024,14,2024_14_CHI_SF,1132.0,CHI,T.Edwards,00-0035386,3rd_down_stop,3.0,8.0,,0.0,0.34268619178328663
2024,14,2024_14_CIN_DAL,3575.0,DAL,M.Liufau,00-0039352,3rd_down_stop,3.0,13.0,,0.0,-1.3617649094667286
2024,14,2024_14_CIN_DAL,4098.0,DAL,M.Liufau,00-0039352,3rd_down_stop,3.0,19.0,,0.0,-1.4373867148533463
2024,14,2024_14_CLE_PIT,936.0,PIT,P.Queen,00-0036323,3rd_down_stop,3.0,13.0,,0.0,-0.9145453518722206
2024,14,2024_14_CLE_PIT,2937.0,PIT,E.Roberts,00-0032442,4th_down_stop,4.0,1.0,,0.0,-3.5918882712721825
2024,14,2024_14_GB_DET,2875.0,GB,Q.Walker,00-0037074,3rd_down_stop,3.0,4.0,,0.0,-1.7282668916741386
2024,14,2024_14_GB_DET,3143.0,GB,I.McDuffie,00-0036658,4th_down_stop,4.0,1.0,,0.0,-3.9482782679842785
2024,14,2024_14_GB_DET,3882.0,DET,E.Turner,00-0034490,3rd_down_stop,3.0,16.0,,0.0,-0.17722191192637027
2024,14,2024_14_JAX_TEN,863.0,TEN,L.Gifford,00-0035413,3rd_down_stop,3.0,13.0,,0.0,-0.8956066626124084
2024,14,2024_14_JAX_TEN,2232.0,TEN,L.Gifford,00-0035413,3rd_down_stop,3.0,8.0,,0.0,-0.5484772964846343
2024,14,2024_14_LAC_KC,1872.0,KC,N.Bolton,00-0036621,3rd_down_stop,3.0,20.0,,0.0,-0.16525774961337447
2024,14,2024_14_LV_TB,498.0,TB,L.David,00-0029562,3rd_down_stop,3.0,10.0,,0.0,-1.9084393784869462
2024,14,2024_14_LV_TB,1547.0,LV,R.Spillane,00-0034720,3rd_down_stop,3.0,23.0,,0.0,0.12045997008681297
2024,14,2024_14_NO_NYG,548.0,NYG,I.Simmons,00-0036356,3rd_down_stop,3.0,15.0,,0.0,-0.32017840515531004
2024,14,2024_14_NO_NYG,1433.0,NYG,M.McFadden,00-0037259,3rd_down_stop,3.0,7.0,,0.0,-0.9895590685773641
2024,14,2024_14_NO_NYG,4203.0,NYG,M.McFadden,00-0037259,3rd_down_stop,3.0,1.0,,0.0,-1.5513465722324327
2024,14,2024_14_NO_NYG,4518.0,NYG,D.Muasau,00-0039829,3rd_down_stop,3.0,19.0,,0.0,-0.8760526612168178
2024,14,2024_14_NYJ_MIA,1478.0,NYJ,J.Sherwood,00-0036500,3rd_down_stop,3.0,4.0,,0.0,-1.3273938703377826
2024,14,2024_14_NYJ_MIA,2591.0,NYJ,Qi.Williams,00-0035680,3rd_down_stop,3.0,4.0,,0.0,-1.6560344533063471
2024,14,2024_14_NYJ_MIA,3049.0,MIA,J.Brooks,00-0036409,3rd_down_stop,3.0,4.0,,0.0,-1.439967658599869
2024,14,2024_14_SEA_ARI,1426.0,ARI,K.White,00-0034375,3rd_down_stop,3.0,20.0,,0.0,-0.6417911937460303
2024,14,2024_14_SEA_ARI,2417.0,SEA,T.Knight,00-0039815,3rd_down_stop,3.0,2.0,,0.0,-1.288586956448853
2024,14,2024_14_SEA_ARI,3349.0,SEA,E.Jones,00-0036994,3rd_down_stop,3.0,14.0,,0.0,-0.7754098200239241
2024,14,2024_14_SEA_ARI,3508.0,ARI,K.White,00-0034375,3rd_down_stop,3.0,25.0,,0.0,-0.249252985464409
2024,14,2024_14_SEA_ARI,4110.0,ARI,Ma.Wilson,00-0035144,3rd_down_stop,3.0,11.0,,0.0,0.4821810795502244
2024,14,2024_14_SEA_ARI,4110.0,ARI,K.White,00-0034375,3rd_down_stop,3.0,11.0,,0.0,0.4821810795502244
2024,15,2024_15_ATL_LV,134.0,ATL,K.Elliss,00-0035316,3rd_down_stop,3.0,2.0,,0.0,-1.4272497273050249
2024,15,2024_15_ATL_LV,292.0,ATL,J.Bertrand,00-0039370,3rd_down_stop,3.0,23.0,,0.0,-3.201439577853307
2024,15,2024_15_ATL_LV,2425.0,LV,R.Spillane,00-0034720,3rd_down_stop,3.0,11.0,,0.0,-0.567078236490488
2024,15,2024_15_BAL_NYG,920.0,BAL,M.Harrison,00-0036280,4th_down_stop,4.0,1.0,,0.0,-3.458175635547377
2024,15,2024_15_BAL_NYG,3767.0,NYG,D.Muasau,00-0039829,3rd_down_stop,3.0,15.0,,0.0,-0.29804248036816716
2024,15,2024_15_CHI_MIN,104.0,MIN,B.Cashman,00-0035276,3rd_down_stop,3.0,2.0,,0.0,-1.4443692765198648
2024,15,2024_15_CHI_MIN,1292.0,MIN,B.Cashman,00-0035276,3rd_down_stop,3.0,4.0,,0.0,-1.1305438871495426
2024,15,2024_15_CHI_MIN,1552.0,MIN,B.Cashman,00-0035276,4th_down_stop,4.0,1.0,,0.0,-3.5605890952865593
2024,15,2024_15_CHI_MIN,4130.0,CHI,T.Edwards,00-0035386,3rd_down_stop,3.0,8.0,,0.0,-2.6150516658090055
2024,15,2024_15_CHI_MIN,4511.0,CHI,T.Edwards,00-0035386,3rd_down_stop,3.0,10.0,,0.0,0.877611131706657
2024,15,2024_15_GB_SEA,423.0,GB,E.Cooper,00-0039850,3rd_down_stop,3.0,4.0,,0.0,-2.5452294726856053
2024,15,2024_15_GB_SEA,2079.0,GB,E.Cooper,00-0039850,3rd_down_stop,3.0,29.0,,0.0,-0.7790304371155798
2024,15,2024_15_GB_SEA,2561.0,SEA,T.Knight,00-0039815,3rd_down_stop,3.0,10.0,,0.0,-0.7205876193431138
2024,15,2024_15_IND_DEN,1133.0,DEN,J.Strnad,00-0036428,3rd_down_stop,3.0,6.0,,0.0,-1.0558494784636423
2024,15,2024_15_IND_DEN,2605.0,DEN,J.Strnad,00-0036428,3rd_down_stop,3.0,15.0,,0.0,-0.8467256333678961
2024,15,2024_15_IND_DEN,4478.0,DEN,J.Strnad,00-0036428,3rd_down_stop,3.0,11.0,,0.0,0.49145032226806507
2024,15,2024_15_KC_CLE,956.0,CLE,J.Hicks,00-0032129,3rd_down_stop,3.0,2.0,,0.0,-1.1236206099856645
2024,15,2024_15_LA_SF,1777.0,SF,F.Warner,00-0034815,3rd_down_stop,3.0,6.0,,0.0,-0.7472718533749099
2024,15,2024_15_LA_SF,3106.0,SF,F.Warner,00-0034815,3rd_down_stop,3.0,2.0,,0.0,-1.7620104342078586
2024,15,2024_15_MIA_HOU,180.0,HOU,H.To'oTo'o,00-0038599,3rd_down_stop,3.0,9.0,,0.0,-1.4206370585598052
2024,15,2024_15_MIA_HOU,1672.0,HOU,H.To'oTo'o,00-0038599,3rd_down_stop,3.0,10.0,,0.0,-0.6932257934751958
2024,15,2024_15_MIA_HOU,2796.0,HOU,C.Harris,00-0037823,3rd_down_stop,3.0,9.0,,0.0,-0.9555703782243654
2024,15,2024_15_NE_ARI,282.0,ARI,K.White,00-0034375,3rd_down_stop,3.0,10.0,,0.0,-0.5014431077760331
2024,15,2024_15_NE_ARI,446.0,NE,C.Elliss,00-0036813,3rd_down_stop,3.0,4.0,,0.0,-1.698276331295876
2024,15,2024_15_NE_ARI,559.0,ARI,K.White,00-0034375,3rd_down_stop,3.0,19.0,,0.0,-0.1282177483662963
2024,15,2024_15_NE_ARI,2556.0,ARI,K.White,00-0034375,4th_down_stop,4.0,1.0,,0.0,-4.335372193832882
2024,15,2024_15_NE_ARI,2556.0,ARI,K.Barnes,00-0035961,4th_down_stop,4.0,1.0,,0.0,-4.335372193832882
2024,15,2024_15_NYJ_JAX,1637.0,NYJ,J.Sherwood,00-0036500,3rd_down_stop,3.0,12.0,,0.0,-0.538976100273429
2024,15,2024_15_PIT_PHI,1206.0,PHI,N.Dean,00-0037615,3rd_down_stop,3.0,18.0,,0.0,-0.6298849489539862
2024,15,2024_15_PIT_PHI,3704.0,PIT,P.Wilson,00-0039741,3rd_down_stop,3.0,13.0,,0.0,0.6046438222401775
2024,15,2024_15_TB_LAC,1185.0,TB,J.Russell,00-0037491,3rd_down_stop,3.0,26.0,,0.0,-0.18032858486668646
2024,15,2024_15_TB_LAC,2624.0,LAC,D.Henley,00-0038553,3rd_down_stop,3.0,9.0,,0.0,-1.6480361079245904
2024,15,2024_15_TB_LAC,3994.0,LAC,T.Dye,00-0036338,3rd_down_stop,3.0,6.0,,0.0,-0.029190846777055413
2024,16,2024_16_ARI_CAR,3696.0,ARI,K.White,00-0034375,3rd_down_stop,3.0,16.0,,0.0,-0.3117422559298575
2024,16,2024_16_ARI_CAR,4389.0,ARI,K.White,00-0034375,3rd_down_stop,3.0,2.0,,0.0,-1.8802897257264704
2024,16,2024_16_CLE_CIN,1713.0,CLE,J.Hicks,00-0032129,3rd_down_stop,3.0,18.0,,0.0,-0.06791293096439843
2024,16,2024_16_DEN_LAC,114.0,DEN,C.Barton,00-0035672,3rd_down_stop,3.0,3.0,,0.0,-2.030336163006723
2024,16,2024_16_DEN_LAC,4017.0,LAC,D.Henley,00-0038553,3rd_down_stop,3.0,13.0,,0.0,0.2163195889443159
2024,16,2024_16_DET_CHI,1192.0,DET,J.Campbell,00-0039018,3rd_down_stop,3.0,20.0,,0.0,-0.6217266353778541
2024,16,2024_16_DET_CHI,3309.0,DET,J.Campbell,00-0039018,3rd_down_stop,3.0,12.0,,0.0,-0.5886204629205167
2024,16,2024_16_HOU_KC,2833.0,HOU,N.Hewitt,00-0031740,3rd_down_stop,3.0,1.0,,0.0,-1.7363675564993173
2024,16,2024_16_JAX_LV,4142.0,JAX,F.Oluokun,00-0034413,3rd_down_stop,3.0,16.0,,0.0,-0.5948068379657343
2024,16,2024_16_LA_NYJ,1135.0,LA,O.Speights,00-0039774,4th_down_stop,4.0,1.0,,0.0,-3.3406678203027695
2024,16,2024_16_LA_NYJ,2189.0,LA,C.Rozeboom,00-0035942,3rd_down_stop,3.0,16.0,,0.0,0.003527244203723967
2024,16,2024_16_MIN_SEA,1545.0,SEA,E.Jones,00-0036994,3rd_down_stop,3.0,20.0,,0.0,0.01827910847126457
2024,16,2024_16_NE_BUF,3926.0,BUF,T.Bernard,00-0037254,3rd_down_stop,3.0,1.0,,0.0,-1.4279656829312444
2024,16,2024_16_PHI_WAS,117.0,PHI,Z.Baun,00-0036418,3rd_down_stop,3.0,10.0,,0.0,-0.2504092000890523
2024,16,2024_16_PHI_WAS,765.0,PHI,N.Dean,00-0037615,3rd_down_stop,3.0,12.0,,0.0,-1.0986827476881444
2024,16,2024_16_PHI_WAS,2279.0,WAS,F.Luvu,00-0034302,3rd_down_stop,3.0,1.0,,0.0,-1.8711810790700838
2024,16,2024_16_PIT_BAL,2351.0,PIT,E.Roberts,00-0032442,3rd_down_stop,3.0,1.0,,0.0,-2.2637836933135986
2024,16,2024_16_SF_MIA,418.0,MIA,J.Brooks,00-0036409,3rd_down_stop,3.0,23.0,,0.0,-0.4678779379464686
2024,16,2024_16_SF_MIA,2128.0,SF,F.Warner,00-0034815,3rd_down_stop,3.0,10.0,,0.0,-0.4265112196444534
2024,16,2024_16_SF_MIA,3589.0,MIA,D.Riley,00-0033549,3rd_down_stop,3.0,4.0,,0.0,-1.4956643264740705
2024,16,2024_16_SF_MIA,3801.0,SF,D.Flannigan-Fowles,00-0035020,3rd_down_stop,3.0,3.0,,0.0,-1.4577110391776678
2024,16,2024_16_TB_DAL,3339.0,TB,L.David,00-0029562,3rd_down_stop,3.0,16.0,,0.0,-1.008145582396537
2024,16,2024_16_TEN_IND,1736.0,TEN,J.Williams,00-0039430,3rd_down_stop,3.0,9.0,,0.0,-0.6870958026838951
2024,16,2024_16_TEN_IND,1736.0,TEN,C.Gray,00-0039858,3rd_down_stop,3.0,9.0,,0.0,-0.6870958026838951
2024,17,2024_17_ARI_LA,1249.0,LA,O.Speights,00-0039774,4th_down_stop,4.0,1.0,,0.0,-4.421533142216504
2024,17,2024_17_BAL_HOU,1297.0,BAL,R.Smith,00-0034874,3rd_down_stop,3.0,12.0,,0.0,0.1287436265265569
2024,17,2024_17_BAL_HOU,2772.0,BAL,R.Smith,00-0034874,4th_down_stop,4.0,7.0,,0.0,-2.909589739749208
2024,17,2024_17_CAR_TB,704.0,CAR,J.Windmon,00-0039457,3rd_down_stop,3.0,3.0,,0.0,-1.9665907658699497
2024,17,2024_17_CAR_TB,2107.0,CAR,C.Wooten,00-0037560,3rd_down_stop,3.0,12.0,,0.0,-0.09977979335235432
2024,17,2024_17_CAR_TB,2452.0,TB,L.David,00-0029562,3rd_down_stop,3.0,24.0,,0.0,-0.6018233047798276
2024,17,2024_17_DAL_PHI,713.0,DAL,E.Kendricks,00-0031554,3rd_down_stop,3.0,15.0,,0.0,-0.7303587347269058
2024,17,2024_17_DAL_PHI,915.0,DAL,E.Kendricks,00-0031554,3rd_down_stop,3.0,3.0,,0.0,-1.158926310716197
2024,17,2024_17_DAL_PHI,3347.0,PHI,Z.Baun,00-0036418,3rd_down_stop,3.0,5.0,,0.0,-5.116302527836524
2024,17,2024_17_DAL_PHI,3883.0,PHI,J.Trotter,00-0039826,3rd_down_stop,3.0,8.0,,0.0,-2.73107062888033
2024,17,2024_17_DAL_PHI,3977.0,DAL,M.Liufau,00-0039352,3rd_down_stop,3.0,4.0,,0.0,-1.3178042563376948
2024,17,2024_17_DET_SF,1693.0,SF,D.Winters,00-0038625,3rd_down_stop,3.0,5.0,,0.0,-1.2068557816674002
2024,17,2024_17_GB_MIN,3139.0,MIN,B.Cashman,00-0035276,3rd_down_stop,3.0,13.0,,0.0,-1.5435821651481092
2024,17,2024_17_IND_NYG,940.0,NYG,I.Simmons,00-0036356,3rd_down_stop,3.0,8.0,,0.0,-0.8218234519831049
2024,17,2024_17_IND_NYG,940.0,NYG,D.Muasau,00-0039829,3rd_down_stop,3.0,8.0,,0.0,-0.8218234519831049
2024,17,2024_17_IND_NYG,2002.0,NYG,D.Muasau,00-0039829,3rd_down_stop,3.0,4.0,,0.0,-1.4699791360180825
2024,17,2024_17_IND_NYG,2493.0,IND,Z.Franklin,00-0034431,3rd_down_stop,3.0,11.0,,0.0,-1.1150692906230688
2024,17,2024_17_IND_NYG,2493.0,IND,E.Speed,00-0034987,3rd_down_stop,3.0,11.0,,0.0,-1.1150692906230688
2024,17,2024_17_IND_NYG,2695.0,NYG,D.Muasau,00-0039829,3rd_down_stop,3.0,1.0,,0.0,-1.2234913026914
2024,17,2024_17_IND_NYG,2964.0,IND,E.Speed,00-0034987,4th_down_stop,4.0,1.0,,0.0,-3.4250805226620287
2024,17,2024_17_KC_PIT,208.0,PIT,P.Queen,00-0036323,3rd_down_stop,3.0,1.0,,0.0,-1.5329733531689271
2024,17,2024_17_KC_PIT,1566.0,PIT,P.Queen,00-0036323,3rd_down_stop,3.0,4.0,,0.0,-0.6797220841981471
2024,17,2024_17_KC_PIT,1779.0,KC,D.Tranquill,00-0035262,3rd_down_stop,3.0,3.0,,0.0,-0.6862315060570836
2024,17,2024_17_KC_PIT,3851.0,PIT,P.Queen,00-0036323,3rd_down_stop,3.0,15.0,,0.0,-0.7724260911345482
2024,17,2024_17_KC_PIT,3851.0,PIT,P.Wilson,00-0039741,3rd_down_stop,3.0,15.0,,0.0,-0.7724260911345482
2024,17,2024_17_LAC_NE,1074.0,NE,M.Mapu,00-0039054,3rd_down_stop,3.0,8.0,,0.0,-0.69804964244884
2024,17,2024_17_LAC_NE,3968.0,NE,J.Tavai,00-0035240,3rd_down_stop,3.0,8.0,,0.0,-0.5059894893000858
2024,17,2024_17_LV_NO,809.0,NO,D.Davis,00-0029607,3rd_down_stop,3.0,7.0,,0.0,-0.38839995418675244
2024,17,2024_17_LV_NO,2806.0,LV,R.Spillane,00-0034720,3rd_down_stop,3.0,10.0,,0.0,-2.2812110232189298
2024,17,2024_17_MIA_CLE,596.0,CLE,J.Hicks,00-0032129,3rd_down_stop,3.0,18.0,,0.0,0.13681043454662123
2024,17,2024_17_MIA_CLE,1050.0,MIA,T.Dodson,00-0035352,3rd_down_stop,3.0,9.0,,0.0,-0.993949825766903
2024,17,2024_17_MIA_CLE,2015.0,MIA,J.Brooks,00-0036409,3rd_down_stop,3.0,9.0,,0.0,-0.554561308992561
2024,17,2024_17_MIA_CLE,3018.0,CLE,M.Diabate,00-0038711,3rd_down_stop,3.0,5.0,,0.0,-0.44926274311728776
2024,17,2024_17_MIA_CLE,3089.0,CLE,D.Bush,00-0035525,4th_down_stop,4.0,1.0,,0.0,-3.8553566010668874
2024,17,2024_17_MIA_CLE,3669.0,MIA,J.Brooks,00-0036409,3rd_down_stop,3.0,24.0,,0.0,-1.0058784098364413
2024,17,2024_17_MIA_CLE,3896.0,CLE,M.Diabate,00-0038711,3rd_down_stop,3.0,17.0,,0.0,-0.4955626835580915
2024,17,2024_17_MIA_CLE,4079.0,MIA,T.Dodson,00-0035352,3rd_down_stop,3.0,20.0,,0.0,0.25819814554415643
2024,17,2024_17_MIA_CLE,4104.0,MIA,J.Brooks,00-0036409,4th_down_stop,4.0,5.0,,0.0,-2.851854086096864
2024,17,2024_17_NYJ_BUF,1131.0,NYJ,Qi.Williams,00-0035680,3rd_down_stop,3.0,21.0,,0.0,-0.6516913822852075
2024,17,2024_17_NYJ_BUF,2065.0,NYJ,J.Sherwood,00-0036500,3rd_down_stop,3.0,10.0,,0.0,-0.08886865727760362
2024,17,2024_17_NYJ_BUF,4135.0,NYJ,J.Sherwood,00-0036500,3rd_down_stop,3.0,3.0,,0.0,-1.6991420224076137
2024,17,2024_17_SEA_CHI,2888.0,CHI,T.Edwards,00-0035386,3rd_down_stop,3.0,3.0,,0.0,-1.4364340109750628
2024,17,2024_17_SEA_CHI,3207.0,CHI,T.Edmunds,00-0034673,3rd_down_stop,3.0,6.0,,0.0,-1.3600792060606182
2024,17,2024_17_TEN_JAX,2543.0,TEN,L.Gifford,00-0035413,3rd_down_stop,3.0,14.0,,0.0,-0.2845327449031174
2024,18,2024_18_BUF_NE,1692.0,BUF,E.Ulofoshio,00-0039878,3rd_down_stop,3.0,16.0,,0.0,-1.2691202053101733
2024,18,2024_18_BUF_NE,3001.0,BUF,J.Andreessen,00-0039763,3rd_down_stop,3.0,16.0,,0.0,-0.3987603167212579
2024,18,2024_18_BUF_NE,3739.0,NE,C.Elliss,00-0036813,4th_down_stop,4.0,5.0,,0.0,-2.4223587848246098
2024,18,2024_18_CHI_GB,283.0,GB,E.Cooper,00-0039850,3rd_down_stop,3.0,21.0,,0.0,-0.8791952314786613
2024,18,2024_18_CHI_GB,2324.0,GB,I.McDuffie,00-0036658,3rd_down_stop,3.0,8.0,,0.0,-1.180641221581027
2024,18,2024_18_CHI_GB,2697.0,GB,E.Cooper,00-0039850,3rd_down_stop,3.0,16.0,,0.0,-0.9403086954262108
2024,18,2024_18_CHI_GB,2905.0,CHI,T.Edmunds,00-0034673,3rd_down_stop,3.0,6.0,,0.0,-1.1655316362157464
2024,18,2024_18_CHI_GB,3898.0,CHI,T.Edmunds,00-0034673,3rd_down_stop,3.0,2.0,,0.0,-1.2657171984027678
2024,18,2024_18_CIN_PIT,674.0,PIT,P.Queen,00-0036323,3rd_down_stop,3.0,6.0,,0.0,-1.5736911627508448
2024,18,2024_18_CIN_PIT,1960.0,CIN,A.Davis-Gaither,00-0036298,3rd_down_stop,3.0,1.0,,0.0,-0.7204191214405
2024,18,2024_18_CLE_BAL,477.0,BAL,R.Smith,00-0034874,3rd_down_stop,3.0,1.0,,0.0,-1.7269519791007042
2024,18,2024_18_CLE_BAL,1344.0,BAL,R.Smith,00-0034874,3rd_down_stop,3.0,7.0,,0.0,-1.0256513553900715
2024,18,2024_18_CLE_BAL,1686.0,BAL,R.Smith,00-0034874,3rd_down_stop,3.0,15.0,,0.0,-0.2861237684264779
2024,18,2024_18_CLE_BAL,3795.0,BAL,C.Board,00-0034787,3rd_down_stop,3.0,7.0,,0.0,-1.1950995097868145
2024,18,2024_18_CLE_BAL,4085.0,CLE,K.Hudson,00-0036343,3rd_down_stop,3.0,2.0,,0.0,-0.7508810346480459
2024,18,2024_18_HOU_TEN,704.0,TEN,L.Gifford,00-0035413,3rd_down_stop,3.0,12.0,,0.0,0.013555118814110756
2024,18,2024_18_HOU_TEN,704.0,TEN,J.Williams,00-0039430,3rd_down_stop,3.0,12.0,,0.0,0.013555118814110756
2024,18,2024_18_HOU_TEN,2257.0,HOU,D.White,00-0035707,3rd_down_stop,3.0,4.0,,0.0,-0.7540118130855262
2024,18,2024_18_HOU_TEN,3313.0,HOU,N.Hewitt,00-0031740,3rd_down_stop,3.0,13.0,,0.0,-0.6931591276079416
2024,18,2024_18_HOU_TEN,3409.0,TEN,L.Gifford,00-0035413,3rd_down_stop,3.0,3.0,,0.0,-1.5767949062865227
2024,18,2024_18_JAX_IND,1386.0,IND,E.Speed,00-0034987,3rd_down_stop,3.0,13.0,,0.0,-0.9524498390965164
2024,18,2024_18_JAX_IND,4073.0,IND,E.Speed,00-0034987,3rd_down_stop,3.0,8.0,,0.0,-0.7433863973742698
2024,18,2024_18_JAX_IND,4706.0,IND,Z.Franklin,00-0034431,3rd_down_stop,3.0,6.0,,0.0,-1.6888354662805796
2024,18,2024_18_KC_DEN,506.0,KC,Ca.Jones,00-0038513,3rd_down_stop,3.0,2.0,,0.0,-1.3246137495152652
2024,18,2024_18_KC_DEN,746.0,DEN,C.Barton,00-0035672,3rd_down_stop,3.0,14.0,,0.0,-0.22915981942787766
2024,18,2024_18_LAC_LV,1503.0,LV,R.Spillane,00-0034720,3rd_down_stop,3.0,23.0,,0.0,-0.09990535369278586
2024,18,2024_18_LAC_LV,2535.0,LV,D.Deablo,00-0036990,3rd_down_stop,3.0,1.0,,0.0,-2.8443247382136754
2024,18,2024_18_MIA_NYJ,122.0,NYJ,J.Sherwood,00-0036500,3rd_down_stop,3.0,14.0,,0.0,-0.6537599717266858
2024,18,2024_18_MIA_NYJ,697.0,MIA,J.Brooks,00-0036409,3rd_down_stop,3.0,13.0,,0.0,-0.7544029881246388
2024,18,2024_18_MIA_NYJ,2483.0,MIA,J.Brooks,00-0036409,3rd_down_stop,3.0,28.0,,0.0,-0.3845033491961658
2024,18,2024_18_MIN_DET,2909.0,MIN,B.Cashman,00-0035276,3rd_down_stop,3.0,4.0,,0.0,-1.3492410467006266
2024,18,2024_18_MIN_DET,4370.0,MIN,I.Pace,00-0038807,4th_down_stop,4.0,6.0,,0.0,-2.2981523562339135
2024,18,2024_18_NO_TB,538.0,NO,D.Davis,00-0029607,3rd_down_stop,3.0,11.0,,0.0,-1.3915144712664187
2024,18,2024_18_NO_TB,3099.0,TB,L.David,00-0029562,3rd_down_stop,3.0,23.0,,0.0,-0.8659915374591947
2024,18,2024_18_NYG_PHI,2019.0,NYG,T.Summers,00-0034999,3rd_down_stop,3.0,4.0,,0.0,-0.8136727449018508
2024,18,2024_18_NYG_PHI,3506.0,NYG,I.Simmons,00-0036356,3rd_down_stop,3.0,11.0,,0.0,-0.575277894793544
2024,18,2024_18_SEA_LA,158.0,SEA,T.Knight,00-0039815,3rd_down_stop,3.0,14.0,,0.0,-1.5513906427659094
2024,18,2024_18_SEA_LA,158.0,SEA,E.Jones,00-0036994,3rd_down_stop,3.0,14.0,,0.0,-1.5513906427659094
2024,18,2024_18_SEA_LA,773.0,SEA,T.Knight,00-0039815,3rd_down_stop,3.0,1.0,,0.0,-1.9662948732730001
2024,18,2024_18_SF_ARI,1493.0,SF,D.Winters,00-0038625,3rd_down_stop,3.0,1.0,,0.0,-1.673709712922573
2024,18,2024_18_SF_ARI,3172.0,ARI,K.White,00-0034375,3rd_down_stop,3.0,4.0,,0.0,-0.87919248547405
2024,18,2024_18_SF_ARI,4514.0,SF,T.Bethune,00-0039435,3rd_down_stop,3.0,4.0,,0.0,-0.9929527171188965
2024,18,2024_18_WAS_DAL,1722.0,DAL,M.Liufau,00-0039352,3rd_down_stop,3.0,2.0,,0.0,-1.8855041721973824
2024,18,2024_18_WAS_DAL,4084.0,WAS,F.Luvu,00-0034302,3rd_down_stop,3.0,1.0,,0.0,-1.8091078167781234
2024,18,2024_18_WAS_DAL,4365.0,DAL,E.Kendricks,00-0031554,3rd_down_stop,3.0,2.0,,0.0,-1.2061040273983963
2024,19,2024_19_DEN_BUF,1664.0,DEN,C.Barton,00-0035672,3rd_down_stop,3.0,21.0,,0.0,-0.19155666953884065
2024,19,2024_19_DEN_BUF,3181.0,BUF,T.Bernard,00-0037254,3rd_down_stop,3.0,13.0,,0.0,0.16690025915158913
2024,19,2024_19_GB_PHI,1109.0,GB,E.Cooper,00-0039850,3rd_down_stop,3.0,12.0,,0.0,-0.20636052545160055
2024,19,2024_19_GB_PHI,1625.0,GB,Q.Walker,00-0037074,3rd_down_stop,3.0,13.0,,0.0,-0.2516164181288332
2024,19,2024_19_LAC_HOU,926.0,LAC,D.Henley,00-0038553,3rd_down_stop,3.0,15.0,,0.0,-0.7450624343473464
2024,19,2024_19_LAC_HOU,2477.0,HOU,A.Al-Shaair,00-0035166,3rd_down_stop,3.0,2.0,,0.0,-1.5959747459273785
2024,19,2024_19_LAC_HOU,3177.0,LAC,D.Henley,00-0038553,3rd_down_stop,3.0,9.0,,0.0,-0.9806383964605629
2024,19,2024_19_LAC_HOU,3936.0,LAC,T.Dye,00-0036338,3rd_down_stop,3.0,9.0,,0.0,-0.2872972756740637
2024,19,2024_19_MIN_LA,3512.0,MIN,B.Cashman,00-0035276,3rd_down_stop,3.0,24.0,,0.0,-0.5539576364681125
2024,19,2024_19_PIT_BAL,2075.0,PIT,E.Roberts,00-0032442,3rd_down_stop,3.0,2.0,,0.0,-1.8672065136488527
2024,19,2024_19_PIT_BAL,2075.0,PIT,P.Queen,00-0036323,3rd_down_stop,3.0,2.0,,0.0,-1.8672065136488527
2024,19,2024_19_WAS_TB,407.0,TB,L.David,00-0029562,3rd_down_stop,3.0,2.0,,0.0,-1.3255402295617387
2024,19,2024_19_WAS_TB,584.0,WAS,F.Luvu,00-0034302,3rd_down_stop,3.0,8.0,,0.0,-1.5300989313982427
2024,19,2024_19_WAS_TB,1238.0,WAS,B.Wagner,00-0029255,3rd_down_stop,3.0,22.0,,0.0,0.1338051208294928
2024,20,2024_20_HOU_KC,1756.0,KC,N.Bolton,00-0036621,3rd_down_stop,3.0,23.0,,0.0,0.414378678176873
2024,20,2024_20_HOU_KC,2641.0,HOU,A.Al-Shaair,00-0035166,3rd_down_stop,3.0,4.0,,0.0,-0.7920693107880652
2024,20,2024_20_HOU_KC,3877.0,HOU,D.Phillips,00-0035202,4th_down_stop,4.0,15.0,,0.0,-1.917618786683306
2024,20,2024_20_LA_PHI,3042.0,LA,O.Speights,00-0039774,3rd_down_stop,3.0,2.0,,0.0,-0.46056147187482566
2024,20,2024_20_LA_PHI,4037.0,LA,C.Rozeboom,00-0035942,3rd_down_stop,3.0,19.0,,0.0,-0.4803514794912189
2024,20,2024_20_WAS_DET,343.0,DET,A.Anzalone,00-0033914,3rd_down_stop,3.0,14.0,,0.0,1.3038809709250927
2024,20,2024_20_WAS_DET,4329.0,DET,T.Nowaske,00-0038660,3rd_down_stop,3.0,6.0,,0.0,0.19943265431831225
2024,20,2024_20_WAS_DET,4329.0,DET,J.Campbell,00-0039018,3rd_down_stop,3.0,6.0,,0.0,0.19943265431831225
2024,20,2024_20_WAS_DET,4440.0,WAS,B.Wagner,00-0029255,3rd_down_stop,3.0,10.0,,0.0,-0.21059214905835688
2024,21,2024_21_BUF_KC,3292.0,KC,D.Tranquill,00-0035262,3rd_down_stop,3.0,1.0,,0.0,-1.7776034022681415
2024,21,2024_21_BUF_KC,3456.0,KC,N.Bolton,00-0036621,4th_down_stop,4.0,1.0,,0.0,-3.161482057766989
2024,21,2024_21_WAS_PHI,1447.0,WAS,F.Luvu,00-0034302,3rd_down_stop,3.0,6.0,,0.0,-2.276058664130355
2024,21,2024_21_WAS_PHI,2661.0,WAS,B.Wagner,00-0029255,3rd_down_stop,3.0,19.0,,0.0,0.0006838073022663593
2024,21,2024_21_WAS_PHI,3367.0,WAS,F.Luvu,00-0034302,3rd_down_stop,3.0,5.0,,0.0,-2.2803078808356076
2024,21,2024_21_WAS_PHI,4718.0,PHI,N.Morrow,00-0033445,3rd_down_stop,3.0,4.0,,0.0,-0.7225504089146852
2024,22,2024_22_KC_PHI,2293.0,PHI,Z.Baun,00-0036418,3rd_down_stop,3.0,17.0,,0.0,-0.7088240212760866
2024,22,2024_22_KC_PHI,2793.0,PHI,Z.Baun,00-0036418,3rd_down_stop,3.0,13.0,,0.0,-0.4398834127932787
2025,1,2025_01_ARI_NO,166.0,NO,D.Davis,00-0029607,3rd_down_stop,3.0,23.0,,0.0,-0.8405737169086933
2025,1,2025_01_ARI_NO,2463.0,NO,D.Davis,00-0029607,3rd_down_stop,3.0,10.0,,0.0,-1.191799800855717
2025,1,2025_01_ARI_NO,3881.0,NO,D.Davis,00-0029607,3rd_down_stop,3.0,17.0,,0.0,-0.15945770128883674
2025,1,2025_01_BAL_BUF,2313.0,BAL,R.Smith,00-0034874,3rd_down_stop,3.0,8.0,,0.0,-0.9938242017524317
2025,1,2025_01_CAR_JAX,421.0,CAR,C.Rozeboom,00-0035942,3rd_down_stop,3.0,12.0,,0.0,-0.7187779803828285
2025,1,2025_01_CAR_JAX,1894.0,JAX,F.Oluokun,00-0034413,3rd_down_stop,3.0,10.0,,0.0,-2.6608954116818495
2025,1,2025_01_CAR_JAX,2410.0,JAX,F.Oluokun,00-0034413,3rd_down_stop,3.0,2.0,,0.0,-1.0466373144299723
2025,1,2025_01_CIN_CLE,956.0,CIN,L.Wilson,00-0036294,3rd_down_stop,3.0,1.0,,0.0,-1.1331411898718216
2025,1,2025_01_CIN_CLE,3811.0,CLE,D.Bush,00-0035525,3rd_down_stop,3.0,1.0,,0.0,-1.2233769736485556
2025,1,2025_01_DAL_PHI,2352.0,DAL,D.Clark,00-0037281,3rd_down_stop,3.0,18.0,,0.0,-1.5115695169686072
2025,1,2025_01_DAL_PHI,2803.0,DAL,K.Murray,00-0036441,3rd_down_stop,3.0,11.0,,0.0,-0.46700384467840195
2025,1,2025_01_DAL_PHI,3747.0,PHI,Z.Baun,00-0036418,3rd_down_stop,3.0,10.0,,0.0,-0.5466946957167238
2025,1,2025_01_DET_GB,1822.0,DET,J.Campbell,00-0039018,3rd_down_stop,3.0,1.0,,0.0,-0.13607689423952252
2025,1,2025_01_DET_GB,2116.0,GB,E.Cooper,00-0039850,3rd_down_stop,3.0,16.0,,0.0,-0.14504573703443313
2025,1,2025_01_DET_GB,2245.0,DET,D.Barnes,00-0036964,3rd_down_stop,3.0,1.0,,0.0,-2.137871401384473
2025,1,2025_01_DET_GB,3014.0,DET,J.Campbell,00-0039018,3rd_down_stop,3.0,1.0,,0.0,-1.083931751199998
2025,1,2025_01_DET_GB,3705.0,GB,E.Cooper,00-0039850,3rd_down_stop,3.0,10.0,,0.0,-0.5694742120103911
2025,1,2025_01_HOU_LA,3390.0,LA,N.Landman,00-0037587,3rd_down_stop,3.0,9.0,,0.0,-0.12744018947705626
2025,1,2025_01_KC_LAC,678.0,KC,D.Tranquill,00-0035262,3rd_down_stop,3.0,2.0,,0.0,-1.4850349233020097
2025,1,2025_01_KC_LAC,1107.0,KC,N.Bolton,00-0036621,3rd_down_stop,3.0,25.0,,0.0,0.18792767791564735
2025,1,2025_01_KC_LAC,1613.0,LAC,D.Henley,00-0038553,3rd_down_stop,3.0,9.0,,0.0,-1.1660043532270556
2025,1,2025_01_KC_LAC,1954.0,KC,N.Bolton,00-0036621,3rd_down_stop,3.0,16.0,,0.0,0.6833454549161639
2025,1,2025_01_LV_NE,1822.0,LV,D.White,00-0035707,3rd_down_stop,3.0,9.0,,0.0,-0.23928106916616354
2025,1,2025_01_LV_NE,3205.0,NE,R.Spillane,00-0034720,3rd_down_stop,3.0,19.0,,0.0,0.4507476491719895
2025,1,2025_01_MIA_IND,1426.0,MIA,T.Dodson,00-0035352,3rd_down_stop,3.0,5.0,,0.0,-0.6310399409849197
2025,1,2025_01_MIA_IND,1771.0,MIA,J.Brooks,00-0036409,3rd_down_stop,3.0,2.0,,0.0,-0.5917352785603769
2025,1,2025_01_MIA_IND,2798.0,MIA,J.Brooks,00-0036409,3rd_down_stop,3.0,3.0,,0.0,-0.4741442531812936
2025,1,2025_01_MIN_CHI,1255.0,CHI,N.Sewell,00-0038390,3rd_down_stop,3.0,5.0,,0.0,-0.6831983907613903
2025,1,2025_01_MIN_CHI,1533.0,CHI,T.Edmunds,00-0034673,3rd_down_stop,3.0,25.0,,0.0,-0.07703274360392243
2025,1,2025_01_NYG_WAS,2975.0,WAS,B.Wagner,00-0029255,3rd_down_stop,3.0,12.0,,0.0,0.5030716725159436
2025,1,2025_01_NYG_WAS,4198.0,WAS,B.Wagner,00-0029255,3rd_down_stop,3.0,7.0,,0.0,-0.4056107104406692
2025,1,2025_01_PIT_NYJ,242.0,PIT,P.Queen,00-0036323,3rd_down_stop,3.0,11.0,,0.0,-0.7480189826615122
2025,1,2025_01_PIT_NYJ,1499.0,PIT,P.Wilson,00-0039741,3rd_down_stop,3.0,1.0,,0.0,-2.126240337749576
2025,1,2025_01_PIT_NYJ,3529.0,NYJ,Qu.Williams,00-0035680,3rd_down_stop,3.0,15.0,,0.0,-1.2564662692602724
2025,1,2025_01_SF_SEA,924.0,SF,F.Warner,00-0034815,3rd_down_stop,3.0,2.0,,0.0,-2.1295304814120755
2025,1,2025_01_TB_ATL,604.0,ATL,K.Elliss,00-0035316,3rd_down_stop,3.0,10.0,,0.0,-0.8383567298296839
2025,1,2025_01_TB_ATL,1712.0,TB,S.Dennis,00-0039049,3rd_down_stop,3.0,5.0,,0.0,-0.4850238480139524
2025,1,2025_01_TB_ATL,1941.0,ATL,D.Deablo,00-0036990,3rd_down_stop,3.0,7.0,,0.0,-0.2898448340129107
2025,1,2025_01_TB_ATL,3629.0,TB,L.David,00-0029562,3rd_down_stop,3.0,1.0,,0.0,-2.3976023446884938
2025,1,2025_01_TEN_DEN,2880.0,TEN,C.Gray,00-0039858,3rd_down_stop,3.0,2.0,,0.0,-1.6601156864780933
2025,2,2025_02_ATL_MIN,351.0,ATL,K.Elliss,00-0035316,4th_down_stop,4.0,1.0,,0.0,-3.9757333528250456
2025,2,2025_02_ATL_MIN,2602.0,ATL,D.Deablo,00-0036990,3rd_down_stop,3.0,1.0,,0.0,-1.8256965042091906
2025,2,2025_02_ATL_MIN,2602.0,ATL,K.Elliss,00-0035316,3rd_down_stop,3.0,1.0,,0.0,-1.8256965042091906
2025,2,2025_02_ATL_MIN,3820.0,MIN,E.Wilson,00-0033336,3rd_down_stop,3.0,1.0,,0.0,-0.264306673547253
2025,2,2025_02_BUF_NYJ,2569.0,BUF,T.Bernard,00-0037254,3rd_down_stop,3.0,3.0,,0.0,-1.0605265875346959
2025,2,2025_02_BUF_NYJ,3204.0,NYJ,J.Sherwood,00-0036500,3rd_down_stop,3.0,23.0,,0.0,-0.10450517944991589
2025,2,2025_02_CAR_ARI,1722.0,CAR,C.Rozeboom,00-0035942,3rd_down_stop,3.0,21.0,,0.0,0.3624445748968137
2025,2,2025_02_CAR_ARI,2633.0,ARI,Ma.Wilson,00-0035144,3rd_down_stop,3.0,3.0,,0.0,-1.1982660279609263
2025,2,2025_02_CAR_ARI,3046.0,CAR,C.Rozeboom,00-0035942,3rd_down_stop,3.0,12.0,,0.0,0.1687026417348534
2025,2,2025_02_CAR_ARI,3593.0,ARI,Ma.Wilson,00-0035144,3rd_down_stop,3.0,8.0,,0.0,0.17522557999473065
2025,2,2025_02_CHI_DET,1313.0,DET,D.Barnes,00-0036964,4th_down_stop,4.0,1.0,,0.0,-3.4947977454867214
2025,2,2025_02_CHI_DET,2924.0,DET,D.Barnes,00-0036964,3rd_down_stop,3.0,14.0,,0.0,-0.3962581013329327
2025,2,2025_02_DEN_IND,1488.0,DEN,J.Strnad,00-0036428,3rd_down_stop,3.0,3.0,,0.0,-1.2244590120390058
2025,2,2025_02_JAX_CIN,381.0,JAX,F.Oluokun,00-0034413,3rd_down_stop,3.0,9.0,,0.0,-2.2094448329880834
2025,2,2025_02_JAX_CIN,1478.0,JAX,F.Oluokun,00-0034413,3rd_down_stop,3.0,25.0,,0.0,-0.3721372773870826
2025,2,2025_02_JAX_CIN,1755.0,JAX,F.Oluokun,00-0034413,3rd_down_stop,3.0,17.0,,0.0,0.4379287150264335
2025,2,2025_02_JAX_CIN,3932.0,CIN,L.Wilson,00-0036294,3rd_down_stop,3.0,14.0,,0.0,-0.22072566841961816
2025,2,2025_02_JAX_CIN,4023.0,JAX,F.Oluokun,00-0034413,3rd_down_stop,3.0,10.0,,0.0,-0.24303718353621662
2025,2,2025_02_LAC_LV,3009.0,LAC,D.Henley,00-0038553,3rd_down_stop,3.0,16.0,,0.0,-0.4426364400634215
2025,2,2025_02_LAC_LV,3605.0,LAC,D.Henley,00-0038553,4th_down_stop,4.0,3.0,,0.0,-3.447055382654071
2025,2,2025_02_LA_TEN,174.0,LA,N.Landman,00-0037587,3rd_down_stop,3.0,23.0,,0.0,0.2663309848867357
2025,2,2025_02_LA_TEN,510.0,LA,N.Landman,00-0037587,3rd_down_stop,3.0,5.0,,0.0,-1.3528797959443182
2025,2,2025_02_NE_MIA,2253.0,MIA,J.Brooks,00-0036409,3rd_down_stop,3.0,7.0,,0.0,-2.140694956993684
2025,2,2025_02_NE_MIA,3341.0,MIA,J.Brooks,00-0036409,3rd_down_stop,3.0,26.0,,0.0,-0.2300106983166188
2025,2,2025_02_NE_MIA,4122.0,NE,R.Spillane,00-0034720,3rd_down_stop,3.0,12.0,,0.0,-0.6470103046740405
2025,2,2025_02_NYG_DAL,1156.0,DAL,K.Murray,00-0036441,3rd_down_stop,3.0,7.0,,0.0,-0.9720405999105424
2025,2,2025_02_NYG_DAL,2620.0,DAL,J.Sanborn,00-0037109,3rd_down_stop,3.0,3.0,,0.0,-1.5295267562614754
2025,2,2025_02_NYG_DAL,3413.0,NYG,B.Okereke,00-0035687,3rd_down_stop,3.0,16.0,,0.0,-0.6181175532345735
2025,2,2025_02_PHI_KC,657.0,PHI,Z.Baun,00-0036418,3rd_down_stop,3.0,16.0,,0.0,-1.5879115167808078
2025,2,2025_02_PHI_KC,2554.0,KC,N.Bolton,00-0036621,3rd_down_stop,3.0,16.0,,0.0,-0.5596138429827988
2025,2,2025_02_PHI_KC,3548.0,KC,D.Tranquill,00-0035262,3rd_down_stop,3.0,10.0,,0.0,-0.5897951382212341
2025,2,2025_02_SEA_PIT,1310.0,PIT,C.Holcomb,00-0035286,3rd_down_stop,3.0,14.0,,0.0,0.23142872494645417
2025,2,2025_02_SEA_PIT,2709.0,SEA,E.Jones,00-0036994,3rd_down_stop,3.0,10.0,,0.0,-0.29163638432510197
2025,2,2025_02_SEA_PIT,3709.0,SEA,E.Jones,00-0036994,3rd_down_stop,3.0,20.0,,0.0,-0.14305616193450987
2025,2,2025_02_SF_NO,1027.0,SF,D.Winters,00-0038625,3rd_down_stop,3.0,18.0,,0.0,-0.8975461316294968
2025,2,2025_02_SF_NO,1433.0,SF,D.Winters,00-0038625,3rd_down_stop,3.0,13.0,,0.0,-0.7687336951494217
2025,2,2025_02_SF_NO,2724.0,SF,D.Winters,00-0038625,3rd_down_stop,3.0,6.0,,0.0,-0.05496549978852272
2025,2,2025_02_SF_NO,3047.0,NO,D.Davis,00-0029607,3rd_down_stop,3.0,6.0,,0.0,-0.9917853294245818
2025,2,2025_02_TB_HOU,1673.0,HOU,A.Al-Shaair,00-0035166,3rd_down_stop,3.0,16.0,,0.0,-0.3237123372964561
2025,2,2025_02_TB_HOU,2560.0,TB,L.David,00-0029562,3rd_down_stop,3.0,7.0,,0.0,-2.2777480171062052
2025,2,2025_02_WAS_GB,337.0,WAS,B.Wagner,00-0029255,3rd_down_stop,3.0,19.0,,0.0,0.49021426518447697
2025,2,2025_02_WAS_GB,2356.0,GB,E.Cooper,00-0039850,3rd_down_stop,3.0,3.0,,0.0,-2.7157481430700505
2025,3,2025_03_ARI_SF,1164.0,SF,F.Warner,00-0034815,3rd_down_stop,3.0,10.0,,0.0,-0.665639614763939
2025,3,2025_03_ARI_SF,1164.0,SF,D.Winters,00-0038625,3rd_down_stop,3.0,10.0,,0.0,-0.665639614763939
2025,3,2025_03_ARI_SF,1414.0,ARI,Ma.Wilson,00-0035144,3rd_down_stop,3.0,15.0,,0.0,-0.3501984046259876
2025,3,2025_03_ARI_SF,1539.0,SF,F.Warner,00-0034815,3rd_down_stop,3.0,1.0,,0.0,-1.4066113892477006
2025,3,2025_03_ARI_SF,1883.0,ARI,A.Davis-Gaither,00-0036298,3rd_down_stop,3.0,9.0,,0.0,-0.1914528101171169
2025,3,2025_03_ATL_CAR,1828.0,ATL,K.Elliss,00-0035316,3rd_down_stop,3.0,15.0,,0.0,-0.5172105339588597
2025,3,2025_03_ATL_CAR,2691.0,ATL,K.Elliss,00-0035316,3rd_down_stop,3.0,2.0,,0.0,-2.1758897878431624
2025,3,2025_03_CIN_MIN,3481.0,MIN,I.Pace,00-0038807,3rd_down_stop,3.0,3.0,,0.0,-0.875145667931065
2025,3,2025_03_CIN_MIN,3843.0,MIN,A.Keys,00-0040501,3rd_down_stop,3.0,3.0,,0.0,-2.470558271743357
2025,3,2025_03_DAL_CHI,108.0,DAL,K.Murray,00-0036441,3rd_down_stop,3.0,14.0,,0.0,-0.8447602964006364
2025,3,2025_03_DAL_CHI,1817.0,CHI,T.Edmunds,00-0034673,3rd_down_stop,3.0,9.0,,0.0,-0.3445406199898571
2025,3,2025_03_DAL_CHI,2315.0,CHI,T.Edmunds,00-0034673,3rd_down_stop,3.0,16.0,,0.0,-1.2111504529602826
2025,3,2025_03_DAL_CHI,3431.0,CHI,T.Edmunds,00-0034673,3rd_down_stop,3.0,8.0,,0.0,-0.4948579897172749
2025,3,2025_03_DEN_LAC,3196.0,DEN,A.Singleton,00-0031898,3rd_down_stop,3.0,18.0,,0.0,0.03969353577122092
2025,3,2025_03_DET_BAL,672.0,BAL,T.Buchanan,00-0040069,3rd_down_stop,3.0,19.0,,0.0,-0.27170086884871125
2025,3,2025_03_DET_BAL,1521.0,DET,Z.Cunningham,00-0033547,3rd_down_stop,3.0,1.0,,0.0,-2.525232821062673
2025,3,2025_03_DET_BAL,1552.0,DET,J.Campbell,00-0039018,4th_down_stop,4.0,2.0,,0.0,-3.706583588325884
2025,3,2025_03_DET_BAL,1686.0,BAL,R.Smith,00-0034874,3rd_down_stop,3.0,10.0,,0.0,-0.5402254050131887
2025,3,2025_03_DET_BAL,3263.0,DET,D.Barnes,00-0036964,3rd_down_stop,3.0,13.0,,0.0,-0.8765573031917948
2025,3,2025_03_DET_BAL,3819.0,BAL,R.Smith,00-0034874,3rd_down_stop,3.0,5.0,,0.0,-1.0577860080520622
2025,3,2025_03_GB_CLE,1550.0,CLE,C.Schwesinger,00-0040579,3rd_down_stop,3.0,15.0,,0.0,-0.12883951695403084
2025,3,2025_03_GB_CLE,1850.0,GB,Q.Walker,00-0037074,3rd_down_stop,3.0,16.0,,0.0,-0.3311494458466768
2025,3,2025_03_GB_CLE,2856.0,CLE,C.Schwesinger,00-0040579,3rd_down_stop,3.0,1.0,,0.0,-2.9429842405952513
2025,3,2025_03_GB_CLE,3152.0,GB,E.Cooper,00-0039850,3rd_down_stop,3.0,15.0,,0.0,-0.26658874889835715
2025,3,2025_03_GB_CLE,3720.0,GB,Q.Walker,00-0037074,3rd_down_stop,3.0,20.0,,0.0,-0.157090838982215
2025,3,2025_03_HOU_JAX,1063.0,HOU,E.Speed,00-0034987,3rd_down_stop,3.0,15.0,,0.0,-0.5053749969229102
2025,3,2025_03_IND_TEN,538.0,TEN,C.Gray,00-0039858,3rd_down_stop,3.0,4.0,,0.0,-1.411223055747425
2025,3,2025_03_IND_TEN,3517.0,IND,A.Ajiake,00-0039178,3rd_down_stop,3.0,15.0,,0.0,0.21652120095677674
2025,3,2025_03_LA_PHI,207.0,LA,O.Speights,00-0039774,3rd_down_stop,3.0,4.0,,0.0,-1.4364354276331142
2025,3,2025_03_LA_PHI,1842.0,LA,N.Landman,00-0037587,3rd_down_stop,3.0,16.0,,0.0,-0.15780353627633303
2025,3,2025_03_LV_WAS,563.0,WAS,F.Luvu,00-0034302,3rd_down_stop,3.0,12.0,,0.0,-0.3177568600513041
2025,3,2025_03_LV_WAS,1276.0,LV,D.White,00-0035707,3rd_down_stop,3.0,17.0,,0.0,0.49139055809411936
2025,3,2025_03_LV_WAS,2696.0,WAS,F.Luvu,00-0034302,3rd_down_stop,3.0,24.0,,0.0,-0.27341206930577755
2025,3,2025_03_LV_WAS,3119.0,WAS,F.Luvu,00-0034302,3rd_down_stop,3.0,2.0,,0.0,-1.3829020243138075
2025,3,2025_03_LV_WAS,3807.0,WAS,F.Luvu,00-0034302,4th_down_stop,4.0,1.0,,0.0,-3.026673207699787
2025,3,2025_03_NO_SEA,739.0,SEA,D.Thomas,00-0038922,3rd_down_stop,3.0,21.0,,0.0,-0.26628497103229165
2025,3,2025_03_NO_SEA,3781.0,NO,D.Davis,00-0029607,3rd_down_stop,3.0,12.0,,0.0,-0.818092867732048
2025,3,2025_03_NYJ_TB,1883.0,NYJ,Qu.Williams,00-0035680,3rd_down_stop,3.0,9.0,,0.0,-1.5550552771892399
2025,3,2025_03_NYJ_TB,4567.0,NYJ,J.Sherwood,00-0036500,3rd_down_stop,3.0,5.0,,0.0,-0.007265217485837638
2025,3,2025_03_PIT_NE,1588.0,PIT,P.Queen,00-0036323,3rd_down_stop,3.0,12.0,,0.0,0.3349314258666709
2025,3,2025_03_PIT_NE,2634.0,NE,R.Spillane,00-0034720,3rd_down_stop,3.0,12.0,,0.0,-0.8223110404796898
2025,3,2025_03_PIT_NE,2872.0,PIT,P.Queen,00-0036323,3rd_down_stop,3.0,3.0,,0.0,-0.9195191480685025
2025,3,2025_03_PIT_NE,3001.0,PIT,P.Wilson,00-0039741,3rd_down_stop,3.0,7.0,,0.0,-0.7868802241282538
2025,3,2025_03_PIT_NE,3434.0,PIT,C.Holcomb,00-0035286,3rd_down_stop,3.0,2.0,,0.0,-1.2519422031473368
2025,4,2025_04_BAL_KC,950.0,BAL,T.Buchanan,00-0040069,3rd_down_stop,3.0,3.0,,0.0,-0.6924485974013805
2025,4,2025_04_CAR_NE,3416.0,NE,J.Gibbens,00-0037596,3rd_down_stop,3.0,9.0,,0.0,-0.5637329602614045
2025,4,2025_04_CHI_LV,517.0,CHI,N.Sewell,00-0038390,4th_down_stop,4.0,1.0,,0.0,-4.9419889281271026
2025,4,2025_04_CIN_DEN,4134.0,DEN,A.Singleton,00-0031898,3rd_down_stop,3.0,10.0,,0.0,-0.6037819755729288
2025,4,2025_04_CLE_DET,133.0,CLE,D.Bush,00-0035525,3rd_down_stop,3.0,7.0,,0.0,-1.2678330224007368
2025,4,2025_04_CLE_DET,491.0,DET,G.Stuard,00-0036672,3rd_down_stop,3.0,1.0,,0.0,-1.194312161183916
2025,4,2025_04_CLE_DET,1346.0,CLE,C.Schwesinger,00-0040579,3rd_down_stop,3.0,12.0,,0.0,-0.8735550697892904
2025,4,2025_04_CLE_DET,1443.0,DET,J.Campbell,00-0039018,3rd_down_stop,3.0,12.0,,0.0,0.3832442528801039
2025,4,2025_04_CLE_DET,1951.0,DET,J.Campbell,00-0039018,3rd_down_stop,3.0,16.0,,0.0,-0.32209559704642743
2025,4,2025_04_CLE_DET,3384.0,CLE,D.Bush,00-0035525,4th_down_stop,4.0,2.0,,0.0,-3.583084963494912
2025,4,2025_04_GB_DAL,381.0,GB,Q.Walker,00-0037074,3rd_down_stop,3.0,4.0,,0.0,-1.6036068121902645
2025,4,2025_04_GB_DAL,751.0,GB,Q.Walker,00-0037074,3rd_down_stop,3.0,5.0,,0.0,-0.5612357552163303
2025,4,2025_04_GB_DAL,1327.0,GB,Q.Walker,00-0037074,3rd_down_stop,3.0,12.0,,0.0,-0.4090806266758591
2025,4,2025_04_IND_LA,853.0,IND,Z.Franklin,00-0034431,4th_down_stop,4.0,1.0,,0.0,-3.7199197206646204
2025,4,2025_04_IND_LA,1112.0,LA,O.Speights,00-0039774,3rd_down_stop,3.0,2.0,,0.0,-0.8928319771075621
2025,4,2025_04_IND_LA,1686.0,LA,N.Landman,00-0037587,3rd_down_stop,3.0,20.0,,0.0,-0.7348642466822639
2025,4,2025_04_JAX_SF,629.0,SF,F.Warner,00-0034815,3rd_down_stop,3.0,7.0,,0.0,-0.4374583740718663
2025,4,2025_04_JAX_SF,3386.0,SF,F.Warner,00-0034815,3rd_down_stop,3.0,13.0,,0.0,-0.33137527791279053
2025,4,2025_04_JAX_SF,3748.0,JAX,D.Lloyd,00-0037244,3rd_down_stop,3.0,3.0,,0.0,-1.2385891495505348
2025,4,2025_04_MIN_PIT,482.0,PIT,P.Queen,00-0036323,3rd_down_stop,3.0,9.0,,0.0,-1.3366835341893322
2025,4,2025_04_MIN_PIT,1636.0,MIN,E.Wilson,00-0033336,3rd_down_stop,3.0,15.0,,0.0,-0.001279028501444568
2025,4,2025_04_MIN_PIT,2243.0,MIN,E.Wilson,00-0033336,3rd_down_stop,3.0,4.0,,0.0,-1.4878102545626462
2025,4,2025_04_NYJ_MIA,1492.0,MIA,T.Dodson,00-0035352,4th_down_stop,4.0,5.0,,0.0,-3.868312709557358
2025,4,2025_04_NYJ_MIA,2349.0,MIA,J.Brooks,00-0036409,3rd_down_stop,3.0,5.0,,0.0,-0.8551752390339971
2025,4,2025_04_NYJ_MIA,3796.0,NYJ,J.Sherwood,00-0036500,3rd_down_stop,3.0,10.0,,0.0,-0.746569180146389
2025,4,2025_04_PHI_TB,923.0,PHI,Z.Baun,00-0036418,3rd_down_stop,3.0,10.0,,0.0,-1.5912526071999737
2025,4,2025_04_PHI_TB,1880.0,TB,S.Dennis,00-0039049,3rd_down_stop,3.0,13.0,,0.0,-0.22766731057546563
2025,4,2025_04_PHI_TB,4098.0,PHI,Z.Baun,00-0036418,3rd_down_stop,3.0,1.0,,0.0,-1.6245212280191481
2025,4,2025_04_PHI_TB,4447.0,TB,L.David,00-0029562,3rd_down_stop,3.0,5.0,,0.0,-0.36185781663516536
2025,4,2025_04_SEA_ARI,350.0,ARI,A.Davis-Gaither,00-0036298,4th_down_stop,4.0,1.0,,0.0,-3.44065525312908
2025,4,2025_04_SEA_ARI,641.0,SEA,E.Jones,00-0036994,3rd_down_stop,3.0,9.0,,0.0,-0.9640192006481811
2025,4,2025_04_SEA_ARI,1201.0,ARI,A.Davis-Gaither,00-0036298,3rd_down_stop,3.0,19.0,,0.0,-0.765107536688447
2025,4,2025_04_TEN_HOU,2281.0,HOU,E.Speed,00-0034987,3rd_down_stop,3.0,12.0,,0.0,-1.5324176312424242
2025,4,2025_04_TEN_HOU,3325.0,HOU,A.Al-Shaair,00-0035166,3rd_down_stop,3.0,13.0,,0.0,0.2917281405534595
2025,4,2025_04_TEN_HOU,3696.0,TEN,C.Gray,00-0039858,3rd_down_stop,3.0,7.0,,0.0,-0.9908463823376223
2025,4,2025_04_WAS_ATL,563.0,WAS,F.Luvu,00-0034302,3rd_down_stop,3.0,2.0,,0.0,-1.523019909276627
2025,4,2025_04_WAS_ATL,1428.0,ATL,D.Deablo,00-0036990,3rd_down_stop,3.0,17.0,,0.0,0.22174509966169875
2025,4,2025_04_WAS_ATL,1888.0,ATL,K.Elliss,00-0035316,3rd_down_stop,3.0,8.0,,0.0,-0.5832361646462232
2025,5,2025_05_DAL_NYJ,3458.0,DAL,K.Murray,00-0036441,3rd_down_stop,3.0,10.0,,0.0,-0.15696079097688198
2025,5,2025_05_DEN_PHI,419.0,PHI,J.Campbell,00-0040708,3rd_down_stop,3.0,6.0,,0.0,-1.122291199164465
2025,5,2025_05_DEN_PHI,2801.0,PHI,Z.Baun,00-0036418,3rd_down_stop,3.0,21.0,,0.0,-1.1110259564593434
2025,5,2025_05_DEN_PHI,4463.0,PHI,Z.Baun,00-0036418,3rd_down_stop,3.0,8.0,,0.0,-0.542803741293028
2025,5,2025_05_DET_CIN,1869.0,CIN,L.Wilson,00-0036294,3rd_down_stop,3.0,12.0,,0.0,-0.6928403988131322
2025,5,2025_05_DET_CIN,3037.0,DET,J.Campbell,00-0039018,3rd_down_stop,3.0,8.0,,0.0,-0.9680367142427713
2025,5,2025_05_HOU_BAL,630.0,HOU,H.To'oTo'o,00-0038599,3rd_down_stop,3.0,4.0,,0.0,-1.5624033755801552
2025,5,2025_05_HOU_BAL,2519.0,BAL,T.Buchanan,00-0040069,3rd_down_stop,3.0,1.0,,0.0,-2.55979020641497
2025,5,2025_05_KC_JAX,1073.0,KC,N.Bolton,00-0036621,4th_down_stop,4.0,1.0,,0.0,-4.1904879358480684
2025,5,2025_05_KC_JAX,1812.0,JAX,F.Oluokun,00-0034413,3rd_down_stop,3.0,16.0,,0.0,-0.01978748186957091
2025,5,2025_05_KC_JAX,2930.0,JAX,F.Oluokun,00-0034413,3rd_down_stop,3.0,24.0,,0.0,-0.4335585960652679
2025,5,2025_05_LV_IND,2969.0,IND,Z.Franklin,00-0034431,3rd_down_stop,3.0,1.0,,0.0,-1.8747169547714293
2025,5,2025_05_LV_IND,3332.0,IND,Z.Franklin,00-0034431,3rd_down_stop,3.0,4.0,,0.0,-0.6658240162068978
2025,5,2025_05_MIA_CAR,2895.0,MIA,J.Brooks,00-0036409,3rd_down_stop,3.0,2.0,,0.0,-1.7014666576869786
2025,5,2025_05_MIN_CLE,1122.0,MIN,E.Wilson,00-0033336,3rd_down_stop,3.0,20.0,,0.0,-0.4701194139197469
2025,5,2025_05_MIN_CLE,1840.0,CLE,C.Schwesinger,00-0040579,3rd_down_stop,3.0,8.0,,0.0,-0.23756570857949555
2025,5,2025_05_MIN_CLE,3442.0,MIN,I.Pace,00-0038807,3rd_down_stop,3.0,4.0,,0.0,-1.5564641375094652
2025,5,2025_05_NE_BUF,3805.0,BUF,S.Thompson,00-0031550,3rd_down_stop,3.0,5.0,,0.0,-1.589608491398394
2025,5,2025_05_NYG_NO,883.0,NYG,B.Okereke,00-0035687,3rd_down_stop,3.0,14.0,,0.0,-0.46583740447008326
2025,5,2025_05_NYG_NO,3638.0,NO,D.Davis,00-0029607,3rd_down_stop,3.0,18.0,,0.0,-0.6156417322345078
2025,5,2025_05_NYG_NO,3795.0,NYG,B.Okereke,00-0035687,3rd_down_stop,3.0,1.0,,0.0,-1.747665758477524
2025,5,2025_05_NYG_NO,4208.0,NYG,D.Muasau,00-0039829,3rd_down_stop,3.0,7.0,,0.0,0.37793479490490656
2025,5,2025_05_NYG_NO,4208.0,NYG,B.Okereke,00-0035687,3rd_down_stop,3.0,7.0,,0.0,0.37793479490490656
2025,5,2025_05_SF_LA,477.0,SF,F.Warner,00-0034815,3rd_down_stop,3.0,21.0,,0.0,-0.9927732506766915
2025,5,2025_05_SF_LA,1154.0,SF,F.Warner,00-0034815,3rd_down_stop,3.0,2.0,,0.0,-1.1236918806098402
2025,5,2025_05_SF_LA,2979.0,LA,O.Speights,00-0039774,3rd_down_stop,3.0,1.0,,0.0,-1.6755468773189932
2025,5,2025_05_SF_LA,3129.0,LA,N.Landman,00-0037587,3rd_down_stop,3.0,1.0,,0.0,-2.570433540502563
2025,5,2025_05_SF_LA,4925.0,SF,D.Winters,00-0038625,3rd_down_stop,3.0,6.0,,0.0,-0.3057515202672221
2025,5,2025_05_TB_SEA,1059.0,TB,L.David,00-0029562,3rd_down_stop,3.0,17.0,,0.0,-0.34064214932732284
2025,5,2025_05_WAS_LAC,2500.0,WAS,F.Luvu,00-0034302,3rd_down_stop,3.0,29.0,,0.0,-0.6263996544294059
2025,5,2025_05_WAS_LAC,3956.0,LAC,T.Dye,00-0036338,3rd_down_stop,3.0,5.0,,0.0,-1.5784951242385432
2025,5,2025_05_WAS_LAC,4145.0,WAS,B.Wagner,00-0029255,3rd_down_stop,3.0,15.0,,0.0,0.6094038735027425
2025,6,2025_06_ARI_IND,981.0,ARI,A.Davis-Gaither,00-0036298,3rd_down_stop,3.0,7.0,,0.0,-1.1207928736694157
2025,6,2025_06_BUF_ATL,4051.0,BUF,S.Thompson,00-0031550,3rd_down_stop,3.0,15.0,,0.0,-0.3147769426420126
2025,6,2025_06_CHI_WAS,1896.0,CHI,T.Edwards,00-0035386,3rd_down_stop,3.0,9.0,,0.0,-0.8138246015464004
2025,6,2025_06_CHI_WAS,1896.0,CHI,T.Edmunds,00-0034673,3rd_down_stop,3.0,9.0,,0.0,-0.8138246015464004
2025,6,2025_06_CHI_WAS,2004.0,WAS,F.Luvu,00-0034302,3rd_down_stop,3.0,5.0,,0.0,-0.9190043620183133
2025,6,2025_06_CHI_WAS,3847.0,WAS,B.Wagner,00-0029255,3rd_down_stop,3.0,16.0,,0.0,0.38795928889885545
2025,6,2025_06_CIN_GB,735.0,CIN,B.Carter,00-0040157,3rd_down_stop,3.0,8.0,,0.0,-1.1052196863064032
2025,6,2025_06_CIN_GB,2525.0,GB,E.Cooper,00-0039850,3rd_down_stop,3.0,10.0,,0.0,-0.6194279090850614
2025,6,2025_06_CIN_GB,2525.0,GB,Q.Walker,00-0037074,3rd_down_stop,3.0,10.0,,0.0,-0.6194279090850614
2025,6,2025_06_CLE_PIT,3980.0,CLE,C.Schwesinger,00-0040579,3rd_down_stop,3.0,8.0,,0.0,-0.8933935263194144
2025,6,2025_06_DAL_CAR,919.0,CAR,C.Rozeboom,00-0035942,3rd_down_stop,3.0,5.0,,0.0,-0.33561593428021297
2025,6,2025_06_DEN_NYJ,1977.0,DEN,A.Singleton,00-0031898,3rd_down_stop,3.0,7.0,,0.0,-0.50995106814662
2025,6,2025_06_DEN_NYJ,3061.0,DEN,J.Strnad,00-0036428,3rd_down_stop,3.0,6.0,,0.0,-2.089732096064836
2025,6,2025_06_DET_KC,1092.0,DET,A.Anzalone,00-0033914,3rd_down_stop,3.0,4.0,,0.0,-0.7163361164275557
2025,6,2025_06_DET_KC,1210.0,DET,A.Anzalone,00-0033914,3rd_down_stop,3.0,18.0,,0.0,1.3159460535389371
2025,6,2025_06_DET_KC,2535.0,DET,T.Nowaske,00-0038660,3rd_down_stop,3.0,8.0,,0.0,-0.7988750003278255
2025,6,2025_06_DET_KC,2535.0,DET,A.Anzalone,00-0033914,3rd_down_stop,3.0,8.0,,0.0,-0.7988750003278255
2025,6,2025_06_LAC_MIA,858.0,MIA,J.Brooks,00-0036409,3rd_down_stop,3.0,2.0,,0.0,-1.7684764745651202
2025,6,2025_06_LAC_MIA,1143.0,LAC,D.Henley,00-0038553,3rd_down_stop,3.0,18.0,,0.0,-0.5923647911444314
2025,6,2025_06_LAC_MIA,1779.0,MIA,K.Britt,00-0036643,3rd_down_stop,3.0,20.0,,0.0,-0.6208095571491867
2025,6,2025_06_LAC_MIA,2060.0,LAC,D.Henley,00-0038553,3rd_down_stop,3.0,12.0,,0.0,0.006457849107028402
2025,6,2025_06_LA_BAL,961.0,LA,T.Reeder,00-0035617,3rd_down_stop,3.0,2.0,,0.0,-2.2286257294472307
2025,6,2025_06_LA_BAL,1973.0,LA,N.Landman,00-0037587,3rd_down_stop,3.0,1.0,,0.0,-1.7479935641749762
2025,6,2025_06_LA_BAL,3176.0,BAL,T.Simpson,00-0038504,3rd_down_stop,3.0,3.0,,0.0,-1.5493906475021504
2025,6,2025_06_LA_BAL,3198.0,BAL,T.Buchanan,00-0040069,4th_down_stop,4.0,3.0,,0.0,-3.165793127263896
2025,6,2025_06_LA_BAL,3198.0,BAL,T.Simpson,00-0038504,4th_down_stop,4.0,3.0,,0.0,-3.165793127263896
2025,6,2025_06_LA_BAL,3646.0,LA,N.Landman,00-0037587,3rd_down_stop,3.0,10.0,,0.0,-0.9590578491042834
2025,6,2025_06_PHI_NYG,993.0,PHI,Z.Baun,00-0036418,3rd_down_stop,3.0,10.0,,0.0,-0.4732566047459841
2025,6,2025_06_SEA_JAX,143.0,SEA,E.Jones,00-0036994,3rd_down_stop,3.0,25.0,,0.0,-0.8634491469711065
2025,6,2025_06_SEA_JAX,575.0,JAX,F.Oluokun,00-0034413,3rd_down_stop,3.0,13.0,,0.0,-0.42581970803439617
2025,6,2025_06_SEA_JAX,1675.0,JAX,F.Oluokun,00-0034413,3rd_down_stop,3.0,13.0,,0.0,-0.25210257712751627
2025,6,2025_06_SEA_JAX,2660.0,SEA,D.Thomas,00-0038922,3rd_down_stop,3.0,18.0,,0.0,-0.5370835983194411
2025,6,2025_06_SEA_JAX,4159.0,JAX,V.Miller,00-0038570,3rd_down_stop,3.0,12.0,,0.0,-0.04898657964076847
2025,6,2025_06_SF_TB,3142.0,TB,L.David,00-0029562,3rd_down_stop,3.0,11.0,,0.0,-1.8837918038479984
2025,6,2025_06_SF_TB,3639.0,TB,S.Dennis,00-0039049,3rd_down_stop,3.0,1.0,,0.0,-1.0842630514525808
2025,6,2025_06_TEN_LV,102.0,LV,D.White,00-0035707,3rd_down_stop,3.0,1.0,,0.0,-1.9489020768087357
2025,6,2025_06_TEN_LV,1337.0,LV,D.White,00-0035707,3rd_down_stop,3.0,7.0,,0.0,-5.423033153696451
2025,6,2025_06_TEN_LV,2199.0,TEN,C.Gray,00-0039858,3rd_down_stop,3.0,1.0,,0.0,-1.609102894552052
2025,6,2025_06_TEN_LV,3247.0,TEN,C.Gray,00-0039858,3rd_down_stop,3.0,3.0,,0.0,-1.5036938486843554
2025,6,2025_06_TEN_LV,3247.0,TEN,C.Barton,00-0035672,3rd_down_stop,3.0,3.0,,0.0,-1.5036938486843554
2025,7,2025_07_ATL_SF,1823.0,ATL,J.Bertrand,00-0039370,3rd_down_stop,3.0,6.0,,0.0,-1.2148527413199173
2025,7,2025_07_CAR_NYJ,928.0,NYJ,M.Walker,00-0036300,4th_down_stop,4.0,1.0,,0.0,-3.1313964205328375
2025,7,2025_07_CAR_NYJ,1115.0,CAR,T.Wallace,00-0039347,3rd_down_stop,3.0,9.0,,0.0,-0.7765443179763931
2025,7,2025_07_CAR_NYJ,1549.0,NYJ,J.Sherwood,00-0036500,3rd_down_stop,3.0,20.0,,0.0,-0.8717806292697787
2025,7,2025_07_CAR_NYJ,1828.0,NYJ,J.Sherwood,00-0036500,3rd_down_stop,3.0,14.0,,0.0,-0.12313206621911377
2025,7,2025_07_CAR_NYJ,3524.0,NYJ,J.Sherwood,00-0036500,3rd_down_stop,3.0,5.0,,0.0,-3.1745131615316495
2025,7,2025_07_GB_ARI,3738.0,GB,E.Cooper,00-0039850,3rd_down_stop,3.0,9.0,,0.0,-0.23541592783294618
2025,7,2025_07_GB_ARI,3768.0,GB,I.McDuffie,00-0036658,4th_down_stop,4.0,1.0,,0.0,-3.428987075923942
2025,7,2025_07_HOU_SEA,108.0,HOU,A.Al-Shaair,00-0035166,3rd_down_stop,3.0,8.0,,0.0,-0.2694175778888166
2025,7,2025_07_HOU_SEA,2061.0,SEA,E.Jones,00-0036994,3rd_down_stop,3.0,15.0,,0.0,0.11966116087819278
2025,7,2025_07_HOU_SEA,3274.0,SEA,E.Jones,00-0036994,3rd_down_stop,3.0,1.0,,0.0,-1.7026302211452276
2025,7,2025_07_HOU_SEA,3694.0,HOU,E.Speed,00-0034987,3rd_down_stop,3.0,14.0,,0.0,0.44032202824018896
2025,7,2025_07_LA_JAX,3178.0,LA,N.Landman,00-0037587,3rd_down_stop,3.0,23.0,,0.0,-1.1510458199772984
2025,7,2025_07_LV_KC,2972.0,LV,E.Roberts,00-0032442,3rd_down_stop,3.0,11.0,,0.0,-1.1186210096348077
2025,7,2025_07_LV_KC,3296.0,LV,E.Roberts,00-0032442,3rd_down_stop,3.0,11.0,,0.0,-0.9863865359220654
2025,7,2025_07_LV_KC,3426.0,LV,E.Roberts,00-0032442,3rd_down_stop,3.0,8.0,,0.0,-0.9011932809953578
2025,7,2025_07_LV_KC,3426.0,LV,D.White,00-0035707,3rd_down_stop,3.0,8.0,,0.0,-0.9011932809953578
2025,7,2025_07_LV_KC,3448.0,LV,D.White,00-0035707,4th_down_stop,4.0,4.0,,0.0,-2.672767882992048
2025,7,2025_07_MIA_CLE,130.0,MIA,J.Brooks,00-0036409,3rd_down_stop,3.0,3.0,,0.0,-1.625559493433684
2025,7,2025_07_MIA_CLE,130.0,MIA,T.Dodson,00-0035352,3rd_down_stop,3.0,3.0,,0.0,-1.625559493433684
2025,7,2025_07_MIA_CLE,1782.0,MIA,T.Dodson,00-0035352,3rd_down_stop,3.0,12.0,,0.0,-0.8664251677691936
2025,7,2025_07_MIA_CLE,3114.0,MIA,J.Brooks,00-0036409,3rd_down_stop,3.0,21.0,,0.0,-1.1231557824648917
2025,7,2025_07_MIA_CLE,3966.0,CLE,J.Baker,00-0034797,3rd_down_stop,3.0,4.0,,0.0,-2.2780659588752314
2025,7,2025_07_NE_TEN,3291.0,NE,M.Mapu,00-0039054,4th_down_stop,4.0,14.0,,0.0,-1.5414133227895945
2025,7,2025_07_NE_TEN,3754.0,TEN,C.Gray,00-0039858,3rd_down_stop,3.0,4.0,,0.0,-0.3884004234569147
2025,7,2025_07_NO_CHI,1990.0,CHI,T.Edmunds,00-0034673,4th_down_stop,4.0,1.0,,0.0,-2.91622896771878
2025,7,2025_07_NO_CHI,4124.0,NO,D.Stutsman,00-0040155,3rd_down_stop,3.0,5.0,,0.0,-0.2332660766551271
2025,7,2025_07_NYG_DEN,1409.0,DEN,A.Singleton,00-0031898,3rd_down_stop,3.0,1.0,,0.0,-1.1123702766490169
2025,7,2025_07_PHI_MIN,2160.0,PHI,Z.Baun,00-0036418,3rd_down_stop,3.0,18.0,,0.0,-0.28406094774843993
2025,7,2025_07_TB_DET,601.0,DET,J.Campbell,00-0039018,3rd_down_stop,3.0,7.0,,0.0,-1.745693298522383
2025,7,2025_07_TB_DET,1182.0,TB,S.Dennis,00-0039049,3rd_down_stop,3.0,5.0,,0.0,-2.5547973876819015
2025,7,2025_07_TB_DET,1669.0,DET,D.Barnes,00-0036964,3rd_down_stop,3.0,5.0,,0.0,-1.7835749255027622
2025,7,2025_07_TB_DET,3392.0,DET,A.Anzalone,00-0033914,4th_down_stop,4.0,4.0,,0.0,-2.816940844291821
2025,7,2025_07_TB_DET,4485.0,TB,S.Dennis,00-0039049,3rd_down_stop,3.0,7.0,,0.0,-0.2007925099460408
2025,7,2025_07_WAS_DAL,903.0,DAL,K.Murray,00-0036441,3rd_down_stop,3.0,6.0,,0.0,-0.6444400325417519
2025,7,2025_07_WAS_DAL,4010.0,WAS,B.Wagner,00-0029255,3rd_down_stop,3.0,9.0,,0.0,-1.0499380807865006
2025,7,2025_07_WAS_DAL,4010.0,WAS,F.Luvu,00-0034302,3rd_down_stop,3.0,9.0,,0.0,-1.0499380807865006
2025,7,2025_07_WAS_DAL,4366.0,WAS,B.Wagner,00-0029255,3rd_down_stop,3.0,16.0,,0.0,-0.9917943361215293
2025,8,2025_08_BUF_CAR,382.0,CAR,T.Wallace,00-0039347,3rd_down_stop,3.0,10.0,,0.0,-1.4534981970066263
2025,8,2025_08_CHI_BAL,1980.0,BAL,R.Smith,00-0034874,3rd_down_stop,3.0,15.0,,0.0,0.7025091619949546
2025,8,2025_08_CHI_BAL,2382.0,BAL,R.Smith,00-0034874,3rd_down_stop,3.0,8.0,,0.0,-0.8036855952814221
2025,8,2025_08_CHI_BAL,4222.0,BAL,T.Buchanan,00-0040069,3rd_down_stop,3.0,1.0,,0.0,-1.3818118999770377
2025,8,2025_08_CHI_BAL,4222.0,BAL,R.Smith,00-0034874,3rd_down_stop,3.0,1.0,,0.0,-1.3818118999770377
2025,8,2025_08_CLE_NE,1563.0,NE,R.Spillane,00-0034720,3rd_down_stop,3.0,14.0,,0.0,-0.8114259385038167
2025,8,2025_08_CLE_NE,3844.0,NE,R.Spillane,00-0034720,4th_down_stop,4.0,15.0,,0.0,-2.123028367292136
2025,8,2025_08_DAL_DEN,4481.0,DEN,J.Turner,00-0040634,3rd_down_stop,3.0,8.0,,0.0,-0.491218862705864
2025,8,2025_08_GB_PIT,677.0,GB,E.Cooper,00-0039850,3rd_down_stop,3.0,13.0,,0.0,-0.7889397996477783
2025,8,2025_08_GB_PIT,1452.0,GB,Q.Walker,00-0037074,3rd_down_stop,3.0,14.0,,0.0,0.3856472998159006
2025,8,2025_08_GB_PIT,2418.0,PIT,P.Wilson,00-0039741,3rd_down_stop,3.0,2.0,,0.0,-0.874107998854015
2025,8,2025_08_GB_PIT,3241.0,GB,Q.Walker,00-0037074,3rd_down_stop,3.0,20.0,,0.0,-0.41877175867557526
2025,8,2025_08_MIA_ATL,1161.0,MIA,J.Brooks,00-0036409,3rd_down_stop,3.0,10.0,,0.0,-0.7464051083661616
2025,8,2025_08_MIA_ATL,2710.0,MIA,J.Brooks,00-0036409,3rd_down_stop,3.0,10.0,,0.0,-0.9274161146022379
2025,8,2025_08_MIA_ATL,3306.0,ATL,J.Bertrand,00-0039370,3rd_down_stop,3.0,10.0,,0.0,-0.8290785014847679
2025,8,2025_08_NYG_PHI,244.0,PHI,Z.Baun,00-0036418,3rd_down_stop,3.0,10.0,,0.0,-1.3946007010526955
2025,8,2025_08_NYG_PHI,474.0,NYG,B.Okereke,00-0035687,3rd_down_stop,3.0,3.0,,0.0,-1.3248638401273638
2025,8,2025_08_NYG_PHI,791.0,NYG,B.Okereke,00-0035687,3rd_down_stop,3.0,3.0,,0.0,-1.79612966068089
2025,8,2025_08_NYG_PHI,3696.0,PHI,J.Trotter,00-0039826,3rd_down_stop,3.0,3.0,,0.0,-1.5054809194989502
2025,8,2025_08_NYJ_CIN,426.0,CIN,B.Carter,00-0040157,4th_down_stop,4.0,1.0,,0.0,-3.5567625830881298
2025,8,2025_08_NYJ_CIN,687.0,CIN,B.Carter,00-0040157,3rd_down_stop,3.0,9.0,,0.0,-1.3383207363076508
2025,8,2025_08_SF_HOU,386.0,SF,T.Bethune,00-0039435,3rd_down_stop,3.0,7.0,,0.0,0.24444454489275813
2025,8,2025_08_SF_HOU,4005.0,SF,T.Bethune,00-0039435,3rd_down_stop,3.0,5.0,,0.0,-0.11376911634579301
2025,8,2025_08_TB_NO,1110.0,NO,D.Davis,00-0029607,3rd_down_stop,3.0,1.0,,0.0,-1.2848187367198989
2025,8,2025_08_TB_NO,3520.0,NO,D.Davis,00-0029607,3rd_down_stop,3.0,3.0,,0.0,-1.7454316392390852
2025,8,2025_08_TB_NO,3962.0,NO,I.Stalbird,00-0039622,3rd_down_stop,3.0,5.0,,0.0,-1.046698021586053
2025,8,2025_08_TEN_IND,272.0,TEN,C.Barton,00-0035672,3rd_down_stop,3.0,19.0,,0.0,-0.6965940426805615
2025,8,2025_08_WAS_KC,3730.0,WAS,B.Wagner,00-0029255,3rd_down_stop,3.0,9.0,,0.0,-0.6463176421821117
2025,9,2025_09_ARI_DAL,1433.0,ARI,Ma.Wilson,00-0035144,3rd_down_stop,3.0,17.0,,0.0,-2.339647931745276
2025,9,2025_09_ARI_DAL,3897.0,ARI,C.Simon,00-0040645,3rd_down_stop,3.0,12.0,,0.0,-3.7633314607664943
2025,9,2025_09_ATL_NE,1269.0,NE,R.Spillane,00-0034720,3rd_down_stop,3.0,10.0,,0.0,-0.9239815417677164
2025,9,2025_09_ATL_NE,1673.0,NE,C.Elliss,00-0036813,3rd_down_stop,3.0,10.0,,0.0,-0.6285852520959452
2025,9,2025_09_ATL_NE,2457.0,ATL,K.Elliss,00-0035316,3rd_down_stop,3.0,14.0,,0.0,-0.6227555683764319
2025,9,2025_09_BAL_MIA,1169.0,BAL,R.Smith,00-0034874,3rd_down_stop,3.0,16.0,,0.0,-0.796027110889554
2025,9,2025_09_BAL_MIA,1392.0,BAL,R.Smith,00-0034874,3rd_down_stop,3.0,10.0,,0.0,-0.6831622255635459
2025,9,2025_09_BAL_MIA,1827.0,BAL,R.Smith,00-0034874,3rd_down_stop,3.0,2.0,,0.0,-1.4819024041644298
2025,9,2025_09_CAR_GB,136.0,GB,E.Cooper,00-0039850,3rd_down_stop,3.0,5.0,,0.0,-0.7447397341020405
2025,9,2025_09_CAR_GB,1419.0,GB,Q.Walker,00-0037074,3rd_down_stop,3.0,9.0,,0.0,0.054706177848856896
2025,9,2025_09_CHI_CIN,1332.0,CIN,B.Carter,00-0040157,3rd_down_stop,3.0,13.0,,0.0,0.29130290262401104
2025,9,2025_09_DEN_HOU,799.0,DEN,D.Greenlaw,00-0034982,3rd_down_stop,3.0,1.0,,0.0,-1.0598269756301306
2025,9,2025_09_IND_PIT,112.0,IND,Z.Franklin,00-0034431,3rd_down_stop,3.0,4.0,,0.0,-1.6855622734874487
2025,9,2025_09_IND_PIT,2371.0,PIT,P.Wilson,00-0039741,3rd_down_stop,3.0,1.0,,0.0,-1.8130554989911616
2025,9,2025_09_JAX_LV,634.0,LV,E.Roberts,00-0032442,3rd_down_stop,3.0,6.0,,0.0,-0.06980601651594043
2025,9,2025_09_JAX_LV,1108.0,JAX,V.Miller,00-0038570,3rd_down_stop,3.0,1.0,,0.0,-1.4194860344287008
2025,9,2025_09_JAX_LV,4297.0,LV,D.White,00-0035707,3rd_down_stop,3.0,1.0,,0.0,-1.1486350907362066
2025,9,2025_09_KC_BUF,2483.0,KC,N.Bolton,00-0036621,3rd_down_stop,3.0,10.0,,0.0,-1.6226138810161501
2025,9,2025_09_LAC_TEN,1989.0,LAC,D.Henley,00-0038553,3rd_down_stop,3.0,3.0,,0.0,-1.9242443754337728
2025,9,2025_09_LAC_TEN,2661.0,LAC,D.Perryman,00-0032103,4th_down_stop,4.0,1.0,,0.0,-3.9834037657128647
2025,9,2025_09_LAC_TEN,3534.0,LAC,T.Dye,00-0036338,3rd_down_stop,3.0,2.0,,0.0,-1.4827326444689044
2025,9,2025_09_MIN_DET,859.0,MIN,E.Wilson,00-0033336,3rd_down_stop,3.0,6.0,,0.0,-2.578124024439603
2025,9,2025_09_MIN_DET,1503.0,DET,J.Campbell,00-0039018,3rd_down_stop,3.0,9.0,,0.0,-1.7664305125355924
2025,9,2025_09_MIN_DET,2362.0,MIN,B.Cashman,00-0035276,3rd_down_stop,3.0,8.0,,0.0,-0.690471597481519
2025,9,2025_09_MIN_DET,2653.0,MIN,B.Cashman,00-0035276,3rd_down_stop,3.0,13.0,,0.0,-2.109526827465743
2025,9,2025_09_MIN_DET,3152.0,MIN,E.Wilson,00-0033336,3rd_down_stop,3.0,6.0,,0.0,-2.0674559677247424
2025,9,2025_09_NO_LA,1379.0,LA,O.Speights,00-0039774,3rd_down_stop,3.0,4.0,,0.0,-0.49321683240123093
2025,9,2025_09_NO_LA,3088.0,NO,D.Davis,00-0029607,3rd_down_stop,3.0,1.0,,0.0,-1.0456184925860725
2025,9,2025_09_SEA_WAS,912.0,SEA,E.Jones,00-0036994,3rd_down_stop,3.0,1.0,,0.0,-1.714886645320803
2025,9,2025_09_SEA_WAS,3314.0,WAS,B.Wagner,00-0029255,3rd_down_stop,3.0,4.0,,0.0,-1.2033363641239703
2025,9,2025_09_SF_NYG,1212.0,SF,T.Bethune,00-0039435,3rd_down_stop,3.0,13.0,,0.0,-0.6706027993932366
2025,9,2025_09_SF_NYG,1212.0,SF,D.Winters,00-0038625,3rd_down_stop,3.0,13.0,,0.0,-0.6706027993932366
2025,9,2025_09_SF_NYG,1385.0,NYG,D.Flannigan-Fowles,00-0035020,3rd_down_stop,3.0,7.0,,0.0,-1.261498672887683
2025,9,2025_09_SF_NYG,1479.0,SF,T.Bethune,00-0039435,3rd_down_stop,3.0,12.0,,0.0,-0.4005864302162081
2025,9,2025_09_SF_NYG,1589.0,NYG,D.Flannigan-Fowles,00-0035020,3rd_down_stop,3.0,17.0,,0.0,-0.05781245105089594
2025,10,2025_10_ARI_SEA,552.0,SEA,D.Thomas,00-0038922,3rd_down_stop,3.0,1.0,,0.0,-2.3471895731054246
2025,10,2025_10_ARI_SEA,1049.0,SEA,T.Knight,00-0039815,3rd_down_stop,3.0,12.0,,0.0,-7.49873672099784
2025,10,2025_10_ARI_SEA,1827.0,SEA,D.Thomas,00-0038922,3rd_down_stop,3.0,3.0,,0.0,0.021595789003185928
2025,10,2025_10_ARI_SEA,3796.0,ARI,C.Simon,00-0040645,3rd_down_stop,3.0,10.0,,0.0,-0.7999969292625795
2025,10,2025_10_ARI_SEA,4364.0,SEA,T.Knight,00-0039815,3rd_down_stop,3.0,4.0,,0.0,-1.1949508080724627
2025,10,2025_10_ATL_IND,1229.0,ATL,R.Harrison,00-0034779,3rd_down_stop,3.0,8.0,,0.0,-0.8672702297096553
2025,10,2025_10_ATL_IND,2807.0,ATL,J.Bertrand,00-0039370,4th_down_stop,4.0,1.0,,0.0,-3.791686504962854
2025,10,2025_10_ATL_IND,4338.0,IND,Z.Franklin,00-0034431,3rd_down_stop,3.0,12.0,,0.0,-1.6390316309407353
2025,10,2025_10_BAL_MIN,728.0,BAL,T.Simpson,00-0038504,3rd_down_stop,3.0,12.0,,0.0,-0.10073465574532747
2025,10,2025_10_BAL_MIN,1665.0,MIN,E.Wilson,00-0033336,3rd_down_stop,3.0,2.0,,0.0,-1.7064731711669747
2025,10,2025_10_BAL_MIN,1665.0,MIN,B.Cashman,00-0035276,3rd_down_stop,3.0,2.0,,0.0,-1.7064731711669747
2025,10,2025_10_BUF_MIA,214.0,MIA,J.Brooks,00-0036409,3rd_down_stop,3.0,2.0,,0.0,-1.422011086717248
2025,10,2025_10_BUF_MIA,728.0,MIA,T.Dodson,00-0035352,3rd_down_stop,3.0,12.0,,0.0,0.4881892157718539
2025,10,2025_10_BUF_MIA,1809.0,BUF,T.Bernard,00-0037254,3rd_down_stop,3.0,10.0,,0.0,-0.5594059675349854
2025,10,2025_10_BUF_MIA,1909.0,MIA,J.Brooks,00-0036409,3rd_down_stop,3.0,5.0,,0.0,-0.10141703533008695
2025,10,2025_10_BUF_MIA,3154.0,MIA,J.Brooks,00-0036409,3rd_down_stop,3.0,1.0,,0.0,-3.6810011505149305
2025,10,2025_10_BUF_MIA,3393.0,MIA,W.Gay,00-0036362,3rd_down_stop,3.0,10.0,,0.0,-1.9548334912396967
2025,10,2025_10_CLE_NYJ,1086.0,CLE,D.Bush,00-0035525,3rd_down_stop,3.0,13.0,,0.0,-0.089759960770607
2025,10,2025_10_CLE_NYJ,2436.0,CLE,C.Schwesinger,00-0040579,3rd_down_stop,3.0,11.0,,0.0,-1.517593217547983
2025,10,2025_10_CLE_NYJ,4051.0,CLE,D.Bush,00-0035525,3rd_down_stop,3.0,3.0,,0.0,-0.6012259207200259
2025,10,2025_10_DET_WAS,2050.0,WAS,B.Wagner,00-0029255,3rd_down_stop,3.0,10.0,,0.0,0.390234996273648
2025,10,2025_10_JAX_HOU,1023.0,HOU,A.Al-Shaair,00-0035166,3rd_down_stop,3.0,19.0,,0.0,-0.9057614118792117
2025,10,2025_10_LA_SF,1339.0,LA,O.Speights,00-0039774,3rd_down_stop,3.0,3.0,,0.0,-0.5635450925910845
2025,10,2025_10_LA_SF,3985.0,SF,D.Winters,00-0038625,3rd_down_stop,3.0,2.0,,0.0,-1.5964395730406977
2025,10,2025_10_LA_SF,3985.0,SF,T.Bethune,00-0039435,3rd_down_stop,3.0,2.0,,0.0,-1.5964395730406977
2025,10,2025_10_LV_DEN,2196.0,DEN,D.Greenlaw,00-0034982,3rd_down_stop,3.0,1.0,,0.0,-0.48869099479634315
2025,10,2025_10_LV_DEN,3065.0,DEN,A.Singleton,00-0031898,3rd_down_stop,3.0,20.0,,0.0,-0.5894750598818064
2025,10,2025_10_LV_DEN,3165.0,LV,D.White,00-0035707,3rd_down_stop,3.0,12.0,,0.0,-0.8057001391393226
2025,10,2025_10_NO_CAR,1587.0,NO,D.Davis,00-0029607,3rd_down_stop,3.0,18.0,,0.0,-0.06985527870710939
2025,10,2025_10_NO_CAR,1587.0,NO,I.Stalbird,00-0039622,3rd_down_stop,3.0,18.0,,0.0,-0.06985527870710939
2025,10,2025_10_NO_CAR,2755.0,CAR,C.Rozeboom,00-0035942,3rd_down_stop,3.0,2.0,,0.0,-1.2922663462813944
2025,10,2025_10_NYG_CHI,1487.0,CHI,N.Sewell,00-0038390,3rd_down_stop,3.0,3.0,,0.0,-0.6220167931169271
2025,10,2025_10_PHI_GB,686.0,GB,E.Cooper,00-0039850,3rd_down_stop,3.0,8.0,,0.0,-5.387973317177966
2025,10,2025_10_PHI_GB,1115.0,PHI,J.Campbell,00-0040708,3rd_down_stop,3.0,8.0,,0.0,-0.5963951079174876
2025,10,2025_10_PHI_GB,2323.0,GB,E.Cooper,00-0039850,3rd_down_stop,3.0,12.0,,0.0,-0.4089611324872058
2025,10,2025_10_PIT_LAC,457.0,PIT,M.Harrison,00-0036280,3rd_down_stop,3.0,1.0,,0.0,-1.7840512818656862
2025,10,2025_10_PIT_LAC,457.0,PIT,P.Queen,00-0036323,3rd_down_stop,3.0,1.0,,0.0,-1.7840512818656862
2025,10,2025_10_PIT_LAC,2993.0,PIT,P.Wilson,00-0039741,3rd_down_stop,3.0,14.0,,0.0,-0.26795585769945984
2025,11,2025_11_BAL_CLE,1568.0,BAL,T.Simpson,00-0038504,3rd_down_stop,3.0,5.0,,0.0,-1.074950038571842
2025,11,2025_11_BAL_CLE,3568.0,CLE,C.Schwesinger,00-0040579,3rd_down_stop,3.0,1.0,,0.0,-1.3517387954634614
2025,11,2025_11_CAR_ATL,2462.0,ATL,K.Elliss,00-0035316,4th_down_stop,4.0,1.0,,0.0,-4.463139425148256
2025,11,2025_11_CAR_ATL,3338.0,ATL,R.Harrison,00-0034779,3rd_down_stop,3.0,7.0,,0.0,-2.0572618164587766
2025,11,2025_11_CAR_ATL,3835.0,ATL,R.Harrison,00-0034779,3rd_down_stop,3.0,4.0,,0.0,-1.068357671611011
2025,11,2025_11_CHI_MIN,3428.0,MIN,B.Cashman,00-0035276,3rd_down_stop,3.0,3.0,,0.0,-1.6350708883986433
2025,11,2025_11_CIN_PIT,1432.0,PIT,P.Wilson,00-0039741,3rd_down_stop,3.0,15.0,,0.0,-0.22098548477515578
2025,11,2025_11_DAL_LV,3790.0,LV,E.Roberts,00-0032442,3rd_down_stop,3.0,2.0,,0.0,-1.0683077801950276
2025,11,2025_11_DET_PHI,690.0,DET,T.Nowaske,00-0038660,3rd_down_stop,3.0,1.0,,0.0,-2.2625211430713534
2025,11,2025_11_DET_PHI,3635.0,DET,J.Campbell,00-0039018,3rd_down_stop,3.0,1.0,,0.0,-1.7210620483383536
2025,11,2025_11_DET_PHI,3912.0,DET,J.Campbell,00-0039018,3rd_down_stop,3.0,1.0,,0.0,-1.509385881246999
2025,11,2025_11_DET_PHI,3934.0,DET,J.Campbell,00-0039018,4th_down_stop,4.0,1.0,,0.0,-2.9524324586382136
2025,11,2025_11_DET_PHI,3934.0,DET,T.Nowaske,00-0038660,4th_down_stop,4.0,1.0,,0.0,-2.9524324586382136
2025,11,2025_11_GB_NYG,2958.0,GB,I.McDuffie,00-0036658,4th_down_stop,4.0,3.0,,0.0,-3.3212540622917004
2025,11,2025_11_GB_NYG,3377.0,GB,I.McDuffie,00-0036658,3rd_down_stop,3.0,13.0,,0.0,0.5911117320065387
2025,11,2025_11_HOU_TEN,287.0,TEN,C.Gray,00-0039858,3rd_down_stop,3.0,11.0,,0.0,-0.18712135747773573
2025,11,2025_11_HOU_TEN,287.0,TEN,C.Barton,00-0035672,3rd_down_stop,3.0,11.0,,0.0,-0.18712135747773573
2025,11,2025_11_HOU_TEN,498.0,TEN,C.Barton,00-0035672,4th_down_stop,4.0,1.0,,0.0,-5.241183694102801
2025,11,2025_11_KC_DEN,3796.0,KC,N.Bolton,00-0036621,3rd_down_stop,3.0,16.0,,0.0,0.5236024144105613
2025,11,2025_11_LAC_JAX,131.0,JAX,F.Oluokun,00-0034413,3rd_down_stop,3.0,8.0,,0.0,-0.7066074796020985
2025,11,2025_11_LAC_JAX,359.0,LAC,T.Dye,00-0036338,3rd_down_stop,3.0,5.0,,0.0,-1.3801275291480124
2025,11,2025_11_LAC_JAX,3375.0,JAX,D.Lloyd,00-0037244,3rd_down_stop,3.0,2.0,,0.0,-0.8172155235661194
2025,11,2025_11_NYJ_NE,3025.0,NYJ,J.Sherwood,00-0036500,3rd_down_stop,3.0,15.0,,0.0,-0.6549346302637578
2025,11,2025_11_SEA_LA,2860.0,SEA,E.Jones,00-0036994,3rd_down_stop,3.0,15.0,,0.0,0.8222056687809527
2025,11,2025_11_SF_ARI,1807.0,SF,C.Robinson,00-0036728,3rd_down_stop,3.0,8.0,,0.0,-0.3751544877886772
2025,11,2025_11_SF_ARI,1807.0,SF,D.Winters,00-0038625,3rd_down_stop,3.0,8.0,,0.0,-0.3751544877886772
2025,11,2025_11_SF_ARI,2505.0,SF,C.Robinson,00-0036728,3rd_down_stop,3.0,3.0,,0.0,-1.0681563764810562
2025,11,2025_11_SF_ARI,3483.0,SF,C.Robinson,00-0036728,3rd_down_stop,3.0,8.0,,0.0,-3.867971863830462
2025,11,2025_11_SF_ARI,3576.0,ARI,A.Davis-Gaither,00-0036298,3rd_down_stop,3.0,6.0,,0.0,-0.79230697453022
2025,11,2025_11_SF_ARI,3576.0,ARI,C.Simon,00-0040645,3rd_down_stop,3.0,6.0,,0.0,-0.79230697453022
2025,11,2025_11_TB_BUF,4214.0,TB,S.Dennis,00-0039049,3rd_down_stop,3.0,4.0,,0.0,-0.35269879369297996
2025,11,2025_11_WAS_MIA,188.0,WAS,F.Luvu,00-0034302,3rd_down_stop,3.0,2.0,,0.0,-0.9599659926025197
2025,11,2025_11_WAS_MIA,622.0,MIA,J.Brooks,00-0036409,3rd_down_stop,3.0,1.0,,0.0,-2.3971063107601367
2025,11,2025_11_WAS_MIA,1300.0,MIA,T.Dodson,00-0035352,3rd_down_stop,3.0,10.0,,0.0,-1.8647487011823072
2025,11,2025_11_WAS_MIA,1891.0,MIA,J.Brooks,00-0036409,3rd_down_stop,3.0,18.0,,0.0,0.49774855461151457
2025,11,2025_11_WAS_MIA,1891.0,MIA,T.Dodson,00-0035352,3rd_down_stop,3.0,18.0,,0.0,0.49774855461151457
2025,11,2025_11_WAS_MIA,2361.0,WAS,F.Luvu,00-0034302,3rd_down_stop,3.0,2.0,,0.0,-1.8704046040656976
2025,11,2025_11_WAS_MIA,2600.0,MIA,J.Brooks,00-0036409,3rd_down_stop,3.0,15.0,,0.0,-0.3023126844782382
2025,11,2025_11_WAS_MIA,3199.0,MIA,T.Dodson,00-0035352,3rd_down_stop,3.0,1.0,,0.0,-1.333741577283945
2025,11,2025_11_WAS_MIA,3199.0,MIA,J.Brooks,00-0036409,3rd_down_stop,3.0,1.0,,0.0,-1.333741577283945
2025,11,2025_11_WAS_MIA,3573.0,WAS,B.Wagner,00-0029255,3rd_down_stop,3.0,1.0,,0.0,-1.3376005089958198
2025,11,2025_11_WAS_MIA,3602.0,WAS,F.Luvu,00-0034302,4th_down_stop,4.0,1.0,,0.0,-3.85092842427548
2025,12,2025_12_ATL_NO,1785.0,NO,I.Stalbird,00-0039622,3rd_down_stop,3.0,5.0,,0.0,-1.6021237791593501
2025,12,2025_12_ATL_NO,2098.0,NO,D.Davis,00-0029607,3rd_down_stop,3.0,5.0,,0.0,-0.6202984738629311
2025,12,2025_12_ATL_NO,2872.0,NO,I.Stalbird,00-0039622,3rd_down_stop,3.0,6.0,,0.0,-0.7948334370739758
2025,12,2025_12_ATL_NO,3817.0,NO,I.Stalbird,00-0039622,3rd_down_stop,3.0,10.0,,0.0,-0.8211457733996212
2025,12,2025_12_ATL_NO,4432.0,ATL,K.Elliss,00-0035316,3rd_down_stop,3.0,17.0,,0.0,0.41190320008900017
2025,12,2025_12_BUF_HOU,1164.0,HOU,A.Al-Shaair,00-0035166,3rd_down_stop,3.0,3.0,,0.0,-1.4284238674445078
2025,12,2025_12_CAR_SF,876.0,CAR,K.Barnes,00-0035961,3rd_down_stop,3.0,1.0,,0.0,-1.6175543973222375
2025,12,2025_12_CAR_SF,3428.0,SF,C.Robinson,00-0036728,3rd_down_stop,3.0,18.0,,0.0,-0.4471243004831479
2025,12,2025_12_CLE_LV,1799.0,LV,D.White,00-0035707,3rd_down_stop,3.0,9.0,,0.0,-0.7028599374461919
2025,12,2025_12_CLE_LV,2345.0,LV,D.White,00-0035707,3rd_down_stop,3.0,11.0,,0.0,-0.6047727586701512
2025,12,2025_12_CLE_LV,3400.0,CLE,C.Schwesinger,00-0040579,3rd_down_stop,3.0,19.0,,0.0,-0.3362041716463864
2025,12,2025_12_CLE_LV,3782.0,CLE,C.Schwesinger,00-0040579,3rd_down_stop,3.0,11.0,,0.0,-0.28465520549798384
2025,12,2025_12_CLE_LV,4236.0,LV,E.Roberts,00-0032442,3rd_down_stop,3.0,11.0,,0.0,-0.030995283799711615
2025,12,2025_12_IND_KC,1546.0,IND,A.Ajiake,00-0039178,3rd_down_stop,3.0,9.0,,0.0,-0.8721184599302285
2025,12,2025_12_IND_KC,4612.0,KC,D.Tranquill,00-0035262,3rd_down_stop,3.0,1.0,,0.0,-1.9588477397337556
2025,12,2025_12_JAX_ARI,654.0,JAX,F.Oluokun,00-0034413,3rd_down_stop,3.0,17.0,,0.0,-1.4102467224001884
2025,12,2025_12_JAX_ARI,2965.0,JAX,D.Lloyd,00-0037244,3rd_down_stop,3.0,10.0,,0.0,-2.783396071754396
2025,12,2025_12_MIN_GB,615.0,GB,I.McDuffie,00-0036658,3rd_down_stop,3.0,9.0,,0.0,-0.9499094905331731
2025,12,2025_12_MIN_GB,1151.0,GB,I.McDuffie,00-0036658,3rd_down_stop,3.0,1.0,,0.0,-1.1067849059472792
2025,12,2025_12_MIN_GB,1736.0,GB,I.McDuffie,00-0036658,3rd_down_stop,3.0,17.0,,0.0,-0.054867395299717736
2025,12,2025_12_MIN_GB,2399.0,MIN,E.Wilson,00-0033336,3rd_down_stop,3.0,1.0,,0.0,-2.2816652914043516
2025,12,2025_12_MIN_GB,2707.0,MIN,B.Cashman,00-0035276,3rd_down_stop,3.0,3.0,,0.0,-1.5114688121542947
2025,12,2025_12_NE_CIN,3593.0,CIN,B.Carter,00-0040157,3rd_down_stop,3.0,1.0,,0.0,-2.5461652317351486
2025,12,2025_12_NYG_DET,2482.0,NYG,B.Okereke,00-0035687,3rd_down_stop,3.0,16.0,,0.0,-0.9002751724328846
2025,12,2025_12_NYG_DET,3990.0,DET,D.Barnes,00-0036964,3rd_down_stop,3.0,2.0,,0.0,-2.371360613091383
2025,12,2025_12_NYG_DET,4936.0,DET,J.Campbell,00-0039018,3rd_down_stop,3.0,7.0,,0.0,-1.0220245210803114
2025,12,2025_12_NYJ_BAL,1604.0,NYJ,J.Sherwood,00-0036500,3rd_down_stop,3.0,5.0,,0.0,-0.9800220840596499
2025,12,2025_12_NYJ_BAL,2331.0,BAL,R.Smith,00-0034874,3rd_down_stop,3.0,4.0,,0.0,-1.3787720398977399
2025,12,2025_12_NYJ_BAL,3721.0,NYJ,J.Sherwood,00-0036500,3rd_down_stop,3.0,4.0,,0.0,-0.8383125566178933
2025,12,2025_12_PHI_DAL,153.0,PHI,Z.Baun,00-0036418,3rd_down_stop,3.0,6.0,,0.0,-1.3858051721472293
2025,12,2025_12_PHI_DAL,153.0,PHI,N.Dean,00-0037615,3rd_down_stop,3.0,6.0,,0.0,-1.3858051721472293
2025,12,2025_12_PHI_DAL,2481.0,PHI,N.Dean,00-0037615,3rd_down_stop,3.0,5.0,,0.0,-1.9561158374417573
2025,12,2025_12_PHI_DAL,3610.0,DAL,L.Wilson,00-0036294,3rd_down_stop,3.0,12.0,,0.0,-0.23595578043426912
2025,12,2025_12_PIT_CHI,1348.0,CHI,A.Ogbongbemiga,00-0036716,4th_down_stop,4.0,1.0,,0.0,-3.5886773428646848
2025,12,2025_12_PIT_CHI,2877.0,CHI,D.Jackson,00-0037271,3rd_down_stop,3.0,2.0,,0.0,-1.7526903483085334
2025,12,2025_12_PIT_CHI,4033.0,PIT,P.Wilson,00-0039741,3rd_down_stop,3.0,13.0,,0.0,-0.12485880125313997
2025,12,2025_12_SEA_TEN,414.0,SEA,P.O'Connell,00-0038764,3rd_down_stop,3.0,3.0,,0.0,-1.9805271605904973
2025,12,2025_12_SEA_TEN,1734.0,SEA,D.Thomas,00-0038922,4th_down_stop,4.0,1.0,,0.0,-2.4925885619595647
2025,12,2025_12_SEA_TEN,3914.0,SEA,P.O'Connell,00-0038764,3rd_down_stop,3.0,10.0,,0.0,-0.6536528675351292
2025,12,2025_12_TB_LA,3947.0,LA,T.Reeder,00-0035617,3rd_down_stop,3.0,8.0,,0.0,-0.45043443626491353
2025,13,2025_13_ARI_TB,896.0,TB,L.David,00-0029562,3rd_down_stop,3.0,8.0,,0.0,-0.697970419190824
2025,13,2025_13_BUF_PIT,2419.0,PIT,M.Harrison,00-0036280,3rd_down_stop,3.0,2.0,,0.0,-0.5106994257657789
2025,13,2025_13_BUF_PIT,2821.0,PIT,P.Wilson,00-0039741,3rd_down_stop,3.0,5.0,,0.0,-0.7689881271799095
2025,13,2025_13_BUF_PIT,3629.0,PIT,P.Wilson,00-0039741,3rd_down_stop,3.0,2.0,,0.0,-1.2969714205365563
2025,13,2025_13_CIN_BAL,633.0,BAL,R.Smith,00-0034874,3rd_down_stop,3.0,17.0,,0.0,-0.3666574019007385
2025,13,2025_13_CIN_BAL,3813.0,BAL,R.Smith,00-0034874,3rd_down_stop,3.0,2.0,,0.0,-1.8210095806784528
2025,13,2025_13_DEN_WAS,3404.0,WAS,F.Luvu,00-0034302,3rd_down_stop,3.0,3.0,,0.0,-2.028697695117444
2025,13,2025_13_DEN_WAS,4135.0,DEN,A.Singleton,00-0031898,3rd_down_stop,3.0,10.0,,0.0,-0.14359560539014637
2025,13,2025_13_GB_DET,2327.0,GB,E.Cooper,00-0039850,3rd_down_stop,3.0,2.0,,0.0,-2.099994319025427
2025,13,2025_13_GB_DET,2349.0,GB,I.McDuffie,00-0036658,4th_down_stop,4.0,3.0,,0.0,-3.227311281953007
2025,13,2025_13_HOU_IND,804.0,IND,Z.Franklin,00-0034431,3rd_down_stop,3.0,18.0,,0.0,0.09065249189734459
2025,13,2025_13_HOU_IND,1338.0,HOU,H.To'oTo'o,00-0038599,3rd_down_stop,3.0,3.0,,0.0,-0.5524059078306891
2025,13,2025_13_HOU_IND,3783.0,IND,Z.Franklin,00-0034431,4th_down_stop,4.0,1.0,,0.0,-4.073211124690715
2025,13,2025_13_JAX_TEN,3727.0,JAX,F.Oluokun,00-0034413,3rd_down_stop,3.0,9.0,,0.0,-0.8518532649613917
2025,13,2025_13_LA_CAR,3091.0,LA,N.Landman,00-0037587,3rd_down_stop,3.0,4.0,,0.0,-1.3425128781236708
2025,13,2025_13_LA_CAR,3091.0,LA,O.Speights,00-0039774,3rd_down_stop,3.0,4.0,,0.0,-1.3425128781236708
2025,13,2025_13_LV_LAC,757.0,LAC,D.Henley,00-0038553,3rd_down_stop,3.0,9.0,,0.0,-2.387623811373487
2025,13,2025_13_LV_LAC,1413.0,LV,D.White,00-0035707,4th_down_stop,4.0,1.0,,0.0,-4.128621329960879
2025,13,2025_13_MIN_SEA,469.0,MIN,E.Wilson,00-0033336,3rd_down_stop,3.0,11.0,,0.0,-1.97189468331635
2025,13,2025_13_MIN_SEA,3191.0,MIN,B.Cashman,00-0035276,3rd_down_stop,3.0,1.0,,0.0,-1.131365425302647
2025,13,2025_13_MIN_SEA,3705.0,SEA,D.Thomas,00-0038922,4th_down_stop,4.0,13.0,,0.0,-2.218707611958962
2025,13,2025_13_NO_MIA,334.0,MIA,T.Dodson,00-0035352,3rd_down_stop,3.0,7.0,,0.0,-0.7795848338864744
2025,13,2025_13_NO_MIA,3757.0,NO,I.Stalbird,00-0039622,3rd_down_stop,3.0,4.0,,0.0,-1.2397628012113273
2025,13,2025_13_NYG_NE,3712.0,NYG,Z.Barnes,00-0038399,3rd_down_stop,3.0,7.0,,0.0,-0.4084040382409282
2025,13,2025_13_SF_CLE,3891.0,SF,D.Winters,00-0038625,4th_down_stop,4.0,26.0,,0.0,-1.4424316210788675
2025,13,2025_13_SF_CLE,3891.0,SF,C.Robinson,00-0036728,4th_down_stop,4.0,26.0,,0.0,-1.4424316210788675
2025,14,2025_14_CHI_GB,1585.0,GB,E.Cooper,00-0039850,3rd_down_stop,3.0,4.0,,0.0,-0.8664097581058741
2025,14,2025_14_CHI_GB,1714.0,GB,Q.Walker,00-0037074,3rd_down_stop,3.0,8.0,,0.0,-0.5936888028998006
2025,14,2025_14_CIN_BUF,1695.0,CIN,B.Carter,00-0040157,3rd_down_stop,3.0,8.0,,0.0,-0.8288867404917255
2025,14,2025_14_DAL_DET,646.0,DET,J.Campbell,00-0039018,3rd_down_stop,3.0,4.0,,0.0,-2.6237770293373615
2025,14,2025_14_DAL_DET,1625.0,DET,J.Campbell,00-0039018,3rd_down_stop,3.0,21.0,,0.0,-3.5763876531273127
2025,14,2025_14_DAL_DET,2131.0,DET,A.Anzalone,00-0033914,3rd_down_stop,3.0,15.0,,0.0,-0.22849125711086593
2025,14,2025_14_DAL_DET,3704.0,DAL,D.Overshown,00-0038556,3rd_down_stop,3.0,13.0,,0.0,-0.5936687953773756
2025,14,2025_14_DEN_LV,1687.0,LV,D.White,00-0035707,4th_down_stop,4.0,4.0,,0.0,-1.8583226698101498
2025,14,2025_14_DEN_LV,3666.0,LV,D.White,00-0035707,3rd_down_stop,3.0,11.0,,0.0,0.34003253467381
2025,14,2025_14_HOU_KC,952.0,HOU,A.Al-Shaair,00-0035166,3rd_down_stop,3.0,17.0,,0.0,-0.7694631780032068
2025,14,2025_14_HOU_KC,4242.0,KC,D.Tranquill,00-0035262,3rd_down_stop,3.0,4.0,,0.0,-0.2275242561557902
2025,14,2025_14_IND_JAX,132.0,IND,Z.Franklin,00-0034431,3rd_down_stop,3.0,12.0,,0.0,-0.6817844486795366
2025,14,2025_14_IND_JAX,3757.0,IND,Z.Franklin,00-0034431,3rd_down_stop,3.0,1.0,,0.0,-1.0979200339061208
2025,14,2025_14_IND_JAX,3822.0,IND,Z.Franklin,00-0034431,4th_down_stop,4.0,1.0,,0.0,-3.6137213497422636
2025,14,2025_14_MIA_NYJ,1448.0,NYJ,Q.Williams,00-0035680,3rd_down_stop,3.0,6.0,,0.0,-1.9099691449664533
2025,14,2025_14_MIA_NYJ,1564.0,MIA,T.Dodson,00-0035352,3rd_down_stop,3.0,8.0,,0.0,-0.5165458978153765
2025,14,2025_14_MIA_NYJ,1832.0,NYJ,J.Sherwood,00-0036500,3rd_down_stop,3.0,11.0,,0.0,-0.38875713024452097
2025,14,2025_14_MIA_NYJ,2545.0,NYJ,J.Sherwood,00-0036500,3rd_down_stop,3.0,9.0,,0.0,-0.46901876060292125
2025,14,2025_14_MIA_NYJ,3995.0,NYJ,M.Walker,00-0036300,3rd_down_stop,3.0,8.0,,0.0,-0.324027144418517
2025,14,2025_14_NO_TB,1755.0,NO,D.Davis,00-0029607,4th_down_stop,4.0,1.0,,0.0,-2.629657775629312
2025,14,2025_14_NO_TB,1899.0,TB,L.David,00-0029562,3rd_down_stop,3.0,4.0,,0.0,-0.8018151703872718
2025,14,2025_14_NO_TB,3630.0,NO,D.Davis,00-0029607,3rd_down_stop,3.0,8.0,,0.0,0.09053997875889763
2025,14,2025_14_NO_TB,4168.0,NO,D.Davis,00-0029607,4th_down_stop,4.0,4.0,,0.0,-2.0162679739878513
2025,14,2025_14_PHI_LAC,2903.0,LAC,D.Henley,00-0038553,3rd_down_stop,3.0,14.0,,0.0,0.20031079680399788
2025,14,2025_14_PIT_BAL,3369.0,BAL,R.Smith,00-0034874,3rd_down_stop,3.0,11.0,,0.0,-0.3877601292915642
2025,14,2025_14_PIT_BAL,3501.0,PIT,C.Holcomb,00-0035286,3rd_down_stop,3.0,2.0,,0.0,-0.6761537309503183
2025,14,2025_14_PIT_BAL,3757.0,BAL,R.Smith,00-0034874,3rd_down_stop,3.0,19.0,,0.0,-0.8143682354129851
2025,14,2025_14_PIT_BAL,4382.0,PIT,P.Queen,00-0036323,3rd_down_stop,3.0,10.0,,0.0,-0.32998001389205456
2025,14,2025_14_PIT_BAL,4382.0,PIT,P.Wilson,00-0039741,3rd_down_stop,3.0,10.0,,0.0,-0.32998001389205456
2025,14,2025_14_SEA_ATL,998.0,SEA,E.Jones,00-0036994,3rd_down_stop,3.0,1.0,,0.0,-1.7515131449326873
2025,14,2025_14_SEA_ATL,2245.0,SEA,E.Jones,00-0036994,3rd_down_stop,3.0,1.0,,0.0,-5.070228743483312
2025,14,2025_14_WAS_MIN,2583.0,MIN,E.Wilson,00-0033336,3rd_down_stop,3.0,11.0,,0.0,-2.140869507798925
2025,14,2025_14_WAS_MIN,3353.0,WAS,B.Wagner,00-0029255,3rd_down_stop,3.0,6.0,,0.0,-0.2284679096774198
2025,15,2025_15_ARI_HOU,368.0,HOU,H.To'oTo'o,00-0038599,3rd_down_stop,3.0,12.0,,0.0,-1.4146063015796244
2025,15,2025_15_ARI_HOU,2027.0,HOU,H.To'oTo'o,00-0038599,3rd_down_stop,3.0,8.0,,0.0,-0.5905022223014385
2025,15,2025_15_ARI_HOU,3386.0,HOU,A.Al-Shaair,00-0035166,3rd_down_stop,3.0,10.0,,0.0,-0.8267846582457423
2025,15,2025_15_ARI_HOU,4291.0,HOU,A.Al-Shaair,00-0035166,4th_down_stop,4.0,18.0,,0.0,-0.49158360820729285
2025,15,2025_15_ATL_TB,1830.0,ATL,K.Elliss,00-0035316,3rd_down_stop,3.0,9.0,,0.0,-0.7868982772392372
2025,15,2025_15_ATL_TB,2362.0,TB,D.Jones,00-0032388,3rd_down_stop,3.0,14.0,,0.0,-0.8977988986298442
2025,15,2025_15_ATL_TB,4340.0,ATL,D.Deablo,00-0036990,3rd_down_stop,3.0,14.0,,0.0,-0.5230293879285455
2025,15,2025_15_ATL_TB,4527.0,TB,D.Jones,00-0032388,3rd_down_stop,3.0,28.0,,0.0,0.03251308761537075
2025,15,2025_15_BAL_CIN,3449.0,BAL,R.Smith,00-0034874,3rd_down_stop,3.0,7.0,,0.0,-1.0982087455922738
2025,15,2025_15_BAL_CIN,3545.0,BAL,R.Smith,00-0034874,3rd_down_stop,3.0,6.0,,0.0,-0.3642400248791091
2025,15,2025_15_BAL_CIN,3570.0,BAL,R.Smith,00-0034874,4th_down_stop,4.0,1.0,,0.0,-3.309310593351256
2025,15,2025_15_BUF_NE,659.0,NE,J.Gibbens,00-0037596,3rd_down_stop,3.0,9.0,,0.0,-1.6349518606439233
2025,15,2025_15_CAR_NO,940.0,NO,D.Davis,00-0029607,3rd_down_stop,3.0,23.0,,0.0,-0.6900029839016497
2025,15,2025_15_CAR_NO,1574.0,CAR,C.Rozeboom,00-0035942,3rd_down_stop,3.0,1.0,,0.0,-1.3182434922782704
2025,15,2025_15_CAR_NO,1762.0,NO,P.Werner,00-0036927,3rd_down_stop,3.0,5.0,,0.0,-1.1981650188099593
2025,15,2025_15_CAR_NO,3427.0,CAR,C.Rozeboom,00-0035942,4th_down_stop,4.0,1.0,,0.0,-4.084914940758608
2025,15,2025_15_CAR_NO,3524.0,NO,D.Davis,00-0029607,3rd_down_stop,3.0,5.0,,0.0,-0.4995167588349432
2025,15,2025_15_CLE_CHI,992.0,CHI,T.Edwards,00-0035386,3rd_down_stop,3.0,16.0,,0.0,-0.42180107440799475
2025,15,2025_15_CLE_CHI,1909.0,CLE,C.Schwesinger,00-0040579,3rd_down_stop,3.0,10.0,,0.0,-0.5886961935902946
2025,15,2025_15_DET_LA,3618.0,LA,N.Landman,00-0037587,3rd_down_stop,3.0,11.0,,0.0,-1.0346944720808657
2025,15,2025_15_DET_LA,4394.0,DET,J.Campbell,00-0039018,3rd_down_stop,3.0,6.0,,0.0,-0.46040864451788366
2025,15,2025_15_GB_DEN,284.0,DEN,A.Singleton,00-0031898,3rd_down_stop,3.0,1.0,,0.0,-1.6248375559225678
2025,15,2025_15_GB_DEN,560.0,GB,E.Cooper,00-0039850,3rd_down_stop,3.0,5.0,,0.0,-1.4010608855169266
2025,15,2025_15_GB_DEN,3018.0,GB,E.Cooper,00-0039850,3rd_down_stop,3.0,13.0,,0.0,0.8114455859176815
2025,15,2025_15_GB_DEN,4313.0,GB,Q.Walker,00-0037074,3rd_down_stop,3.0,4.0,,0.0,-0.5013785818591714
2025,15,2025_15_GB_DEN,4365.0,GB,E.Cooper,00-0039850,4th_down_stop,4.0,1.0,,0.0,-1.4607736217440106
2025,15,2025_15_IND_SEA,315.0,IND,Z.Franklin,00-0034431,3rd_down_stop,3.0,9.0,,0.0,-0.8501327987760305
2025,15,2025_15_IND_SEA,1333.0,SEA,E.Jones,00-0036994,3rd_down_stop,3.0,10.0,,0.0,0.3045872552320361
2025,15,2025_15_IND_SEA,2865.0,SEA,E.Jones,00-0036994,3rd_down_stop,3.0,7.0,,0.0,-1.1463762912899256
2025,15,2025_15_LAC_KC,637.0,KC,D.Tranquill,00-0035262,3rd_down_stop,3.0,2.0,,0.0,-1.5422185918992113
2025,15,2025_15_LAC_KC,1460.0,KC,D.Tranquill,00-0035262,3rd_down_stop,3.0,2.0,,0.0,-1.1618411605013534
2025,15,2025_15_LAC_KC,1566.0,KC,N.Bolton,00-0036621,3rd_down_stop,3.0,16.0,,0.0,-0.9646397582255304
2025,15,2025_15_LV_PHI,3194.0,LV,D.White,00-0035707,3rd_down_stop,3.0,2.0,,0.0,-0.4358062086685095
2025,15,2025_15_LV_PHI,3216.0,LV,T.Eichenberg,00-0039374,4th_down_stop,4.0,1.0,,0.0,-4.19074807188008
2025,15,2025_15_MIA_PIT,246.0,MIA,J.Brooks,00-0036409,3rd_down_stop,3.0,8.0,,0.0,0.11012871330603957
2025,15,2025_15_MIA_PIT,695.0,MIA,J.Brooks,00-0036409,3rd_down_stop,3.0,11.0,,0.0,-2.4457759347278625
2025,15,2025_15_MIA_PIT,865.0,PIT,P.Queen,00-0036323,3rd_down_stop,3.0,2.0,,0.0,-1.180723954923451
2025,15,2025_15_MIA_PIT,1196.0,PIT,P.Queen,00-0036323,3rd_down_stop,3.0,1.0,,0.0,-2.6771632918990056
2025,15,2025_15_MIA_PIT,2476.0,PIT,P.Wilson,00-0039741,3rd_down_stop,3.0,11.0,,0.0,-2.0138579902704805
2025,15,2025_15_MIA_PIT,3165.0,MIA,J.Brooks,00-0036409,3rd_down_stop,3.0,6.0,,0.0,-0.6307469333987683
2025,15,2025_15_MIN_DAL,156.0,MIN,E.Wilson,00-0033336,3rd_down_stop,3.0,8.0,,0.0,-0.8560328140156344
2025,15,2025_15_MIN_DAL,2651.0,MIN,B.Cashman,00-0035276,3rd_down_stop,3.0,13.0,,0.0,-0.0885984628694132
2025,15,2025_15_MIN_DAL,3621.0,MIN,E.Wilson,00-0033336,4th_down_stop,4.0,7.0,,0.0,-2.4306300622411072
2025,15,2025_15_MIN_DAL,3703.0,DAL,D.Overshown,00-0038556,3rd_down_stop,3.0,7.0,,0.0,-0.7454895823029801
2025,15,2025_15_NYJ_JAX,1941.0,NYJ,Q.Williams,00-0035680,3rd_down_stop,3.0,15.0,,0.0,0.05764863183431812
2025,15,2025_15_NYJ_JAX,3937.0,NYJ,J.Sherwood,00-0036500,3rd_down_stop,3.0,7.0,,0.0,-0.21125732990913093
2025,15,2025_15_TEN_SF,2681.0,TEN,C.Gray,00-0039858,3rd_down_stop,3.0,5.0,,0.0,-0.2300150622613728
2025,15,2025_15_WAS_NYG,1876.0,NYG,B.Okereke,00-0035687,3rd_down_stop,3.0,22.0,,0.0,-0.401261659222655
2025,15,2025_15_WAS_NYG,2012.0,WAS,B.Wagner,00-0029255,3rd_down_stop,3.0,23.0,,0.0,-0.3285882147029042
2025,15,2025_15_WAS_NYG,3050.0,WAS,B.Wagner,00-0029255,3rd_down_stop,3.0,3.0,,0.0,-1.0228962767869234
2025,16,2025_16_ATL_ARI,1951.0,ARI,C.Simon,00-0040645,3rd_down_stop,3.0,3.0,,0.0,-0.803266548900865
2025,16,2025_16_ATL_ARI,2623.0,ARI,C.Simon,00-0040645,3rd_down_stop,3.0,1.0,,0.0,-1.7518539229640737
2025,16,2025_16_ATL_ARI,3657.0,ARI,A.Davis-Gaither,00-0036298,3rd_down_stop,3.0,6.0,,0.0,-0.6662755128927529
2025,16,2025_16_BUF_CLE,1871.0,CLE,M.Diabate,00-0038711,3rd_down_stop,3.0,23.0,,0.0,0.5313570843427442
2025,16,2025_16_BUF_CLE,3344.0,CLE,C.Schwesinger,00-0040579,3rd_down_stop,3.0,9.0,,0.0,-1.8705502296797931
2025,16,2025_16_CIN_MIA,2230.0,MIA,T.Dodson,00-0035352,3rd_down_stop,3.0,1.0,,0.0,-1.2606196488486603
2025,16,2025_16_CIN_MIA,2230.0,MIA,J.Brooks,00-0036409,3rd_down_stop,3.0,1.0,,0.0,-1.2606196488486603
2025,16,2025_16_CIN_MIA,2655.0,CIN,B.Carter,00-0040157,3rd_down_stop,3.0,8.0,,0.0,-0.1843156658578664
2025,16,2025_16_CIN_MIA,3232.0,CIN,B.Carter,00-0040157,3rd_down_stop,3.0,10.0,,0.0,-0.8902555373497307
2025,16,2025_16_CIN_MIA,3339.0,MIA,T.Dodson,00-0035352,3rd_down_stop,3.0,8.0,,0.0,-0.9781011310406029
2025,16,2025_16_GB_CHI,283.0,CHI,T.Edmunds,00-0034673,3rd_down_stop,3.0,7.0,,0.0,-0.22550874314038083
2025,16,2025_16_GB_CHI,3292.0,CHI,T.Edwards,00-0035386,3rd_down_stop,3.0,6.0,,0.0,-1.0330414330570745
2025,16,2025_16_GB_CHI,4195.0,CHI,T.Edwards,00-0035386,3rd_down_stop,3.0,1.0,,0.0,-1.1471828676294535
2025,16,2025_16_JAX_DEN,660.0,JAX,F.Oluokun,00-0034413,3rd_down_stop,3.0,9.0,,0.0,-1.347994778915332
2025,16,2025_16_JAX_DEN,4381.0,DEN,J.Turner,00-0040634,3rd_down_stop,3.0,5.0,,0.0,-1.5988727715448476
2025,16,2025_16_KC_TEN,166.0,TEN,J.Williams,00-0039430,3rd_down_stop,3.0,20.0,,0.0,-0.49979111133143306
2025,16,2025_16_KC_TEN,286.0,KC,N.Bolton,00-0036621,3rd_down_stop,3.0,1.0,,0.0,-1.636947151273489
2025,16,2025_16_KC_TEN,286.0,KC,D.Tranquill,00-0035262,3rd_down_stop,3.0,1.0,,0.0,-1.636947151273489
2025,16,2025_16_KC_TEN,1064.0,KC,N.Bolton,00-0036621,3rd_down_stop,3.0,3.0,,0.0,-2.3622829492669553
2025,16,2025_16_KC_TEN,2735.0,KC,D.Tranquill,00-0035262,3rd_down_stop,3.0,8.0,,0.0,-0.3037615737412125
2025,16,2025_16_KC_TEN,2735.0,KC,N.Bolton,00-0036621,3rd_down_stop,3.0,8.0,,0.0,-0.3037615737412125
2025,16,2025_16_KC_TEN,2760.0,KC,D.Tranquill,00-0035262,4th_down_stop,4.0,1.0,,0.0,-3.4759995529893786
2025,16,2025_16_KC_TEN,3538.0,TEN,J.Williams,00-0039430,3rd_down_stop,3.0,13.0,,0.0,-1.6191389574669302
2025,16,2025_16_KC_TEN,3943.0,KC,D.Tranquill,00-0035262,3rd_down_stop,3.0,13.0,,0.0,-0.22323920594488378
2025,16,2025_16_LA_SEA,2348.0,SEA,E.Jones,00-0036994,3rd_down_stop,3.0,2.0,,0.0,-1.4901046882150695
2025,16,2025_16_LA_SEA,3762.0,SEA,E.Jones,00-0036994,3rd_down_stop,3.0,8.0,,0.0,-0.49392615305259824
2025,16,2025_16_LV_HOU,877.0,HOU,E.Speed,00-0034987,3rd_down_stop,3.0,1.0,,0.0,-1.893656014231965
2025,16,2025_16_LV_HOU,1029.0,LV,D.White,00-0035707,3rd_down_stop,3.0,13.0,,0.0,-1.1396317090839148
2025,16,2025_16_LV_HOU,2111.0,HOU,E.Speed,00-0034987,3rd_down_stop,3.0,10.0,,0.0,-0.2938476839917712
2025,16,2025_16_LV_HOU,2111.0,HOU,H.To'oTo'o,00-0038599,3rd_down_stop,3.0,10.0,,0.0,-0.2938476839917712
2025,16,2025_16_MIN_NYG,546.0,MIN,B.Cashman,00-0035276,3rd_down_stop,3.0,8.0,,0.0,-1.0310783094610088
2025,16,2025_16_MIN_NYG,1014.0,MIN,E.Wilson,00-0033336,3rd_down_stop,3.0,7.0,,0.0,-1.2229749343570129
2025,16,2025_16_MIN_NYG,2271.0,MIN,B.Cashman,00-0035276,3rd_down_stop,3.0,9.0,,0.0,-1.0451136641204357
2025,16,2025_16_MIN_NYG,3052.0,MIN,B.Cashman,00-0035276,3rd_down_stop,3.0,13.0,,0.0,-0.6938284498181799
2025,16,2025_16_MIN_NYG,3517.0,NYG,B.Okereke,00-0035687,3rd_down_stop,3.0,4.0,,0.0,-1.3170842970704033
2025,16,2025_16_NE_BAL,3656.0,NE,J.Gibbens,00-0037596,3rd_down_stop,3.0,7.0,,0.0,-1.1812246521003544
2025,16,2025_16_NYJ_NO,1009.0,NYJ,J.Sherwood,00-0036500,3rd_down_stop,3.0,6.0,,0.0,-2.182254439978414
2025,16,2025_16_NYJ_NO,1389.0,NYJ,J.Sherwood,00-0036500,4th_down_stop,4.0,1.0,,0.0,-3.4970008889213204
2025,16,2025_16_NYJ_NO,2533.0,NO,I.Stalbird,00-0039622,3rd_down_stop,3.0,6.0,,0.0,-2.4757265432272106
2025,16,2025_16_PHI_WAS,1484.0,PHI,Z.Baun,00-0036418,3rd_down_stop,3.0,4.0,,0.0,-0.047867518733255565
2025,16,2025_16_PHI_WAS,3298.0,PHI,Z.Baun,00-0036418,3rd_down_stop,3.0,1.0,,0.0,-2.3090259293094277
2025,16,2025_16_PIT_DET,2911.0,DET,D.Barnes,00-0036964,3rd_down_stop,3.0,2.0,,0.0,-0.9055000427179039
2025,16,2025_16_SF_IND,4116.0,SF,E.Kendricks,00-0031554,3rd_down_stop,3.0,1.0,,0.0,-1.2633420616621152
2025,16,2025_16_TB_CAR,1412.0,CAR,C.Rozeboom,00-0035942,3rd_down_stop,3.0,13.0,,0.0,-1.106592622352764
2025,17,2025_17_ARI_CIN,836.0,ARI,C.Simon,00-0040645,3rd_down_stop,3.0,2.0,,0.0,-0.8184201422845945
2025,17,2025_17_ARI_CIN,3421.0,CIN,B.Carter,00-0040157,4th_down_stop,4.0,7.0,,0.0,-2.9523678537807427
2025,17,2025_17_BAL_GB,1097.0,BAL,R.Smith,00-0034874,4th_down_stop,4.0,1.0,,0.0,-3.3514480114681646
2025,17,2025_17_BAL_GB,2344.0,BAL,T.Simpson,00-0038504,3rd_down_stop,3.0,7.0,,0.0,-1.3808361476142972
2025,17,2025_17_BAL_GB,3603.0,GB,Q.Walker,00-0037074,3rd_down_stop,3.0,4.0,,0.0,-1.2946604568278417
2025,17,2025_17_BAL_GB,3908.0,BAL,J.Higgins,00-0040100,3rd_down_stop,3.0,13.0,,0.0,-0.4636863562045619
2025,17,2025_17_CHI_SF,3034.0,SF,D.Winters,00-0038625,3rd_down_stop,3.0,11.0,,0.0,-0.22188150451984257
2025,17,2025_17_DAL_WAS,820.0,WAS,F.Luvu,00-0034302,3rd_down_stop,3.0,2.0,,0.0,-1.3359846724197268
2025,17,2025_17_DAL_WAS,1031.0,WAS,F.Luvu,00-0034302,3rd_down_stop,3.0,1.0,,0.0,-1.0794224773999304
2025,17,2025_17_DAL_WAS,3606.0,DAL,K.Murray,00-0036441,3rd_down_stop,3.0,1.0,,0.0,-2.175734276184812
2025,17,2025_17_DEN_KC,3234.0,KC,N.Bolton,00-0036621,3rd_down_stop,3.0,5.0,,0.0,-1.0869442959083244
2025,17,2025_17_DET_MIN,117.0,DET,A.Anzalone,00-0033914,3rd_down_stop,3.0,9.0,,0.0,-2.226402497384697
2025,17,2025_17_DET_MIN,235.0,MIN,B.Cashman,00-0035276,3rd_down_stop,3.0,13.0,,0.0,-0.29935396020300686
2025,17,2025_17_DET_MIN,1465.0,MIN,E.Wilson,00-0033336,3rd_down_stop,3.0,5.0,,0.0,-0.29149795410921797
2025,17,2025_17_DET_MIN,1765.0,DET,J.Campbell,00-0039018,3rd_down_stop,3.0,16.0,,0.0,-0.1423731746035628
2025,17,2025_17_HOU_LAC,1070.0,LAC,D.Henley,00-0038553,3rd_down_stop,3.0,17.0,,0.0,-1.1102162334136665
2025,17,2025_17_HOU_LAC,2038.0,HOU,H.To'oTo'o,00-0038599,3rd_down_stop,3.0,14.0,,0.0,-0.1397606972415475
2025,17,2025_17_HOU_LAC,2610.0,LAC,D.Henley,00-0038553,3rd_down_stop,3.0,23.0,,0.0,0.07418520911626114
2025,17,2025_17_HOU_LAC,3428.0,HOU,H.To'oTo'o,00-0038599,3rd_down_stop,3.0,9.0,,0.0,-1.3823083462193608
2025,17,2025_17_JAX_IND,3176.0,JAX,F.Oluokun,00-0034413,3rd_down_stop,3.0,20.0,,0.0,-0.7417200012132525
2025,17,2025_17_JAX_IND,3404.0,IND,Z.Franklin,00-0034431,3rd_down_stop,3.0,4.0,,0.0,-0.4679243143182248
2025,17,2025_17_LA_ATL,1602.0,LA,N.Landman,00-0037587,3rd_down_stop,3.0,9.0,,0.0,-0.630915250396356
2025,17,2025_17_LA_ATL,2644.0,LA,N.Landman,00-0037587,3rd_down_stop,3.0,2.0,,0.0,-2.0972848386563205
2025,17,2025_17_NE_NYJ,1206.0,NE,J.Gibbens,00-0037596,3rd_down_stop,3.0,8.0,,0.0,-1.1903463483187986
2025,17,2025_17_NE_NYJ,1532.0,NYJ,Q.Williams,00-0035680,3rd_down_stop,3.0,1.0,,0.0,-2.7422430501901545
2025,17,2025_17_NE_NYJ,2142.0,NE,J.Gibbens,00-0037596,3rd_down_stop,3.0,13.0,,0.0,-0.06570667040068656
2025,17,2025_17_NE_NYJ,2765.0,NE,M.Mapu,00-0039054,3rd_down_stop,3.0,20.0,,0.0,-0.9135259171016514
2025,17,2025_17_NE_NYJ,3587.0,NE,C.Muma,00-0037811,3rd_down_stop,3.0,3.0,,0.0,-1.665256208681967
2025,17,2025_17_NE_NYJ,3990.0,NE,J.Tavai,00-0035240,4th_down_stop,4.0,8.0,,0.0,-2.414927751990035
2025,17,2025_17_NO_TEN,796.0,TEN,C.Barton,00-0035672,3rd_down_stop,3.0,8.0,,0.0,-0.6320213689468801
2025,17,2025_17_NO_TEN,3551.0,NO,D.Davis,00-0029607,3rd_down_stop,3.0,9.0,,0.0,-1.8284320211969316
2025,17,2025_17_NYG_LV,654.0,NYG,D.Muasau,00-0039829,3rd_down_stop,3.0,3.0,,0.0,-1.0816234385129064
2025,17,2025_17_NYG_LV,2742.0,NYG,B.Okereke,00-0035687,3rd_down_stop,3.0,11.0,,0.0,-0.31082781415898353
2025,17,2025_17_NYG_LV,3714.0,NYG,D.Flannigan-Fowles,00-0035020,3rd_down_stop,3.0,6.0,,0.0,-1.5837198441731744
2025,17,2025_17_NYG_LV,3789.0,NYG,D.Flannigan-Fowles,00-0035020,4th_down_stop,4.0,16.0,,0.0,0.06798984529450536
2025,17,2025_17_PHI_BUF,1488.0,BUF,T.Bernard,00-0037254,3rd_down_stop,3.0,9.0,,0.0,-0.6520634690932448
2025,17,2025_17_PHI_BUF,2915.0,PHI,Z.Baun,00-0036418,4th_down_stop,4.0,3.0,,0.0,-1.8980934571591206
2025,17,2025_17_PHI_BUF,3848.0,PHI,J.Campbell,00-0040708,3rd_down_stop,3.0,9.0,,0.0,-1.062869491870515
2025,17,2025_17_PIT_CLE,2381.0,PIT,P.Wilson,00-0039741,3rd_down_stop,3.0,15.0,,0.0,-0.9364478434436023
2025,17,2025_17_PIT_CLE,3116.0,PIT,P.Wilson,00-0039741,3rd_down_stop,3.0,9.0,,0.0,-0.6970869160722941
2025,17,2025_17_PIT_CLE,3330.0,PIT,M.Harrison,00-0036280,3rd_down_stop,3.0,1.0,,0.0,-1.0637678573839366
2025,17,2025_17_SEA_CAR,136.0,SEA,D.Thomas,00-0038922,3rd_down_stop,3.0,12.0,,0.0,-1.0444810413755476
2025,17,2025_17_SEA_CAR,136.0,SEA,E.Jones,00-0036994,3rd_down_stop,3.0,12.0,,0.0,-1.0444810413755476
2025,17,2025_17_SEA_CAR,436.0,SEA,E.Jones,00-0036994,3rd_down_stop,3.0,5.0,,0.0,-1.4994160328060389
2025,17,2025_17_SEA_CAR,2027.0,CAR,C.Rozeboom,00-0035942,4th_down_stop,4.0,1.0,,0.0,-1.4100091850850731
2025,17,2025_17_TB_MIA,291.0,MIA,J.Brooks,00-0036409,3rd_down_stop,3.0,2.0,,0.0,-1.4182955699507147
2025,17,2025_17_TB_MIA,899.0,MIA,T.Dodson,00-0035352,3rd_down_stop,3.0,1.0,,0.0,-1.7483649081550539
2025,17,2025_17_TB_MIA,2287.0,TB,L.David,00-0029562,3rd_down_stop,3.0,24.0,,0.0,-0.8806746602058411
2025,17,2025_17_TB_MIA,2614.0,MIA,T.Dodson,00-0035352,3rd_down_stop,3.0,8.0,,0.0,-1.175133078332077
2025,17,2025_17_TB_MIA,3894.0,TB,S.Dennis,00-0039049,3rd_down_stop,3.0,5.0,,0.0,-0.6481351482216269
2025,18,2025_18_BAL_PIT,814.0,BAL,T.Simpson,00-0038504,3rd_down_stop,3.0,3.0,,0.0,-1.1759172377642244
2025,18,2025_18_BAL_PIT,839.0,BAL,R.Smith,00-0034874,4th_down_stop,4.0,1.0,,0.0,-3.3335441041272134
2025,18,2025_18_BAL_PIT,1342.0,PIT,P.Wilson,00-0039741,3rd_down_stop,3.0,20.0,,0.0,-0.603792826179415
2025,18,2025_18_CAR_TB,2188.0,TB,L.David,00-0029562,3rd_down_stop,3.0,17.0,,0.0,-0.3409886293924329
2025,18,2025_18_CAR_TB,2283.0,CAR,C.Rozeboom,00-0035942,3rd_down_stop,3.0,10.0,,0.0,-0.7080185562372208
2025,18,2025_18_CAR_TB,2804.0,CAR,C.Rozeboom,00-0035942,3rd_down_stop,3.0,8.0,,0.0,-1.1806640868481855
2025,18,2025_18_CLE_CIN,1659.0,CIN,B.Carter,00-0040157,3rd_down_stop,3.0,10.0,,0.0,-0.7710570972412825
2025,18,2025_18_CLE_CIN,2054.0,CIN,B.Carter,00-0040157,3rd_down_stop,3.0,10.0,,0.0,-0.046738733217353
2025,18,2025_18_CLE_CIN,2694.0,CLE,D.Bush,00-0035525,3rd_down_stop,3.0,17.0,,0.0,-0.8152926075272262
2025,18,2025_18_DAL_NYG,1341.0,DAL,L.Wilson,00-0036294,3rd_down_stop,3.0,5.0,,0.0,-1.3153300872904103
2025,18,2025_18_DAL_NYG,2304.0,NYG,B.Okereke,00-0035687,3rd_down_stop,3.0,16.0,,0.0,-0.023715991294011474
2025,18,2025_18_DAL_NYG,2766.0,NYG,D.Flannigan-Fowles,00-0035020,3rd_down_stop,3.0,13.0,,0.0,-0.7850778540243881
2025,18,2025_18_DET_CHI,1620.0,DET,J.Campbell,00-0039018,3rd_down_stop,3.0,13.0,,0.0,0.3502544004586525
2025,18,2025_18_GB_MIN,472.0,GB,J.Johnson,00-0040037,3rd_down_stop,3.0,1.0,,0.0,-1.866639353800565
2025,18,2025_18_GB_MIN,1194.0,MIN,B.Cashman,00-0035276,3rd_down_stop,3.0,3.0,,0.0,-1.8048796115908772
2025,18,2025_18_IND_HOU,606.0,IND,Z.Franklin,00-0034431,3rd_down_stop,3.0,16.0,,0.0,0.27402663078332434
2025,18,2025_18_KC_LV,597.0,LV,T.Eichenberg,00-0039374,3rd_down_stop,3.0,8.0,,0.0,-0.8546576013240159
2025,18,2025_18_KC_LV,1358.0,KC,N.Bolton,00-0036621,3rd_down_stop,3.0,7.0,,0.0,-0.9720778649864763
2025,18,2025_18_KC_LV,1358.0,KC,D.Tranquill,00-0035262,3rd_down_stop,3.0,7.0,,0.0,-0.9720778649864763
2025,18,2025_18_KC_LV,2165.0,LV,D.White,00-0035707,3rd_down_stop,3.0,15.0,,0.0,-0.42715045309159905
2025,18,2025_18_KC_LV,2360.0,KC,N.Bolton,00-0036621,4th_down_stop,4.0,1.0,,0.0,-4.154118268750608
2025,18,2025_18_KC_LV,3915.0,LV,D.White,00-0035707,3rd_down_stop,3.0,3.0,,0.0,-0.7234107082557708
2025,18,2025_18_LAC_DEN,2703.0,DEN,J.Strnad,00-0036428,3rd_down_stop,3.0,8.0,,0.0,-1.9653768215794116
2025,18,2025_18_LAC_DEN,3065.0,LAC,M.Wax,00-0040460,3rd_down_stop,3.0,1.0,,0.0,-1.994982959702611
2025,18,2025_18_LAC_DEN,3499.0,DEN,A.Singleton,00-0031898,3rd_down_stop,3.0,17.0,,0.0,-0.5684068910777569
2025,18,2025_18_LAC_DEN,3878.0,DEN,J.Strnad,00-0036428,3rd_down_stop,3.0,10.0,,0.0,-0.4028419575188309
2025,18,2025_18_LAC_DEN,3878.0,DEN,J.Turner,00-0040634,3rd_down_stop,3.0,10.0,,0.0,-0.4028419575188309
2025,18,2025_18_MIA_NE,1345.0,MIA,T.Dodson,00-0035352,3rd_down_stop,3.0,7.0,,0.0,-0.6220810790546238
2025,18,2025_18_MIA_NE,1370.0,MIA,T.Dodson,00-0035352,4th_down_stop,4.0,1.0,,0.0,-3.2985827770316973
2025,18,2025_18_MIA_NE,1370.0,MIA,J.Brooks,00-0036409,4th_down_stop,4.0,1.0,,0.0,-3.2985827770316973
2025,18,2025_18_MIA_NE,1696.0,MIA,T.Dodson,00-0035352,3rd_down_stop,3.0,15.0,,0.0,0.19341906194330027
2025,18,2025_18_MIA_NE,3145.0,NE,J.Tavai,00-0035240,3rd_down_stop,3.0,18.0,,0.0,-1.1170066613703966
2025,18,2025_18_MIA_NE,3481.0,MIA,W.Gay,00-0036362,3rd_down_stop,3.0,3.0,,0.0,-1.0036840117536485
2025,18,2025_18_NO_ATL,235.0,NO,D.Davis,00-0029607,3rd_down_stop,3.0,15.0,,0.0,0.4499614399392158
2025,18,2025_18_NO_ATL,460.0,ATL,K.Elliss,00-0035316,3rd_down_stop,3.0,8.0,,0.0,-0.5136858527548611
2025,18,2025_18_NO_ATL,1863.0,NO,P.Werner,00-0036927,3rd_down_stop,3.0,17.0,,0.0,0.03572590462863445
2025,18,2025_18_NO_ATL,4055.0,NO,D.Davis,00-0029607,3rd_down_stop,3.0,4.0,,0.0,-0.9398213154359998
2025,18,2025_18_NYJ_BUF,2833.0,BUF,J.Andreessen,00-0039763,3rd_down_stop,3.0,5.0,,0.0,-0.8267314778640866
2025,18,2025_18_NYJ_BUF,2833.0,BUF,K.Jenkins,00-0040362,3rd_down_stop,3.0,5.0,,0.0,-0.8267314778640866
2025,18,2025_18_SEA_SF,678.0,SEA,E.Jones,00-0036994,3rd_down_stop,3.0,9.0,,0.0,-0.7417910280637443
2025,18,2025_18_TEN_JAX,2512.0,JAX,F.Oluokun,00-0034413,3rd_down_stop,3.0,6.0,,0.0,-0.6055204560980201
2025,18,2025_18_WAS_PHI,423.0,PHI,J.Trotter,00-0039826,3rd_down_stop,3.0,7.0,,0.0,-1.148732346482575
2025,18,2025_18_WAS_PHI,2113.0,WAS,B.Wagner,00-0029255,3rd_down_stop,3.0,1.0,,0.0,-1.8175067105330527
2025,18,2025_18_WAS_PHI,4035.0,PHI,J.Trotter,00-0039826,3rd_down_stop,3.0,3.0,,0.0,-0.6793283122242428
2025,19,2025_19_BUF_JAX,1105.0,BUF,S.Thompson,00-0031550,4th_down_stop,4.0,2.0,,0.0,-3.0961220101453364
2025,19,2025_19_BUF_JAX,1802.0,JAX,F.Oluokun,00-0034413,3rd_down_stop,3.0,8.0,,0.0,-1.0129969660774805
2025,19,2025_19_GB_CHI,925.0,GB,E.Cooper,00-0039850,3rd_down_stop,3.0,7.0,,0.0,-1.755522363819182
2025,19,2025_19_GB_CHI,1662.0,CHI,T.Edmunds,00-0034673,3rd_down_stop,3.0,1.0,,0.0,-1.111252560338471
2025,19,2025_19_GB_CHI,2747.0,GB,Q.Walker,00-0037074,3rd_down_stop,3.0,4.0,,0.0,-0.4531038557761349
2025,19,2025_19_GB_CHI,2923.0,CHI,D.Jackson,00-0037271,3rd_down_stop,3.0,20.0,,0.0,-0.26471158768981695
2025,19,2025_19_HOU_PIT,570.0,HOU,H.To'oTo'o,00-0038599,3rd_down_stop,3.0,10.0,,0.0,-1.0042706994534392
2025,19,2025_19_HOU_PIT,881.0,HOU,A.Al-Shaair,00-0035166,3rd_down_stop,3.0,10.0,,0.0,-1.153555983910337
2025,19,2025_19_HOU_PIT,1455.0,HOU,H.To'oTo'o,00-0038599,3rd_down_stop,3.0,21.0,,0.0,-0.3636424271389842
2025,19,2025_19_HOU_PIT,1631.0,HOU,H.To'oTo'o,00-0038599,3rd_down_stop,3.0,14.0,,0.0,0.2796416526543908
2025,19,2025_19_HOU_PIT,1631.0,HOU,A.Al-Shaair,00-0035166,3rd_down_stop,3.0,14.0,,0.0,0.2796416526543908
2025,19,2025_19_HOU_PIT,3940.0,HOU,H.To'oTo'o,00-0038599,3rd_down_stop,3.0,10.0,,0.0,-0.6021302341250703
2025,19,2025_19_LAC_NE,1184.0,NE,J.Gibbens,00-0037596,3rd_down_stop,3.0,2.0,,0.0,-1.9349276730365865
2025,19,2025_19_LAC_NE,1184.0,NE,R.Spillane,00-0034720,3rd_down_stop,3.0,2.0,,0.0,-1.9349276730365865
2025,19,2025_19_LA_CAR,552.0,CAR,C.Cherelus,00-0038493,3rd_down_stop,3.0,1.0,,0.0,-2.148641377221793
2025,19,2025_19_LA_CAR,2702.0,LA,N.Landman,00-0037587,3rd_down_stop,3.0,7.0,,0.0,-1.3257065903536598
2025,19,2025_19_LA_CAR,3994.0,CAR,C.Rozeboom,00-0035942,3rd_down_stop,3.0,16.0,,0.0,-0.45599076710641384
2025,19,2025_19_SF_PHI,2484.0,SF,G.Wallow,00-0036844,3rd_down_stop,3.0,19.0,,0.0,-0.9504090533591807
2025,19,2025_19_SF_PHI,3449.0,SF,G.Wallow,00-0036844,3rd_down_stop,3.0,10.0,,0.0,-0.7764896213583943
2025,20,2025_20_HOU_NE,102.0,HOU,H.To'oTo'o,00-0038599,3rd_down_stop,3.0,10.0,,0.0,-0.8473286875523627
2025,20,2025_20_HOU_NE,1768.0,HOU,A.Al-Shaair,00-0035166,3rd_down_stop,3.0,13.0,,0.0,-0.8772510548587888
2025,20,2025_20_HOU_NE,1768.0,HOU,H.To'oTo'o,00-0038599,3rd_down_stop,3.0,13.0,,0.0,-0.8772510548587888
2025,20,2025_20_HOU_NE,3479.0,NE,R.Spillane,00-0034720,3rd_down_stop,3.0,13.0,,0.0,0.32670618860206146
2025,20,2025_20_LA_CHI,2972.0,LA,N.Landman,00-0037587,3rd_down_stop,3.0,1.0,,0.0,-2.210273125441745
2025,20,2025_20_SF_SEA,574.0,SF,D.Winters,00-0038625,3rd_down_stop,3.0,2.0,,0.0,-1.9149161954248282
2025,20,2025_20_SF_SEA,2387.0,SF,E.Kendricks,00-0031554,3rd_down_stop,3.0,13.0,,0.0,-0.37767408253732526
2025,20,2025_20_SF_SEA,3250.0,SF,C.Robinson,00-0036728,3rd_down_stop,3.0,8.0,,0.0,-1.474715102929622
2025,20,2025_20_SF_SEA,3507.0,SF,E.Kendricks,00-0031554,3rd_down_stop,3.0,1.0,,0.0,-1.101299672620371
2025,21,2025_21_NE_DEN,1495.0,NE,C.Elliss,00-0036813,3rd_down_stop,3.0,4.0,,0.0,-5.228765919979196
2025,21,2025_21_NE_DEN,1765.0,NE,J.Gibbens,00-0037596,3rd_down_stop,3.0,18.0,,0.0,-0.2180224756593816
2025,21,2025_21_NE_DEN,1869.0,DEN,J.Strnad,00-0036428,3rd_down_stop,3.0,5.0,,0.0,-0.27447802759706974
2025,21,2025_21_NE_DEN,2955.0,DEN,J.Strnad,00-0036428,3rd_down_stop,3.0,7.0,,0.0,-1.2256457017893951
2025,21,2025_21_NE_DEN,2955.0,DEN,A.Singleton,00-0031898,3rd_down_stop,3.0,7.0,,0.0,-1.2256457017893951
2025,21,2025_21_NE_DEN,3654.0,DEN,A.Singleton,00-0031898,3rd_down_stop,3.0,10.0,,0.0,-1.0170810935087502
2025,22,2025_22_SEA_NE,2644.0,NE,J.Tavai,00-0035240,3rd_down_stop,3.0,14.0,,0.0,-0.39881296176463366
2025,22,2025_22_SEA_NE,2644.0,NE,C.Elliss,00-0036813,3rd_down_stop,3.0,14.0,,0.0,-0.39881296176463366
